sample_id,model,gt_label,pred_label,iou,area_rel_error,length_rel_error,width_rel_error,aspect_ratio_rel_error,mean_intensity_rel_error,integrated_intensity_rel_error,orientation_abs_error_deg
GT_sfGFP_00025_1,Cellpose-SAM cpsam_v2,298,341,0.7251655629139073,0.07569721115537849,0.17879995866999876,0.09733003417273443,0.3059036007580796,8.842769786177982e-05,0.07560208972739968,15.265675624520005
GT_sfGFP_00025_1,Cellpose-SAM cpsam_v2,324,367,0.7213114754098361,0.25806451612903225,0.0010473779797333844,0.26855624046132504,0.2125279194109786,0.01017881101358621,0.24525891517645607,2.657081049321683
GT_sfGFP_00025_1,Cellpose-SAM cpsam_v2,712,731,0.6914893617021277,0.16818181818181818,0.06238763517383326,0.09364519796012317,0.028581081729789286,0.008264967282866603,0.15852683367410583,8.669266798809037
GT_sfGFP_00025_1,Cellpose-SAM cpsam_v2,592,624,0.671264367816092,0.4897260273972603,0.2381236312626877,0.20619003647783113,0.026474762532531927,0.024614894010168826,0.45305657912868685,4.130449054404016
GT_sfGFP_00025_1,Cellpose-SAM cpsam_v2,541,567,0.6608391608391608,0.5,0.30869894773536477,0.1671583941349921,0.1212693618206563,0.022035857926996666,0.466946213109505,0.8748399593693935
GT_sfGFP_00025_1,Cellpose-SAM cpsam_v2,511,539,0.6605839416058394,0.4594594594594595,0.027133238790870748,0.5192012657322397,0.35961956907650594,0.01366136817066574,0.43952124645362295,7.298805284249453
GT_sfGFP_00025_1,Cellpose-SAM cpsam_v2,432,456,0.6599326599326599,0.5153061224489796,0.08840120635360497,0.42671716558481126,0.2371289610807553,0.029133285358180903,0.47116027677867484,1.7798506364011388
GT_sfGFP_00025_1,Cellpose-SAM cpsam_v2,388,418,0.6538461538461539,0.4927536231884058,0.3658524978847375,0.0797922507149999,0.2649215596614244,0.03733039678467045,0.43702853813302817,0.02403941041587166
GT_sfGFP_00025_1,Cellpose-SAM cpsam_v2,90,120,0.648854961832061,0.5411764705882353,0.26368814924216477,0.21092061312626034,0.04357637944544798,0.03646904535227195,0.4849712359864985,5.98713711208821
GT_sfGFP_00025_1,Cellpose-SAM cpsam_v2,467,499,0.6487455197132617,0.5414364640883977,0.18399698155428662,0.31793077257697044,0.10162429909789648,0.03536612776246995,0.4869218251617176,4.9132282760526715
GT_sfGFP_00025_1,Cellpose-SAM cpsam_v2,454,484,0.6449704142011834,0.5504587155963303,0.13880037915630325,0.38006678910569813,0.1748222708161384,0.05012713964606036,0.47273865504418167,8.161539336982306
GT_sfGFP_00025_1,Cellpose-SAM cpsam_v2,437,465,0.6436363636363637,0.5393258426966292,0.2626351735680769,0.23082812173353068,0.025841993104405405,0.03342415240385824,0.4878751811311396,8.665199109449883
GT_sfGFP_00025_1,Cellpose-SAM cpsam_v2,411,438,0.625,0.6,0.2813178975572262,0.24854874842191957,0.0262457907043875,0.01729336571099802,0.5723306148624032,2.559158234422739
GT_sfGFP_00025_1,Cellpose-SAM cpsam_v2,410,440,0.6187050359712231,0.6162790697674418,0.32143446982290247,0.2134146300342001,0.08902137580594185,0.01606963304639407,0.5903060582157119,4.889207046946382
GT_sfGFP_00025_1,Cellpose-SAM cpsam_v2,368,397,0.6175115207373272,0.6194029850746269,0.11834881006253035,0.4150406199478611,0.20967017179779815,0.020828585868001424,0.5856731109451022,1.5315979233234571
GT_sfGFP_00025_1,Cellpose-SAM cpsam_v2,502,538,0.6158038147138964,0.6123348017621145,0.28272004183635263,0.2504840115328576,0.025778842437161494,0.03578278310680252,0.5546409752551114,3.3591001541319936
GT_sfGFP_00025_1,Cellpose-SAM cpsam_v2,339,372,0.6129032258064516,0.44565217391304346,0.5781627040849636,0.05498316910197209,0.6699837002747047,0.021510390673792228,0.4145556308737569,1.950336137804149
GT_sfGFP_00025_1,Cellpose-SAM cpsam_v2,306,347,0.6111111111111112,0.6047904191616766,0.3084289042985959,0.21852740756028358,0.07377880561448487,0.03128750011282056,0.5545805387411024,13.314954168738
GT_sfGFP_00025_1,Cellpose-SAM cpsam_v2,478,506,0.6084656084656085,0.5654008438818565,0.19842491847345756,0.28372594239913485,0.06644800195145971,0.020677809737858856,0.5330317830685838,4.6630209921345855
GT_sfGFP_00025_1,Cellpose-SAM cpsam_v2,153,184,0.6074074074074074,0.6463414634146342,0.23248592539290677,0.3282805538594889,0.07211927343830987,0.04446144049335521,0.573142750407281,1.3487903684651015
GT_sfGFP_00025_1,Cellpose-SAM cpsam_v2,352,385,0.6060606060606061,0.5067567567567568,0.08511734621689801,0.34713474497333274,0.19449977051970505,0.027021133387307956,0.4660424814502049,23.785328450189077
GT_sfGFP_00025_1,Cellpose-SAM cpsam_v2,503,531,0.6059602649006622,0.5661375661375662,0.4128920602764598,0.14025078538628877,0.2391064127158719,0.02448785017210488,0.5277862240690844,9.609980650324502
GT_sfGFP_00025_1,Cellpose-SAM cpsam_v2,102,139,0.6047619047619047,0.553030303030303,0.3667558089018445,0.1423041839118227,0.1964902415233977,0.027081837681826322,0.5109713884486788,11.631771447707116
GT_sfGFP_00025_1,Cellpose-SAM cpsam_v2,210,258,0.6025236593059937,0.6596858638743456,0.3227254087375047,0.2539531896356362,0.0548443272606148,0.03418303387085521,0.6029527657745493,9.536810548833296
GT_sfGFP_00025_1,Cellpose-SAM cpsam_v2,687,704,0.6017191977077364,0.6,0.11017584003888341,0.42452632555175707,0.22067018339665803,0.029839673411772256,0.5522565225411644,3.8802969842825554
GT_sfGFP_00025_1,Cellpose-SAM cpsam_v2,520,551,0.6004672897196262,0.6550387596899225,0.3601551686362265,0.21008382050298624,0.124017316478838,0.013705764060168726,0.6323551889391781,5.509696819888126
GT_sfGFP_00025_1,Cellpose-SAM cpsam_v2,345,383,0.5972850678733032,0.46853146853146854,0.11983817984801474,0.3190013883417647,0.15099545023537544,0.008042540090877182,0.45672074532108947,18.0962392529392
GT_sfGFP_00025_1,Cellpose-SAM cpsam_v2,367,398,0.5951219512195122,0.6370967741935484,0.2911234364045584,0.2984986894340549,0.005679830938228308,0.02702854989381365,0.5928484223512567,28.540688380961015
GT_sfGFP_00025_1,Cellpose-SAM cpsam_v2,418,446,0.5948905109489051,0.4689265536723164,0.03722021256358271,0.37557396242143104,0.2459727787099447,0.009199491963827236,0.4554131756463555,2.928275439992624
GT_sfGFP_00025_1,Cellpose-SAM cpsam_v2,369,396,0.592274678111588,0.6884057971014492,0.252548815410302,0.3535867048641711,0.07464456402444349,0.02826289238379205,0.6406865657578004,11.0965670997509
GT_sfGFP_00025_1,Cellpose-SAM cpsam_v2,322,364,0.5902439024390244,0.43283582089552236,0.049220203593507275,0.5256598167974459,0.37680747310871665,0.022833263588001473,0.4001195029186845,3.327008489328304
GT_sfGFP_00025_1,Cellpose-SAM cpsam_v2,662,683,0.583941605839416,0.4245810055865922,0.12789633988739985,0.27682953724614645,0.1166429762268535,0.018660135232940463,0.45116387980111633,3.9398213859312925
GT_sfGFP_00025_1,Cellpose-SAM cpsam_v2,198,242,0.5825825825825826,0.6751269035532995,0.09715382602668972,0.5162378412104381,0.27639728002645453,0.033219046663063974,0.6194807847776086,8.423675225948525
GT_sfGFP_00025_1,Cellpose-SAM cpsam_v2,182,217,0.5814696485623003,0.578125,0.04447348439214815,0.5234982545125203,0.3144242329792807,0.033355271533537026,0.5254862121111369,2.9110852343748834
GT_sfGFP_00025_1,Cellpose-SAM cpsam_v2,383,412,0.581151832460733,0.7207207207207207,0.4347101536376062,0.17333009816186046,0.22276770696091744,0.01844006656471023,0.6889905160913544,11.556318313236227
GT_sfGFP_00025_1,Cellpose-SAM cpsam_v2,546,572,0.5808580858085809,0.6611111111111111,0.04119611875317052,0.576642333539219,0.3396117200431174,0.04577676607082603,0.5850708163601279,1.6424063185372428
GT_sfGFP_00025_1,Cellpose-SAM cpsam_v2,374,401,0.5806451612903226,0.7222222222222222,0.2606739537276617,0.37406311594848024,0.08252107265287362,0.02166505473205326,0.6849101835170194,14.743497953779277
GT_sfGFP_00025_1,Cellpose-SAM cpsam_v2,365,400,0.5776173285198556,0.5114942528735632,0.08420792181872142,0.406128499044101,0.2289410800252069,0.020687292495612068,0.4802255291589312,5.491778324431014
GT_sfGFP_00025_1,Cellpose-SAM cpsam_v2,644,663,0.5762331838565022,0.7354085603112841,0.19553856813526568,0.46900434015342984,0.18615722536912457,0.04442032503125539,0.6583211480002339,2.0339176802235115
GT_sfGFP_00025_1,Cellpose-SAM cpsam_v2,250,292,0.5751633986928104,0.7283018867924528,0.32530517343768356,0.3049994305412389,0.015559963032338578,0.029700031019048882,0.6769712671444362,7.5487791785817535
GT_sfGFP_00025_1,Cellpose-SAM cpsam_v2,689,707,0.5718654434250765,0.7486631016042781,0.3084201168612221,0.35016810410489624,0.030920584715894622,0.037458428497158275,0.6831609298472152,0.875785590906771
GT_sfGFP_00025_1,Cellpose-SAM cpsam_v2,564,589,0.5714285714285714,0.75,0.28127024850159055,0.422863127397958,0.0995126489469886,0.015432490845179548,0.7229931410209358,15.603923803524962
GT_sfGFP_00025_1,Cellpose-SAM cpsam_v2,157,192,0.5714285714285714,0.5340314136125655,0.23649303494944007,0.23373940474100754,0.0022319382827936155,0.029422124939473375,0.4888969497001796,24.572779645542795
GT_sfGFP_00025_1,Cellpose-SAM cpsam_v2,310,351,0.5709459459459459,0.7514792899408284,0.312434311186887,0.3322026146336884,0.01483881147631359,0.044203330063596495,0.6740580727880203,7.494619142409971
GT_sfGFP_00025_1,Cellpose-SAM cpsam_v2,404,431,0.5707070707070707,0.7522123893805309,0.33908294794227306,0.31262839875213927,0.02015387539632917,0.02091817269954901,0.7155593080131796,15.515140725920777
GT_sfGFP_00025_1,Cellpose-SAM cpsam_v2,390,415,0.5702005730659025,0.5253456221198156,0.24221128980858592,0.1685836395142557,0.06300588832899888,0.02342087267527971,0.48962069651835216,7.841544236278179
GT_sfGFP_00025_1,Cellpose-SAM cpsam_v2,669,689,0.5675675675675675,0.7619047619047619,0.18140427321732627,0.5151925445670246,0.22029429365036926,0.03725844599500465,0.6962589284849918,4.4457358757251315
GT_sfGFP_00025_1,Cellpose-SAM cpsam_v2,398,422,0.5675675675675675,0.23859649122807017,0.2087823736874288,0.011488830208195069,0.22283127457428364,0.008124193219558798,0.24865908844387458,2.9899182344607382
GT_sfGFP_00025_1,Cellpose-SAM cpsam_v2,241,284,0.5675675675675675,0.7248322147651006,0.5149793885804796,0.10822135609030886,0.36703681106198066,0.03138792956818604,0.6706933026911154,5.79918732131713
GT_sfGFP_00025_1,Cellpose-SAM cpsam_v2,181,226,0.5669856459330144,0.7291666666666666,0.24939274531514924,0.27800318336377694,0.022386828468864577,0.03048949421853024,0.6764452495804582,0.11698725751792247
GT_sfGFP_00025_1,Cellpose-SAM cpsam_v2,121,151,0.562753036437247,0.7769784172661871,0.29608704764684307,0.38595865312595484,0.06484436261962886,0.052864528838803194,0.6830392904806879,4.601945073322949
GT_sfGFP_00025_1,Cellpose-SAM cpsam_v2,389,416,0.5625,0.5297619047619048,0.00539569428350629,0.4976933166490536,0.3359092314427721,0.008282882070545948,0.5170910673087482,2.82474426432718
GT_sfGFP_00025_1,Cellpose-SAM cpsam_v2,422,449,0.5614617940199336,0.7167630057803468,0.31220943406495444,0.30196613734689043,0.007867560011151697,0.01279421394330652,0.6947983725944391,4.209975282224429
GT_sfGFP_00025_1,Cellpose-SAM cpsam_v2,424,450,0.5613496932515337,0.7814207650273224,0.4697650838984317,0.23247651786944298,0.19252988806568475,0.0344764697518606,0.7200036659065215,3.7171531457084486
GT_sfGFP_00025_1,Cellpose-SAM cpsam_v2,573,603,0.5604395604395604,0.7843137254901961,0.20867797610057862,0.5142761008961836,0.201811363604527,0.02401552783526992,0.7414624895488321,12.731567495712834
GT_sfGFP_00025_1,Cellpose-SAM cpsam_v2,359,391,0.5585284280936454,0.532608695652174,0.3341761535961,0.13788859675007176,0.17250155894579314,0.014820270977562451,0.5098950194800401,5.094026030844636
GT_sfGFP_00025_1,Cellpose-SAM cpsam_v2,519,550,0.5574912891986062,0.5254237288135594,0.10952460920193391,0.41157133984116573,0.2139790757392532,0.030100161160459767,0.4795082287382817,14.819416590928123
GT_sfGFP_00025_1,Cellpose-SAM cpsam_v2,364,393,0.555956678700361,0.5502958579881657,0.14945492454396056,0.33632633780305815,0.13983965441129984,0.035353750995091554,0.49548708425613025,20.373683485725742
GT_sfGFP_00025_1,Cellpose-SAM cpsam_v2,233,283,0.5522388059701493,0.8108108108108109,0.3262929545174304,0.35907253701000486,0.024119082388854986,0.030208932159898633,0.756108149872616,0.18023857731263848
GT_sfGFP_00025_1,Cellpose-SAM cpsam_v2,246,290,0.551622418879056,0.8128342245989305,0.335310855100381,0.4049878101666509,0.04959256910421523,0.032566209458667006,0.7537970855268015,8.488207930784458
GT_sfGFP_00025_1,Cellpose-SAM cpsam_v2,607,631,0.5486111111111112,0.8227848101265823,0.36012018347127367,0.3503653040032486,0.00722388189263021,0.04087830511748372,0.7482724564947132,11.7720131821451
GT_sfGFP_00025_1,Cellpose-SAM cpsam_v2,560,587,0.5483870967741935,0.8235294117647058,0.33352428942358775,0.3148778433254892,0.01418112427154389,0.06375753792123129,0.7072656661436371,14.831725498506206
GT_sfGFP_00025_1,Cellpose-SAM cpsam_v2,510,540,0.5472636815920398,0.8018018018018018,0.16655777336106306,0.5520448916662417,0.24837369097702328,0.03163220847592033,0.7448068315749183,2.6175709475278133
GT_sfGFP_00025_1,Cellpose-SAM cpsam_v2,200,240,0.5448275862068965,0.8176100628930818,0.5920810437904406,0.12981911679259472,0.40914684494819464,0.03279206749211089,0.7580068710363519,25.998941818795867
GT_sfGFP_00025_1,Cellpose-SAM cpsam_v2,514,549,0.5434782608695652,0.7572815533980582,0.23609905830224254,0.428304462657949,0.13456893077126506,0.045799062253874895,0.6767997061363946,22.073231176930978
GT_sfGFP_00025_1,Cellpose-SAM cpsam_v2,552,581,0.5420054200542005,0.845,0.14271687958314894,0.6067927313362502,0.28882122921178754,0.03196297097979399,0.7860283185422801,1.4937223964452189
GT_sfGFP_00025_1,Cellpose-SAM cpsam_v2,74,101,0.5415162454873647,0.8466666666666667,0.438705450762247,0.25850515236146276,0.14318598383380146,0.026013622285013027,0.798628177513676,22.64571600924215
GT_sfGFP_00025_1,Cellpose-SAM cpsam_v2,602,637,0.5402985074626866,0.850828729281768,0.2395720117998409,0.4481021932638847,0.1440023932247741,0.07373672583946442,0.7143546786949139,2.88921747359715
GT_sfGFP_00025_1,Cellpose-SAM cpsam_v2,400,426,0.5401069518716578,0.1984732824427481,0.15518170016561458,0.4247252392141063,0.40703071962114173,0.0024426222898803313,0.2014006999962688,4.131906082196858
GT_sfGFP_00025_1,Cellpose-SAM cpsam_v2,621,651,0.54,0.8518518518518519,0.2914000106603513,0.4423533436803214,0.10465766497604265,0.0434604349751351,0.771369564860861,8.462344478431639
GT_sfGFP_00025_1,Cellpose-SAM cpsam_v2,543,569,0.5391566265060241,0.8547486033519553,0.2690772444696399,0.47004633195636336,0.13670935610530732,0.0320977583328542,0.7952153309133654,4.07134035529091
GT_sfGFP_00025_1,Cellpose-SAM cpsam_v2,199,248,0.5380116959064327,0.8586956521739131,0.47827330357633163,0.28318804184201496,0.15203170180285647,0.024258540539760558,0.8136064083445755,13.864924983711207
GT_sfGFP_00025_1,Cellpose-SAM cpsam_v2,45,66,0.5374592833876222,0.8606060606060606,0.3523205462880344,0.38247001791973523,0.021808409036651707,0.05229494665205357,0.7633057659261792,9.349766787824741
GT_sfGFP_00025_1,Cellpose-SAM cpsam_v2,269,314,0.5373134328358209,0.6753246753246753,0.04073164207280212,0.5601033144164257,0.3329085115993747,0.035620490172261,0.6156487891919263,14.069431264441778
GT_sfGFP_00025_1,Cellpose-SAM cpsam_v2,466,488,0.5357917570498916,0.6319702602230484,0.21843425016893006,0.32334029118978047,0.07927366960657728,0.008272325147987057,0.6184700715986382,2.2484735434607446
GT_sfGFP_00025_1,Cellpose-SAM cpsam_v2,143,173,0.5357142857142857,0.8165938864628821,0.21053414936058518,0.4312654544482943,0.1542210806539684,0.029555842101763017,0.7629029243915572,2.6464951714218876
GT_sfGFP_00025_1,Cellpose-SAM cpsam_v2,55,79,0.5341614906832298,0.5729166666666666,0.24961674902947698,0.2213770682736715,0.02312118140200576,0.031278859888961195,0.5237176266329882,28.89387311723324
GT_sfGFP_00025_1,Cellpose-SAM cpsam_v2,544,570,0.5325670498084292,0.8169014084507042,0.27854382865421246,0.42564895602548397,0.10318467723034773,0.01867327657308936,0.7829739059446686,9.593800980867696
GT_sfGFP_00025_1,Cellpose-SAM cpsam_v2,679,699,0.5313653136531366,0.8819444444444444,0.30197350311904203,0.4516605280704099,0.10311434530105748,0.026760174364644892,0.8315832829665364,3.745559392250674
GT_sfGFP_00025_1,Cellpose-SAM cpsam_v2,574,604,0.5303514376996805,0.8855421686746988,0.5044401008282767,0.2458611906677477,0.2075503371462576,0.03456454335469431,0.8203692646384378,2.0171955696527353
GT_sfGFP_00025_1,Cellpose-SAM cpsam_v2,441,462,0.5298507462686567,0.7702702702702703,0.4854060041742483,0.18198303437450178,0.25670670472890167,0.035535123275534534,0.7073634979852024,6.434317703497447
GT_sfGFP_00025_1,Cellpose-SAM cpsam_v2,518,548,0.5291005291005291,0.89,0.2638027465462321,0.5211531764711227,0.1691811409301396,0.01805727276218685,0.8558717544794668,88.45925835276665
GT_sfGFP_00025_1,Cellpose-SAM cpsam_v2,741,753,0.5277777777777778,0.6699029126213593,0.35567481201301987,0.25958313473603983,0.07628847562897637,0.034623003562344365,0.6120858581289007,13.914155172688755
GT_sfGFP_00025_1,Cellpose-SAM cpsam_v2,576,606,0.5260273972602739,0.29218106995884774,0.2081556198658662,0.6277193569218581,0.513525242071476,0.015474307174106942,0.27218546315773834,1.193841657410805
GT_sfGFP_00025_1,Cellpose-SAM cpsam_v2,80,107,0.5253623188405797,0.903448275862069,0.3140839624807751,0.4593431564172386,0.09953737974355686,0.04284583821441305,0.8218934389849794,11.27906150763058
GT_sfGFP_00025_1,Cellpose-SAM cpsam_v2,461,496,0.5242424242424243,0.9075144508670521,0.2616007193813823,0.4958980256816552,0.15662652284971615,0.05406555753508614,0.8043836185746912,5.733815993661587
GT_sfGFP_00025_1,Cellpose-SAM cpsam_v2,221,267,0.524,0.9083969465648855,0.5117648073482811,0.28481814614019696,0.1766371854957597,0.03475659191545396,0.8420675726804314,18.292010951218657
GT_sfGFP_00025_1,Cellpose-SAM cpsam_v2,384,420,0.5238095238095238,0.9090909090909091,0.48425552293725865,0.2912844793961247,0.14944115461790256,0.03571652900788153,0.8409048082576807,5.711400437227496
GT_sfGFP_00025_1,Cellpose-SAM cpsam_v2,743,755,0.5209302325581395,0.9196428571428571,0.38579816920124,0.4123727311010991,0.018815544448483847,0.0197810527623082,0.8816703005009262,10.726894296931832
GT_sfGFP_00025_1,Cellpose-SAM cpsam_v2,87,113,0.52,0.5850340136054422,0.21526290422779962,0.30463833394998946,0.06850590496723513,0.027229990277335,0.5418735528257207,20.37214918942388
GT_sfGFP_00025_1,Cellpose-SAM cpsam_v2,763,769,0.5196078431372549,0.8181818181818182,0.3337321279078692,0.3253234491829756,0.006344623820001937,0.04108675105033504,0.7434786344539362,4.054078040767302
GT_sfGFP_00025_1,Cellpose-SAM cpsam_v2,133,171,0.5196078431372549,0.9245283018867925,0.4287001886478862,0.38235573063527617,0.03352571048503699,0.017963995899439773,0.8899560833633423,19.8603689259797
GT_sfGFP_00025_1,Cellpose-SAM cpsam_v2,604,632,0.519434628975265,0.9251700680272109,0.4905644814183341,0.3047831739092362,0.1423848124531541,0.04108708607696708,0.8460704397293763,14.309157547980343
GT_sfGFP_00025_1,Cellpose-SAM cpsam_v2,692,700,0.5194029850746269,0.7365591397849462,0.3075779562289745,0.3630133674019251,0.040671216070769255,0.026760710398195026,0.6900875835558226,1.3506005136138304
GT_sfGFP_00025_1,Cellpose-SAM cpsam_v2,393,421,0.5190217391304348,0.9267015706806283,0.5246420940310169,0.2333569501716397,0.23617262125035315,0.04164716132824208,0.8464599195351148,4.397019379965276
GT_sfGFP_00025_1,Cellpose-SAM cpsam_v2,709,729,0.518918918918919,0.9270833333333334,0.3025929220173048,0.4671857988498525,0.1121827085305586,0.06589615845063382,0.8000959446524244,0.43148769582330665
GT_sfGFP_00025_1,Cellpose-SAM cpsam_v2,529,557,0.5189003436426117,0.6467065868263473,0.4844356612686124,0.12035029456769585,0.32497458024180226,0.012795961932373956,0.6256353920275279,9.043592086378638
GT_sfGFP_00025_1,Cellpose-SAM cpsam_v2,351,381,0.5188284518828452,0.6691176470588235,0.15674280821755635,0.4947513393344034,0.22613027479698306,0.024242728005240664,0.6286536819324292,4.0934810986018055
GT_sfGFP_00025_1,Cellpose-SAM cpsam_v2,434,463,0.5187165775401069,0.8979591836734694,0.2495745821220128,0.5468931671694434,0.19220369664666234,0.031768935184112314,0.8376630413852563,5.815278200470479
GT_sfGFP_00025_1,Cellpose-SAM cpsam_v2,427,448,0.5170068027210885,0.49162011173184356,0.1573477657550709,0.29223787528760875,0.10438489082555018,0.00998021049275969,0.47673342904152605,11.065912234639937
GT_sfGFP_00025_1,Cellpose-SAM cpsam_v2,83,109,0.5161290322580645,0.9375,0.46735113514714044,0.3306969115075975,0.10269372571453707,0.027696257775403604,0.8838385005601556,6.432456063200814
GT_sfGFP_00025_1,Cellpose-SAM cpsam_v2,24,31,0.5161290322580645,0.9375,0.509486583108176,0.3004400139378027,0.1607506435743769,0.028359788204385266,0.8825529103540035,69.09952134272648
GT_sfGFP_00025_1,Cellpose-SAM cpsam_v2,524,554,0.5151515151515151,0.9411764705882353,0.5123748999520359,0.23698397717709382,0.22263095388139817,0.046601624195976715,0.8507144942078099,2.327834934627181
GT_sfGFP_00025_1,Cellpose-SAM cpsam_v2,237,281,0.5148741418764302,0.9422222222222222,0.22610496908055364,0.5653658630452582,0.2167294572942247,0.03305511411046018,0.8780218450387951,5.931939923498213
GT_sfGFP_00025_1,Cellpose-SAM cpsam_v2,562,584,0.5137254901960784,0.7971014492753623,0.3222179130633864,0.3751563776849082,0.038496323385886086,0.03530107114257739,0.7336618431640638,13.421390959226105
GT_sfGFP_00025_1,Cellpose-SAM cpsam_v2,553,578,0.5131578947368421,0.8991596638655462,0.20116842089007117,0.58238259120515,0.240911504230304,0.02914750189897929,0.8438039039565604,63.18596082939245
GT_sfGFP_00025_1,Cellpose-SAM cpsam_v2,3,10,0.5131578947368421,0.9487179487179487,0.29235400131075395,0.4814923328327845,0.1276674386565175,0.04680832091353836,0.8575017336043868,3.108024110679851
GT_sfGFP_00025_1,Cellpose-SAM cpsam_v2,686,703,0.5131195335276968,0.3273542600896861,0.09778104403368905,0.4824914460565647,0.39141709156823923,0.0392678214498945,0.27523195000372747,3.5978936920378297
GT_sfGFP_00025_1,Cellpose-SAM cpsam_v2,291,336,0.5113636363636364,0.8663793103448276,0.306195368014414,0.4357629957274221,0.09024304714537046,0.02653688554185924,0.8168514162085128,4.703071551377454
GT_sfGFP_00025_1,Cellpose-SAM cpsam_v2,568,594,0.5111111111111111,0.8631578947368421,0.30832760486638633,0.48300068440785615,0.11778354614260653,0.029810897236562287,0.8076154862013524,7.651020097672053
GT_sfGFP_00025_1,Cellpose-SAM cpsam_v2,265,309,0.51,0.9607843137254902,0.5281468291298717,0.27532688019538676,0.1982393320963733,0.047311527812875696,0.8680166121316163,5.1119803434573035
GT_sfGFP_00025_1,Cellpose-SAM cpsam_v2,616,642,0.5083333333333333,0.828125,0.4073868422774843,0.3842164885882912,0.016738966686362558,0.02618214857254741,0.7802607596408118,36.782036810875695
GT_sfGFP_00025_1,Cellpose-SAM cpsam_v2,278,320,0.5077399380804953,0.9695121951219512,0.4690916052220529,0.3324799892942441,0.10252432833919407,0.038307624073826076,0.8940648623424036,4.399135869871752
GT_sfGFP_00025_1,Cellpose-SAM cpsam_v2,550,577,0.5072046109510087,0.9715909090909091,0.3501471978566725,0.454629220575658,0.07182725414909356,0.03798234168446283,0.8967052695198375,0.536916605043938
GT_sfGFP_00025_1,Cellpose-SAM cpsam_v2,405,433,0.5065502183406113,0.9741379310344828,0.1765596038270678,0.49435446930407956,0.21266364306790528,0.020377637780038847,0.9339096633480267,5.815747211621815
GT_sfGFP_00025_1,Cellpose-SAM cpsam_v2,688,706,0.5063291139240507,0.975,0.36618089313442326,0.4706728879018146,0.07105046650888382,0.054782164577520505,0.866805224959397,0.3852074967659688
GT_sfGFP_00025_1,Cellpose-SAM cpsam_v2,253,293,0.5050709939148073,0.9444444444444444,0.5313151251429573,0.2701666858298894,0.20560170741877182,0.029887287161021812,0.8863302749646799,2.4570564755376307
GT_sfGFP_00025_1,Cellpose-SAM cpsam_v2,698,711,0.5046439628482973,0.8757396449704142,0.32342677927134605,0.40887611548632824,0.06065070965127838,0.053089125142158244,0.7761582682244724,4.098398274445446
GT_sfGFP_00025_1,Cellpose-SAM cpsam_v2,674,692,0.5034722222222222,0.9862068965517241,0.30758222202656543,0.5524239519050426,0.15771576416224564,0.038974938876222436,0.9087946041630892,3.409118274465242
GT_sfGFP_00025_1,Cellpose-SAM cpsam_v2,439,470,0.5033112582781457,0.9868421052631579,0.5181708136478655,0.31404507861680414,0.15534150110430697,0.016459961320452923,0.9541387610606791,11.430663696847116
GT_sfGFP_00025_1,Cellpose-SAM cpsam_v2,111,135,0.5030487804878049,0.7388888888888889,0.18777101582595604,0.45005184895009637,0.1808768654128082,0.044037699603657866,0.6623122223558616,7.5162088822640225
GT_sfGFP_00025_1,Cellpose-SAM cpsam_v2,89,116,0.5021097046413502,0.6766917293233082,0.2128399989959777,0.3895951300099043,0.1271990144443488,0.014423862270193674,0.652507358749976,82.56515938769562
GT_sfGFP_00025_1,Cellpose-SAM cpsam_v2,654,679,0.5,1.0,0.31528946105287736,0.5271706581777366,0.1387410084068024,0.07787787813000667,0.8442442437399866,0.0022428613446361045
GT_sfGFP_00025_1,Cellpose-SAM cpsam_v2,569,599,0.5,1.0,0.3257332658156536,0.5157499531830708,0.1253614997436634,0.007090530763106976,1.014181061526214,2.2411953300439578
GT_sfGFP_00025_1,Cellpose-SAM cpsam_v2,295,334,0.5,0.2328767123287671,0.018820580035535623,0.24812281436679157,0.30497299121816607,0.02635435948017449,0.2530937552176681,28.053171159857076
GT_sfGFP_00025_1,Cellpose-SAM cpsam_v2,103,131,0.5,1.0,0.44667649029558915,0.38824196453417986,0.04209246460937872,0.04300870659226079,0.9139825868154784,3.4665943833436423
GT_sfGFP_00025_1,MicroSAM DeepBacs,654,172,0.8953488372093024,0.0,0.007762072353059274,0.0009004217362794154,0.00865470120824988,0.006662469164165189,0.006662469164165189,0.346409039539819
GT_sfGFP_00025_1,MicroSAM DeepBacs,650,173,0.8427672955974843,0.02027027027027027,0.06836402390053338,0.08568408446396035,0.1684845530378625,0.0020418247109740013,0.018269833898032228,6.415643523541532
GT_sfGFP_00025_1,MicroSAM DeepBacs,247,103,0.84,0.02857142857142857,0.013577129451676674,0.05625904336087508,0.07399930279729956,0.003293257808407961,0.02537226384326084,3.1510248675980908
GT_sfGFP_00025_1,MicroSAM DeepBacs,594,158,0.8151260504201681,0.08849557522123894,0.003885901620056055,0.1159052948800293,0.12670519641306122,0.010019876110601336,0.07936241381069081,0.9944642614260998
GT_sfGFP_00025_1,MicroSAM DeepBacs,48,16,0.8116883116883117,0.051470588235294115,0.09415591738210967,0.037796649173225456,0.13713584185916083,0.0004756118316192905,0.05097049638292972,0.5540906434785572
GT_sfGFP_00025_1,MicroSAM DeepBacs,681,178,0.7966101694915254,0.22377622377622378,0.15937478592164953,0.0547996079352828,0.0991422230342572,0.012989280563319845,0.2078802510588743,9.726620879078888
GT_sfGFP_00025_1,MicroSAM DeepBacs,153,63,0.7951388888888888,0.1016260162601626,0.16745983160376476,0.062140490002164414,0.24481312942751843,0.0032462746042098978,0.09804983570024031,0.5822560585709108
GT_sfGFP_00025_1,MicroSAM DeepBacs,342,128,0.7868852459016393,0.10434782608695652,0.09365126914084464,0.009386315841220237,0.08506338509868405,7.202672684899843e-05,0.10441233698143867,10.412191788084792
GT_sfGFP_00025_1,MicroSAM DeepBacs,699,183,0.7864583333333334,0.12568306010928962,0.09571267192012461,0.02945646247780929,0.06826711721914938,0.007407559875391508,0.1192065050269801,0.3100769446176777
GT_sfGFP_00025_1,MicroSAM DeepBacs,651,170,0.7834394904458599,0.10526315789473684,0.04306466407027994,0.16684309429351088,0.1798937315482711,0.011955643903565787,0.09204902515921676,5.200913602174549
GT_sfGFP_00025_1,MicroSAM DeepBacs,711,187,0.78125,0.14634146341463414,0.15768489492012852,0.009091081361770857,0.16527346179379046,0.011339532345934409,0.13666137482664137,3.2852096662254
GT_sfGFP_00025_1,MicroSAM DeepBacs,79,31,0.7783018867924528,0.23076923076923078,0.09864152858415916,0.12593810500198793,0.024243407605234742,0.011135359895940992,0.21706417243576492,0.2802967308515285
GT_sfGFP_00025_1,MicroSAM DeepBacs,639,167,0.7777777777777778,0.18181818181818182,0.1455517148238832,0.026936904103543213,0.11550350391184355,0.004778029307627851,0.1761714199091671,1.773424633982029
GT_sfGFP_00025_1,MicroSAM DeepBacs,644,169,0.7684563758389261,0.05058365758754864,0.11072925745273468,0.04336333503200152,0.1610774478206844,0.005340571362073583,0.05619437458272322,1.876306804539776
GT_sfGFP_00025_1,MicroSAM DeepBacs,52,22,0.7654320987654321,0.2,0.09481429887444218,0.09737270389103167,0.0023313911559107127,0.00311104841973635,0.20373325810368362,4.957870001603235
GT_sfGFP_00025_1,MicroSAM DeepBacs,756,191,0.7452830188679245,0.03296703296703297,0.14996196003469267,0.09271989871072255,0.2674828406360455,0.006516515787685363,0.03969837894552115,5.644063835655027
GT_sfGFP_00025_1,MicroSAM DeepBacs,602,161,0.7397260273972602,0.10497237569060773,0.047422853255364376,0.02314330441355612,0.023730350125024637,0.0008964653507015044,0.10596294513889669,2.3502870693257982
GT_sfGFP_00025_1,MicroSAM DeepBacs,488,147,0.7348066298342542,0.16374269005847952,0.07273009720164574,0.09354128632855596,0.022958783244101957,0.030632889615919208,0.1381257121925354,3.5839422405122097
GT_sfGFP_00025_1,MicroSAM DeepBacs,242,104,0.7326732673267327,0.09580838323353294,0.04156445752540108,0.13392654338075732,0.15476399413222916,0.00440875010006457,0.10063952855276537,9.015039403425279
GT_sfGFP_00025_1,MicroSAM DeepBacs,709,184,0.7320574162679426,0.11458333333333333,0.02345774508783357,0.14581752844501053,0.1981722631520268,0.021379873010557045,0.09565323743856928,4.969260653595943
GT_sfGFP_00025_1,MicroSAM DeepBacs,588,157,0.7318840579710145,0.22962962962962963,0.041811778193037365,0.2589386340906769,0.40583739231187277,0.01523575071972464,0.21789245870480473,5.798030126146903
GT_sfGFP_00025_1,MicroSAM DeepBacs,509,150,0.7238805970149254,0.02564102564102564,0.13659324397662015,0.15945171992238485,0.3522045918310231,0.01542616487574851,0.01061040345439889,24.600067736512077
GT_sfGFP_00025_1,MicroSAM DeepBacs,105,40,0.7237569060773481,0.3816793893129771,0.0959597217062226,0.261363353700135,0.13113083673210468,0.01270232271737629,0.3641288518179763,1.4564620291072121
GT_sfGFP_00025_1,MicroSAM DeepBacs,4,1,0.7230769230769231,0.17475728155339806,0.08592793937314061,0.12351146969374537,0.03345184391473064,0.008700681335784777,0.18497847030708697,16.999289916900707
GT_sfGFP_00025_1,MicroSAM DeepBacs,461,143,0.7222222222222222,0.028901734104046242,0.1643535230246479,0.18276463589536812,0.2934803327605776,0.011911364586138411,0.04046883959809973,1.5028817149810598
GT_sfGFP_00025_1,MicroSAM DeepBacs,3,4,0.7176470588235294,0.24615384615384617,0.19570176498876007,0.012129309756765811,0.1813725316146711,0.004394819293751045,0.24067722518778717,3.296399116432476
GT_sfGFP_00025_1,MicroSAM DeepBacs,384,132,0.7142857142857143,0.13903743315508021,0.05485719577402806,0.1889087620569057,0.3005407362667582,0.014132301794694059,0.12687005032649334,5.5726701511880306
GT_sfGFP_00025_1,MicroSAM DeepBacs,502,149,0.7099236641221374,0.02643171806167401,0.07808375629261614,0.10219137045190808,0.20079460233665267,0.007795010258337883,0.01884274331677237,2.3361522670173693
GT_sfGFP_00025_1,MicroSAM DeepBacs,57,21,0.7079646017699115,0.39751552795031053,0.20399739013622784,0.15595373769931348,0.04156191625154074,0.01691674000667647,0.37387412110868196,5.3989307804551405
GT_sfGFP_00025_1,MicroSAM DeepBacs,388,133,0.7035573122529645,0.0821256038647343,0.30832448984447025,0.1840097792660123,0.603358050869317,0.0027874901327077763,0.08514201830785768,2.1659567315483716
GT_sfGFP_00025_1,MicroSAM DeepBacs,688,179,0.7031963470319634,0.135,0.027468966007432313,0.1510793549664596,0.2103239237005923,0.02228458058320473,0.11572383779552792,1.491357288053887
GT_sfGFP_00025_1,MicroSAM DeepBacs,244,102,0.7028985507246377,0.07377049180327869,0.09638478204260965,0.16693245385455316,0.3160814955708163,0.008235760476260175,0.06614228742772624,11.984280842589419
GT_sfGFP_00025_1,MicroSAM DeepBacs,95,34,0.7023809523809523,0.2,0.1783925533086078,0.025312273770954626,0.14930112849877947,0.004811113948555668,0.1942266632617332,14.781340836540819
GT_sfGFP_00025_1,MicroSAM DeepBacs,185,75,0.7021276595744681,0.2222222222222222,0.04177242672387817,0.17292337918591266,0.15857170806368978,0.013591047887399666,0.21165140719868913,11.136206670939147
GT_sfGFP_00025_1,MicroSAM DeepBacs,698,182,0.7014218009478673,0.1242603550295858,0.13585274283054613,0.0338670291874149,0.17566916474780364,0.006885047165660736,0.13200094060044698,4.127923283460165
GT_sfGFP_00025_1,MicroSAM DeepBacs,81,32,0.6938775510204082,0.075,0.07049224489788827,0.16031749536288145,0.198919469182515,0.001485821127782156,0.07659725771236582,1.0367152405448792
GT_sfGFP_00025_1,MicroSAM DeepBacs,5,2,0.6883116883116883,0.047244094488188976,0.003192978009789397,0.06718996652127913,0.05996775693094333,0.006136743473751694,0.04081742612591358,1.6778546897572226
GT_sfGFP_00025_1,MicroSAM DeepBacs,88,33,0.6868131868131868,0.033112582781456956,0.003933908862153533,0.014793820590947858,0.018454713729135253,0.008152856688794265,0.024689763950649635,5.295500608986253
GT_sfGFP_00025_1,MicroSAM DeepBacs,51,20,0.684931506849315,0.03305785123966942,0.06208934587643817,0.03836113374159259,0.10445759124614877,0.0039057455811397695,0.02902299010212834,5.65459680525255
GT_sfGFP_00025_1,MicroSAM DeepBacs,172,72,0.6804979253112033,0.3275862068965517,0.20552512316972552,0.10366664302384936,0.09229098368580037,0.012329029663438367,0.31121835717095253,8.190519484254223
GT_sfGFP_00025_1,MicroSAM DeepBacs,182,73,0.6792452830188679,0.14583333333333334,0.06220146682498068,0.08688538548997228,0.027032661916419776,0.030532291211988943,0.11975366792309278,5.871806874394513
GT_sfGFP_00025_1,MicroSAM DeepBacs,291,117,0.6757679180887372,0.11637931034482758,0.22295570818708219,0.08322994342566319,0.3339830412403069,0.014715196252224337,0.1328070509884746,4.009940249148354
GT_sfGFP_00025_1,MicroSAM DeepBacs,99,38,0.6748466257668712,0.11724137931034483,0.0026878324264804376,0.1169642599407425,0.1294131396160628,0.034900902007559034,0.0864323071933272,6.24258342980239
GT_sfGFP_00025_1,MicroSAM DeepBacs,316,123,0.668,0.3559322033898305,0.26929217631385516,0.06873043678804956,0.18766354229469848,0.0032033237554506297,0.35158871355193133,7.462705084755806
GT_sfGFP_00025_1,MicroSAM DeepBacs,143,61,0.6654411764705882,0.021834061135371178,0.039021357831776626,0.027365771089773117,0.011983525148053684,0.0033139843422202125,0.018592434529880665,8.82425371219523
GT_sfGFP_00025_1,MicroSAM DeepBacs,199,87,0.6652173913043479,0.08152173913043478,0.1892708731733595,0.0962774331442763,0.31596898958839703,0.01872026426257838,0.10176811189267988,10.210642020845949
GT_sfGFP_00025_1,MicroSAM DeepBacs,454,142,0.6637931034482759,0.22935779816513763,0.15838884083036642,0.09099631092832842,0.07413889592776388,0.019586413781098985,0.2142636811228228,19.634316763823495
GT_sfGFP_00025_1,MicroSAM DeepBacs,200,85,0.6634146341463415,0.14465408805031446,0.3253944292189822,0.15857830127606526,0.5751845135786497,0.012006471605329931,0.1583973448564154,20.67575496029907
GT_sfGFP_00025_1,MicroSAM DeepBacs,363,129,0.6602564102564102,0.05263157894736842,0.019504269813394048,0.08772819938344396,0.07478465247302499,0.010236425622650088,0.04293391256801571,8.79968736007133
GT_sfGFP_00025_1,MicroSAM DeepBacs,278,111,0.6594827586206896,0.3475609756097561,0.3488501138165446,0.0151197937231154,0.3695575413334435,0.01440219813396049,0.32815313544143127,9.271892350402965
GT_sfGFP_00025_1,MicroSAM DeepBacs,53,18,0.6583333333333333,0.16304347826086957,0.12666599097009199,0.3228833747505429,0.33982539526993966,0.0006614058192840023,0.16227423453626752,10.667547748863539
GT_sfGFP_00025_1,MicroSAM DeepBacs,27,9,0.6583333333333333,0.4875,0.0013312041703702389,0.44606912477451677,0.3093906932109137,0.021382586126183187,0.4556934031373025,2.4271783169651395
GT_sfGFP_00025_1,MicroSAM DeepBacs,65,25,0.6577181208053692,0.09322033898305085,0.0034166141801595484,0.07613235546082102,0.0739211763658163,0.010190984184836578,0.1043613301681688,2.61003414843838
GT_sfGFP_00025_1,MicroSAM DeepBacs,183,81,0.6555555555555556,0.48333333333333334,0.17756521378927778,0.22271062209566087,0.03692239806423396,0.04581311761778606,0.4153772088669507,9.24253364103852
GT_sfGFP_00025_1,MicroSAM DeepBacs,7,3,0.6507936507936508,0.17543859649122806,0.1829577332249922,0.014971362619653344,0.17053958050609921,0.003786593712789517,0.17231631746489284,9.339455941245998
GT_sfGFP_00025_1,MicroSAM DeepBacs,22,7,0.6470588235294118,0.40625,0.3754942965574389,0.02152828689518038,0.3465063221480612,0.0030664696567823556,0.4019377770451498,1.3252670792468786
GT_sfGFP_00025_1,MicroSAM DeepBacs,524,151,0.6467065868263473,0.20261437908496732,0.01803105175236189,0.25681124287842305,0.3698149252085954,0.009395871827435488,0.19512224599380962,6.806490706241198
GT_sfGFP_00025_1,MicroSAM DeepBacs,646,171,0.6448598130841121,0.2857142857142857,0.0278606826809382,0.24105534351800445,0.17178497473990642,0.013523365054897964,0.26832710207227406,2.2982565243344224
GT_sfGFP_00025_1,MicroSAM DeepBacs,205,90,0.6444444444444445,0.039735099337748346,0.10805396315619338,0.1309326213498613,0.2749920091089552,0.010082631104067858,0.03005310258218649,1.1799938048025638
GT_sfGFP_00025_1,MicroSAM DeepBacs,670,175,0.6436170212765957,0.11643835616438356,0.024736255076804825,0.029285352023895355,0.004419665487462299,0.001892041393024714,0.11855070374700705,4.135045428354277
GT_sfGFP_00025_1,MicroSAM DeepBacs,265,109,0.6435643564356436,0.16993464052287582,0.36695920218829103,0.13860772553479428,0.5869183445335237,0.004835004396391073,0.1642780013924575,4.513893969793206
GT_sfGFP_00025_1,MicroSAM DeepBacs,23,8,0.6407766990291263,0.3150684931506849,0.12780602119606535,0.11617290698455725,0.010422322687383625,0.004738604651023262,0.30883690347262693,18.413979397985543
GT_sfGFP_00025_1,MicroSAM DeepBacs,192,76,0.64,0.5625,0.2003209621733338,0.3106214393876949,0.08415891416051599,0.003215022702789537,0.5675234729731087,4.759347852692904
GT_sfGFP_00025_1,MicroSAM DeepBacs,630,165,0.6347826086956522,0.041666666666666664,0.04827325283948496,0.001241413381557045,0.04709029798398676,0.010658949209690917,0.03145184034071287,17.96445578465494
GT_sfGFP_00025_1,MicroSAM DeepBacs,546,152,0.6333333333333333,0.36666666666666664,0.3109068494548111,0.08364361839783592,0.24800747353297917,0.03570397968667418,0.34405414619843966,2.5183816029797406
GT_sfGFP_00025_1,MicroSAM DeepBacs,62,26,0.6333333333333333,0.2565789473684211,0.36588025246545774,0.12579179694328213,0.5624198534051511,0.002973950235815536,0.2603159506252682,11.912556906084676
GT_sfGFP_00025_1,MicroSAM DeepBacs,140,56,0.6304347826086957,0.43902439024390244,0.27176344096769317,0.13209783101973518,0.12336885216196766,0.003982250931009915,0.43329383402610766,16.627585896901888
GT_sfGFP_00025_1,MicroSAM DeepBacs,490,148,0.6294820717131474,0.024752475247524754,0.05242216940885879,0.06972970823701731,0.11418947861809893,0.02144762683704059,0.04673098393696734,12.765083500730393
GT_sfGFP_00025_1,MicroSAM DeepBacs,269,110,0.6294117647058823,0.2012987012987013,0.08625385384589418,0.14533197744974832,0.06912405992161781,0.017109145671602773,0.18763360443112245,22.775818975967592
GT_sfGFP_00025_1,MicroSAM DeepBacs,111,42,0.6237623762376238,0.17777777777777778,0.019174220927883703,0.1689125519733095,0.1801715708749545,0.02556708846955348,0.15675594948058935,1.9367404796647163
GT_sfGFP_00025_1,MicroSAM DeepBacs,171,71,0.6205128205128205,0.03870967741935484,0.04253540407411894,0.06091744209479463,0.09751262639687089,0.001484560833360675,0.04025170512368431,1.6332180483932548
GT_sfGFP_00025_1,MicroSAM DeepBacs,237,98,0.6194690265486725,0.37333333333333335,0.28502780234914127,0.13643804327124437,0.17206612440497876,0.0071539885711086855,0.3688501671621052,8.174207727599438
GT_sfGFP_00025_1,MicroSAM DeepBacs,625,166,0.6172413793103448,0.6055555555555555,0.3344862918204302,0.17139559764393422,0.13922768235131283,0.012982603075277663,0.5847112650624708,5.031625079493962
GT_sfGFP_00025_1,MicroSAM DeepBacs,63,24,0.6163522012578616,0.1773049645390071,0.0870463433570366,0.10647391903151658,0.021742594970952146,0.016478318677229015,0.16374833357050664,11.25616091393882
GT_sfGFP_00025_1,MicroSAM DeepBacs,94,35,0.6141304347826086,0.33858267716535434,0.005356751830378879,0.24227131114381087,0.1907108030171725,0.010578161112255301,0.32442293394422517,5.0092230292089805
GT_sfGFP_00025_1,MicroSAM DeepBacs,161,66,0.6127659574468085,0.5782312925170068,0.27890907438402573,0.14901290192096203,0.11305022967618417,0.01376756839720896,0.5565028852506634,1.263045537359099
GT_sfGFP_00025_1,MicroSAM DeepBacs,298,118,0.6095617529880478,0.3904382470119522,0.06953686653726511,0.35220630059073815,0.4363571833305046,0.037723956189293494,0.3674431661475621,19.723245894916438
GT_sfGFP_00025_1,MicroSAM DeepBacs,223,95,0.6069868995633187,0.3119266055045872,0.03483834333655021,0.23971075911819664,0.2694664145766813,0.01450291503408212,0.3019475355270077,0.4592178301514427
GT_sfGFP_00025_1,MicroSAM DeepBacs,157,65,0.6042553191489362,0.02617801047120419,0.14791087560421867,0.1617865575691274,0.36947323616667815,0.010346794149397076,0.016102074807393424,23.24969657134238
GT_sfGFP_00025_1,MicroSAM DeepBacs,181,79,0.6035714285714285,0.12916666666666668,0.08236302412596323,0.2506351147826281,0.444373823056837,0.023939411527591305,0.10831942912805591,6.48466070880331
GT_sfGFP_00025_1,MicroSAM DeepBacs,393,134,0.6007604562737643,0.20418848167539266,0.3871699997290673,0.15450640502203056,0.6406629310600657,0.002441685805421596,0.20124823175263368,0.17595598260542258
GT_sfGFP_00025_1,MicroSAM DeepBacs,47,14,0.5986842105263158,0.2,0.15912456764332972,0.0705461704987365,0.0953015570360536,0.0022076562992701426,0.20176612503941613,4.712553682010595
GT_sfGFP_00025_1,MicroSAM DeepBacs,146,59,0.5897435897435898,0.1016949152542373,0.23621714928270549,0.09771320832810441,0.3700933679767742,0.0019420475287271533,0.09955537136665653,58.98750174641187
GT_sfGFP_00025_1,MicroSAM DeepBacs,203,88,0.5838509316770186,0.14285714285714285,0.4265743872156148,0.2049235410689218,0.7942606288878671,0.0173956822789132,0.16273792260447223,1.3063279455101755
GT_sfGFP_00025_1,MicroSAM DeepBacs,186,77,0.5757575757575758,0.17543859649122806,0.06547810371437081,0.22829437562462154,0.38067945866893604,0.02613898746155666,0.1538853963036287,33.901459688564564
GT_sfGFP_00025_1,MicroSAM DeepBacs,197,83,0.5732217573221757,0.7445255474452555,0.4238070618389857,0.210901997761682,0.17582353028639205,0.03619817267023122,0.6813769104512025,1.726268976342296
GT_sfGFP_00025_1,MicroSAM DeepBacs,748,192,0.5714285714285714,0.052083333333333336,0.0012040486090354723,0.07831358571751638,0.08627406577155097,0.0094626899484988,0.043113491819652176,11.57346926542905
GT_sfGFP_00025_1,MicroSAM DeepBacs,730,189,0.5702479338842975,0.4297520661157025,0.25497586190412536,0.16121206981151606,0.11178486089033214,0.03742859849992905,0.40840848515293304,8.821928933511467
GT_sfGFP_00025_1,MicroSAM DeepBacs,621,163,0.5697674418604651,0.5,0.7182197246070888,0.08270755516843234,0.8731427848210246,0.01529605820942331,0.522944087314135,0.6953159586073939
GT_sfGFP_00025_1,MicroSAM DeepBacs,39,12,0.5513513513513514,0.2777777777777778,0.2560158518432812,0.015015844683693129,0.23743472421821188,0.0026487373619651783,0.2811622755180666,7.155189145713357
GT_sfGFP_00025_1,MicroSAM DeepBacs,306,122,0.5508982035928144,0.4491017964071856,0.1876971759667806,0.33890073217670164,0.22871535875053398,0.047581096607721515,0.4228894557610157,10.314453715460617
GT_sfGFP_00025_1,MicroSAM DeepBacs,281,112,0.5454545454545454,0.7461538461538462,0.21387744139003853,0.4264303349658321,0.14901035708896704,0.005755096461690587,0.7361045623322787,1.1907015673837684
GT_sfGFP_00025_1,MicroSAM DeepBacs,206,92,0.5441176470588235,0.006369426751592357,0.06200419427343045,0.008390960815683985,0.06980938725608184,0.007613949670391008,0.014031872916699231,9.701369250072748
GT_sfGFP_00025_1,MicroSAM DeepBacs,480,145,0.5427350427350427,0.4726027397260274,0.09626431293971383,0.341369727602295,0.1827277070735064,0.012521804129787742,0.45416309665818927,3.2349790320685488
GT_sfGFP_00025_1,MicroSAM DeepBacs,577,155,0.5391304347826087,0.8548387096774194,0.4379626262820782,0.25382420553729845,0.14686143394868617,0.04112661897806137,0.7785554647987571,15.883370231806678
GT_sfGFP_00025_1,MicroSAM DeepBacs,290,116,0.524822695035461,0.11403508771929824,0.06093811567429698,0.18444975496936694,0.30088626928736556,0.011330581467307428,0.10399659010352588,11.630322666037388
GT_sfGFP_00025_1,MicroSAM DeepBacs,228,97,0.5241635687732342,0.9078014184397163,0.3039592959552099,0.45080117949906223,0.10121433978607221,0.04030200162245917,0.8309132025784289,4.838899170234891
GT_sfGFP_00025_1,MicroSAM DeepBacs,360,130,0.5238095238095238,0.2564102564102564,0.21848823003021933,0.029614108291012586,0.1834416605389239,0.0008111392901963747,0.2574293801338365,5.645920318338728
GT_sfGFP_00025_1,MicroSAM DeepBacs,49,23,0.5230769230769231,0.12142857142857143,0.01728120249124833,0.14104601313740475,0.13875620597745977,0.024003858910809476,0.1483471846356935,3.945664033924691
GT_sfGFP_00025_1,MicroSAM DeepBacs,165,70,0.5219512195121951,0.9158878504672897,0.41698397845567176,0.33793003611403916,0.05908675357288595,0.04216655957879335,0.8351014512742744,13.235756622840428
GT_sfGFP_00025_1,MicroSAM DeepBacs,668,177,0.518918918918919,0.42134831460674155,0.3881223228830507,0.07645708166469706,0.3374669818053869,0.0005689393141600369,0.4216775322997668,6.640482645638019
GT_sfGFP_00025_1,MicroSAM DeepBacs,106,37,0.5172413793103449,0.07017543859649122,0.17351396063805782,0.13726953494143174,0.3602324343077317,0.018114448980594843,0.053332179018043394,4.10472561947136
GT_sfGFP_00025_1,MicroSAM DeepBacs,135,50,0.5135135135135135,0.3829787234042553,0.4002552499279822,0.03324209939777628,0.44840321351986834,0.018004691339844222,0.3580786183597899,18.66876572639716
GT_sfGFP_00025_1,MicroSAM DeepBacs,19,5,0.5116279069767442,0.2033898305084746,0.5016143160746586,0.20309495847624634,0.8843077127526233,0.012815123573593315,0.2188114198936462,12.26787667442886
GT_sfGFP_00025_1,MicroSAM DeepBacs,215,93,0.5105263157894737,0.898989898989899,0.28304912659451825,0.5072604113994945,0.14875417884610628,0.027380229597228932,0.846995119552737,5.610498732869266
GT_sfGFP_00025_1,MicroSAM DeepBacs,441,140,0.5085714285714286,0.21621621621621623,0.232780795739401,0.09638689602467065,0.3002295019737857,0.010982222553632575,0.22482390416365797,52.02588854716368
GT_sfGFP_00025_1,MicroSAM DeepBacs,30,10,0.5073891625615764,0.125,0.09385123313351293,0.003768518548260056,0.08974451073195497,0.011406330973990396,0.1378321223457392,11.284588549152831
GT_sfGFP_00025_1,MicroSAM DeepBacs,50,17,0.504950495049505,0.17142857142857143,0.06795355247064762,0.05812099631262639,0.009292468623423988,0.029234194192524158,0.20567434176838545,8.097269699698057
GT_sfGFP_00025_1,MicroSAM DeepBacs,37,11,0.5,0.5,0.2526830769798853,0.24331583200593102,0.012379332580443011,0.03363984763375847,0.48318007618312075,20.86196225850388
GT_sfGFP_00025_1,Omnipose bact_fluor,90,67,0.7594339622641509,0.19411764705882353,0.16189723038179107,0.03367636737925851,0.1240435275961843,0.018030225393309,0.17258743673622512,0.8094717982402535
GT_sfGFP_00025_1,Omnipose bact_fluor,352,217,0.727810650887574,0.02702702702702703,0.14150863898418348,0.10032373870602021,0.21978293222556322,0.00941314445499903,0.017868291881622565,3.2345607327148644
GT_sfGFP_00025_1,Omnipose bact_fluor,388,232,0.6947368421052632,0.3333333333333333,0.35685593318062436,0.023539538365664244,0.3895656675228891,0.02357908335909719,0.30189455552120376,2.5443928942194955
GT_sfGFP_00025_1,Omnipose bact_fluor,153,98,0.6871508379888268,0.45528455284552843,0.28785463664868527,0.11947030584829116,0.15041428961601527,0.03343286955388145,0.4066302142264652,0.8314007763218225
GT_sfGFP_00025_1,Omnipose bact_fluor,692,383,0.674074074074074,0.43010752688172044,0.2666038661722484,0.15420081370951866,0.09738604506911973,0.009781722579317677,0.41611861179516935,4.263432914167047
GT_sfGFP_00025_1,Omnipose bact_fluor,560,315,0.6711409395973155,0.09243697478991597,0.07973008601634814,0.03499065388462298,0.11888044438406396,0.008015058638985235,0.10119292120225278,17.53429474979402
GT_sfGFP_00025_1,Omnipose bact_fluor,437,262,0.6637554585152838,0.1404494382022472,0.044021946469741044,0.08665433186675474,0.03923270183239954,0.018973970245495454,0.11881058449530575,1.4825852569073474
GT_sfGFP_00025_1,Omnipose bact_fluor,181,124,0.6617647058823529,0.3541666666666667,0.22153373934568435,0.03165769029796324,0.18404946799057073,0.008873831844028051,0.3421500193778787,0.3297217879560959
GT_sfGFP_00025_1,Omnipose bact_fluor,546,303,0.6513409961685823,0.39444444444444443,0.0034606729662159177,0.383524721289002,0.2797097791607739,0.02482685274922224,0.3598247775552512,4.397032360941546
GT_sfGFP_00025_1,Omnipose bact_fluor,636,357,0.6455696202531646,0.5324675324675324,0.3539546228994518,0.1550709940147753,0.1721830345625771,0.03117643423838367,0.4846906592191004,4.545690563637599
GT_sfGFP_00025_1,Omnipose bact_fluor,442,265,0.6338028169014085,0.03508771929824561,0.1480568520433268,0.10427290427347449,0.03964957176836534,0.006854471632986891,0.042182698707828536,56.32636386748306
GT_sfGFP_00025_1,Omnipose bact_fluor,143,92,0.6300940438871473,0.27074235807860264,0.06114857622470508,0.35337039319479163,0.30628641760144865,0.013101298565331156,0.2540939830458019,1.3710416778523113
GT_sfGFP_00025_1,Omnipose bact_fluor,519,294,0.6245353159851301,0.4689265536723164,0.0727295986774738,0.3795588624093877,0.22241114322301503,0.024578839656559784,0.43282204344234154,11.512253033937434
GT_sfGFP_00025_1,Omnipose bact_fluor,324,207,0.6176470588235294,0.06989247311827956,0.14519786001328022,0.3208299261694986,0.3528295179791185,0.021912269064311225,0.046448701377430464,5.848425246945337
GT_sfGFP_00025_1,Omnipose bact_fluor,1,7,0.5980392156862745,0.6721311475409836,0.4193361062499735,0.2939820901307159,0.0968746144752238,0.024262410983409588,0.631561214421184,2.699181062037155
GT_sfGFP_00025_1,Omnipose bact_fluor,454,273,0.5973451327433629,0.3440366972477064,0.10419345975562148,0.26923219118127373,0.22584291403371268,0.02214217859643502,0.32951224064545775,5.933357045371342
GT_sfGFP_00025_1,Omnipose bact_fluor,743,418,0.5957446808510638,0.6785714285714286,0.3286721469839442,0.31378841660641266,0.011328864061670552,0.01582151854818629,0.6520138795798301,3.228985881840384
GT_sfGFP_00025_1,Omnipose bact_fluor,460,272,0.5849056603773585,0.2909090909090909,0.35265530968577835,0.09072686476689465,0.24014118784436642,0.02440235102839507,0.2594078741269809,15.24683773455302
GT_sfGFP_00025_1,Omnipose bact_fluor,488,280,0.5814814814814815,0.49707602339181284,0.26148253094457075,0.21783213981261595,0.03584269925629581,0.023936990909862444,0.46124052822851,0.02609141733262872
GT_sfGFP_00025_1,Omnipose bact_fluor,654,372,0.5797101449275363,0.6748466257668712,0.1559242102012764,0.4609464078117625,0.20878397453836453,0.056735549852390335,0.5798232815355671,0.8845478651133655
GT_sfGFP_00025_1,Omnipose bact_fluor,466,268,0.5749440715883669,0.6171003717472119,0.2839130137650729,0.30072322519699973,0.012923742043109063,0.013256117977553659,0.595663898437785,3.806554287258661
GT_sfGFP_00025_1,Omnipose bact_fluor,602,340,0.5746031746031746,0.7403314917127072,0.22489074470256856,0.3755920385616871,0.10955377003831096,0.06119795760043403,0.6338267588721728,3.084901129217171
GT_sfGFP_00025_1,Omnipose bact_fluor,520,295,0.5736607142857143,0.7325581395348837,0.30417399740300943,0.3482619145697244,0.0326998164750392,0.015307365324444794,0.7060372391471829,5.03216673102881
GT_sfGFP_00025_1,Omnipose bact_fluor,688,387,0.5701754385964912,0.685,0.48029054469675425,0.1592066614929932,0.2769858851485749,0.041533877552228524,0.615015416324495,1.160937349988384
GT_sfGFP_00025_1,Omnipose bact_fluor,545,307,0.5691056910569106,0.6805555555555556,0.13843697285724504,0.4736062301745627,0.22744831723303302,0.02772568670623648,0.633960998729797,8.45540780551926
GT_sfGFP_00025_1,Omnipose bact_fluor,45,45,0.5661764705882353,0.5818181818181818,0.316189638484728,0.23514278208820028,0.06561739871037858,0.042301689084400865,0.5149046009028568,4.194603894163438
GT_sfGFP_00025_1,Omnipose bact_fluor,257,164,0.5649717514124294,0.3277310924369748,0.021291105423387316,0.2711627221545847,0.1965693395316629,0.020801322623012448,0.3001125296265885,15.671156552477497
GT_sfGFP_00025_1,Omnipose bact_fluor,98,76,0.562753036437247,0.6993006993006993,0.5519753591414556,0.09812629050094206,0.4132940560356469,0.023632708383179275,0.6591416214187933,10.531704511191936
GT_sfGFP_00025_1,Omnipose bact_fluor,607,341,0.5610687022900763,0.5886075949367089,0.34187020526610123,0.20905891850472302,0.10984682775065233,0.029799728921948734,0.541267519244246,15.969959594285843
GT_sfGFP_00025_1,Omnipose bact_fluor,3,21,0.5595238095238095,0.6871794871794872,0.1899925993337963,0.4070316960721712,0.15425316810151107,0.02740515399546752,0.6409420735153394,2.5031484883209307
GT_sfGFP_00025_1,Omnipose bact_fluor,468,274,0.5580357142857143,0.6439393939393939,0.19530007607423852,0.40471294644810163,0.14907876438625822,0.007527116518704908,0.631565270571523,1.0749335386058663
GT_sfGFP_00025_1,Omnipose bact_fluor,4,13,0.5519125683060109,0.7572815533980582,0.15070415507780996,0.6381478081741804,0.297557797082827,0.03314070455619717,0.699044004614838,1.0247369732910536
GT_sfGFP_00025_1,Omnipose bact_fluor,674,376,0.5513307984790875,0.8137931034482758,0.34547450956534637,0.36664529558322595,0.015491061277055568,0.0370147436631854,0.7466560166660844,9.679340341940947
GT_sfGFP_00025_1,Omnipose bact_fluor,562,313,0.5504201680672269,0.6739130434782609,0.26022377127257246,0.3357252797127436,0.056524728240831316,0.025374334059750724,0.6314386147260694,9.189374412774256
GT_sfGFP_00025_1,Omnipose bact_fluor,769,432,0.5483870967741935,0.8235294117647058,0.4193732545080818,0.30463154672453446,0.08794951193049333,0.029054964441301952,0.7705468295482141,31.87171290800226
GT_sfGFP_00025_1,Omnipose bact_fluor,699,395,0.5479876160990712,0.73224043715847,0.31063907780193584,0.38253778388255266,0.05200487604664601,0.04800577219063265,0.6490828973528385,3.487582563708458
GT_sfGFP_00025_1,Omnipose bact_fluor,698,393,0.5475409836065573,0.7928994082840237,0.2937978932997847,0.37741614405383217,0.06070659990084996,0.047507300466299404,0.7077235973888242,0.556245991272005
GT_sfGFP_00025_1,Omnipose bact_fluor,574,324,0.5460750853242321,0.7289156626506024,0.5330308979113895,0.13028506942173787,0.35632234680026287,0.028287808935423833,0.6800084267200804,0.06849832696559927
GT_sfGFP_00025_1,Omnipose bact_fluor,19,22,0.5415282392026578,0.6214689265536724,0.49102324463949537,0.08312991651993676,0.3765876298847949,0.017614012391315034,0.5929083527892236,7.89441874071252
GT_sfGFP_00025_1,Omnipose bact_fluor,65,59,0.5414364640883977,0.3644067796610169,0.12675487887460885,0.3802925996972072,0.18368403980302186,0.02106325997934074,0.3356679249434419,1.770823352948381
GT_sfGFP_00025_1,Omnipose bact_fluor,687,385,0.5401662049861495,0.586046511627907,0.29126211578926614,0.3248638419871822,0.025362399616489104,0.02944314782287882,0.5393483097320853,0.3232993411852474
GT_sfGFP_00025_1,Omnipose bact_fluor,765,428,0.5357142857142857,0.6875,0.1620711608049368,0.4462364721772115,0.1964860635442853,0.05458352068595006,0.5953903088424592,42.82993986590227
GT_sfGFP_00025_1,Omnipose bact_fluor,563,317,0.5307017543859649,0.8842975206611571,0.4391058554726462,0.2901498362855608,0.11545637180867392,0.04623079958665344,0.7971849396218431,10.205838437153545
GT_sfGFP_00025_1,Omnipose bact_fluor,728,409,0.5303030303030303,0.8857142857142857,0.2632418413021069,0.534325747428676,0.17667950015234335,0.03178038448223672,0.8257855606906394,3.692105071739824
GT_sfGFP_00025_1,Omnipose bact_fluor,363,220,0.5298804780876494,0.8872180451127819,0.26021361557387157,0.41822499796570367,0.11141489017503073,0.05026259187801281,0.7923615747264571,0.8277226062009485
GT_sfGFP_00025_1,Omnipose bact_fluor,763,429,0.5280898876404494,0.4727272727272727,0.20376202761109657,0.17215036001025127,0.026968952686725896,0.013054225619740593,0.45350195863274567,2.8630970885552243
GT_sfGFP_00025_1,Omnipose bact_fluor,393,230,0.5276243093922652,0.8952879581151832,0.4476461926169746,0.2999086988016523,0.11365220799854434,0.03166526256198233,0.8352731672909026,2.6661293564260213
GT_sfGFP_00025_1,Omnipose bact_fluor,24,30,0.5259259259259259,0.575,0.46024196631605563,0.16754593359246947,0.25069337685325843,0.016502200268893197,0.5490090345764932,73.58824644557077
GT_sfGFP_00025_1,Omnipose bact_fluor,48,46,0.5230769230769231,0.9117647058823529,0.5080315974698006,0.30561471366784376,0.15503569443799403,0.03411023771782709,0.8465539573041541,4.708629190576809
GT_sfGFP_00025_1,Omnipose bact_fluor,650,365,0.5229681978798587,0.9121621621621622,0.4422866716201192,0.31859487071607195,0.0938057652513662,0.03878526563089494,0.8379984447733563,4.130930411059786
GT_sfGFP_00025_1,Omnipose bact_fluor,424,256,0.5202702702702703,0.45901639344262296,0.5640446311052005,0.00012215788285006873,0.5642357148284023,0.020298101136072107,0.4294011311293374,0.9637833365378946
GT_sfGFP_00025_1,Omnipose bact_fluor,664,368,0.5201072386058981,0.9226804123711341,0.6130822649062925,0.20928319391861616,0.33391605292982485,0.02774864107804004,0.8693286437004694,0.5266040225027465
GT_sfGFP_00025_1,Omnipose bact_fluor,144,91,0.5158371040723982,0.768595041322314,0.2190623576441411,0.4104499567455937,0.13569258390638078,0.019989208796578825,0.7332422257647284,26.634873705326214
GT_sfGFP_00025_1,Omnipose bact_fluor,572,318,0.5122950819672131,0.952,0.5301221910234108,0.28782171515316074,0.1881475308415913,0.03125463124300326,0.8909909598136576,11.716127598387745
GT_sfGFP_00025_1,Omnipose bact_fluor,646,367,0.5117056856187291,0.935064935064935,0.19319887448021433,0.5900659185799213,0.24959156690443782,0.07155909250956487,0.7965934443646082,2.184471460414766
GT_sfGFP_00025_1,Omnipose bact_fluor,478,277,0.5110410094637224,0.02109704641350211,0.14819946240285367,0.16700928811667828,0.27009960737177713,0.003729638501375549,0.024905369271446764,9.785734928119828
GT_sfGFP_00025_1,Omnipose bact_fluor,265,167,0.5066666666666667,0.954248366013072,0.5898176689712198,0.25099625614063836,0.2708412684430052,0.04834425129930674,0.8597716919052764,3.0443781983622493
GT_sfGFP_00025_1,Omnipose bact_fluor,155,101,0.5051546391752577,0.5172413793103449,0.20786288856646942,0.35329580014915113,0.10746572299023838,0.03970610437691887,0.45699763473846794,18.772980091648126
GT_sfGFP_00025_1,Omnipose bact_fluor,695,390,0.504950495049505,0.9803921568627451,0.5896171406098232,0.33747530727750596,0.1885207390075589,0.021561979718236375,0.9376909813423162,7.110312561113374
GT_sfGFP_00025_1,Omnipose bact_fluor,186,122,0.504424778761062,0.9824561403508771,0.8008295928763652,0.11178196240291333,0.6197686720732557,0.04127300686065768,0.9006342144692225,16.223098430951566
GT_sfGFP_00025_2,Cellpose-SAM cpsam_v2,636,638,0.7489878542510121,0.33513513513513515,0.16551154339512236,0.15790537763511314,0.006568900971462832,0.01286588473031715,0.31795744038709006,0.7569509262401927
GT_sfGFP_00025_2,Cellpose-SAM cpsam_v2,659,666,0.7370242214532872,0.30275229357798167,0.18808641371516913,0.0976038435974687,0.08243645523428371,0.020694891298563556,0.27579197647343096,0.7577656863533782
GT_sfGFP_00025_2,Cellpose-SAM cpsam_v2,683,690,0.7262569832402235,0.06,0.026632621332896712,0.013766042077548052,0.012691862541559058,0.004039982010136748,0.06428238093074495,48.88634602229325
GT_sfGFP_00025_2,Cellpose-SAM cpsam_v2,209,196,0.7235494880546075,0.38207547169811323,0.18969163288847107,0.16148390320591702,0.024285941117819548,0.021823458511899367,0.3519138049811957,0.9062194386205564
GT_sfGFP_00025_2,Cellpose-SAM cpsam_v2,698,700,0.6726190476190477,0.11278195488721804,0.1718236109329073,0.346221950508682,0.38481437718783373,0.002148385786943797,0.11517263982306528,6.669689211513695
GT_sfGFP_00025_2,Cellpose-SAM cpsam_v2,4,4,0.6610169491525424,0.3709677419354839,0.39348471993683665,0.028051851017215582,0.43370273547536603,0.027627180406937225,0.3330917687969409,2.6038939816553177
GT_sfGFP_00025_2,Cellpose-SAM cpsam_v2,347,340,0.6520618556701031,0.44656488549618323,0.3256396346965041,0.09530538917443453,0.2102922598561116,0.0363663749315543,0.39395856450740807,0.18597680590164745
GT_sfGFP_00025_2,Cellpose-SAM cpsam_v2,582,583,0.6514745308310992,0.4251968503937008,0.3837740863509443,0.056345449595827664,0.3099635984425316,0.014053905171711829,0.40516726900724537,4.444089046869648
GT_sfGFP_00025_2,Cellpose-SAM cpsam_v2,441,434,0.6452991452991453,0.5163398692810458,0.2922315355891377,0.18012194592305322,0.09499830933013964,0.03136262024691997,0.46878347779552004,4.937783505432298
GT_sfGFP_00025_2,Cellpose-SAM cpsam_v2,733,724,0.6388888888888888,0.4294117647058823,0.45911268401012906,0.024166878973258456,0.4246825531723012,0.006385084238061548,0.42028485017735906,0.49558376439247437
GT_sfGFP_00025_2,Cellpose-SAM cpsam_v2,240,228,0.6236559139784946,0.603448275862069,0.24496220537881291,0.279045803882495,0.02664767626008606,0.033287566100243436,0.5500733853909889,10.857553434467972
GT_sfGFP_00025_2,Cellpose-SAM cpsam_v2,423,413,0.6052631578947368,0.572289156626506,0.20357694114549132,0.28157493042693876,0.060861044820425377,0.029724779189647978,0.5255532086235053,8.626497373044575
GT_sfGFP_00025_2,Cellpose-SAM cpsam_v2,131,119,0.6,0.6550218340611353,0.043943170148997325,0.581473195783706,0.3398919609056879,0.03659496961636227,0.594456360329252,9.230833715661452
GT_sfGFP_00025_2,Cellpose-SAM cpsam_v2,334,323,0.5989445910290238,0.4534412955465587,0.5670134822327266,0.06292680074195377,0.6722423429391146,0.010618246163197684,0.4380082980866884,6.269924233352879
GT_sfGFP_00025_2,Cellpose-SAM cpsam_v2,188,173,0.5949367088607594,0.6808510638297872,0.21394051362268313,0.3969580662016424,0.1310114863194053,0.03621476797903583,0.619979432545876,1.3317655545358986
GT_sfGFP_00025_2,Cellpose-SAM cpsam_v2,113,97,0.5924657534246576,0.6724137931034483,0.26212319448698523,0.3003642883829781,0.029407985314289366,0.052163957052775406,0.5851740718255308,5.858222612414058
GT_sfGFP_00025_2,Cellpose-SAM cpsam_v2,623,622,0.5895196506550219,0.6962962962962963,0.1955434936618655,0.4017181252675084,0.14708708397866788,0.03793487942518723,0.6319475008269047,2.389126489226079
GT_sfGFP_00025_2,Cellpose-SAM cpsam_v2,167,154,0.5876923076923077,0.7015706806282722,0.406908067298093,0.2256214583895803,0.1479140297908266,0.03214294240434222,0.6468771922439203,13.827835218711447
GT_sfGFP_00025_2,Cellpose-SAM cpsam_v2,628,633,0.5875486381322957,0.37209302325581395,0.015763589073959104,0.40138626157491974,0.2976694306822114,0.027187661997075754,0.3347890219109891,7.71630414314372
GT_sfGFP_00025_2,Cellpose-SAM cpsam_v2,429,422,0.5833333333333334,0.7142857142857143,0.2264077678912213,0.3860050865099913,0.11514915794475306,0.04452784132820784,0.6379522720087866,0.589964295109629
GT_sfGFP_00025_2,Cellpose-SAM cpsam_v2,373,363,0.5829383886255924,0.6613545816733067,0.5305207202556631,0.0873870860001804,0.4075215164504991,0.021622691772338953,0.6254316236292218,5.611135524067569
GT_sfGFP_00025_2,Cellpose-SAM cpsam_v2,157,141,0.5797665369649806,0.7248322147651006,0.3784087727155276,0.26142496564540124,0.09273940999754375,0.04811577060162198,0.6418405835931755,5.925599402274211
GT_sfGFP_00025_2,Cellpose-SAM cpsam_v2,689,692,0.5739795918367347,0.5601659751037344,0.2862316042758817,0.2702821218733659,0.012555858362388072,0.02078093777481742,0.5277442630567164,8.135623129772023
GT_sfGFP_00025_2,Cellpose-SAM cpsam_v2,179,167,0.5734939759036145,0.7436974789915967,0.23939262338886552,0.4401518970978838,0.1394014576612214,0.025801075874068685,0.6987082080347121,4.0882896870314225
GT_sfGFP_00025_2,Cellpose-SAM cpsam_v2,178,163,0.573076923076923,0.3107344632768362,0.0418635669420193,0.380572007096754,0.3059859042971077,0.009323420281665768,0.29851393499804263,0.07121056415464247
GT_sfGFP_00025_2,Cellpose-SAM cpsam_v2,64,56,0.5730593607305936,0.40069686411149824,0.1754163808167961,0.20324069661001937,0.02312448030690355,0.022052329411905477,0.3698082354578885,1.0529857630372823
GT_sfGFP_00025_2,Cellpose-SAM cpsam_v2,70,62,0.5724381625441696,0.7134146341463414,0.09204532348912736,0.5777626412083672,0.3078519575968927,0.03239307961009742,0.657911857497333,3.4548459404652228
GT_sfGFP_00025_2,Cellpose-SAM cpsam_v2,314,306,0.5714285714285714,0.75,0.12926038800411596,0.5376104572646829,0.2655744615492518,0.04078230752251443,0.6786309618355998,9.056555858851981
GT_sfGFP_00025_2,Cellpose-SAM cpsam_v2,169,155,0.5697674418604651,0.45454545454545453,0.2950499560542072,0.14596007344488265,0.1301004162921173,0.020421651937312404,0.48424967554518167,15.54070835160632
GT_sfGFP_00025_2,Cellpose-SAM cpsam_v2,166,148,0.5664160401002506,0.7654867256637168,0.49166548772122737,0.20672607383712815,0.2361260107507693,0.020203926179895526,0.7298169621868216,0.11499082922679733
GT_sfGFP_00025_2,Cellpose-SAM cpsam_v2,181,169,0.5650793650793651,0.7696629213483146,0.4115751869180489,0.24756070120853896,0.13146814062884937,0.039287542932431856,0.70013721334991,4.244936788726307
GT_sfGFP_00025_2,Cellpose-SAM cpsam_v2,301,291,0.5617283950617284,0.7351351351351352,0.31883419607166674,0.2608291148021954,0.04600550589170965,0.014989012587856763,0.709127172752962,3.5268175120178613
GT_sfGFP_00025_2,Cellpose-SAM cpsam_v2,396,389,0.5614525139664804,0.5879629629629629,0.5505980891098372,0.021761553738672126,0.5175733354187464,0.018661149126998393,0.5583297493029609,5.0350717180417055
GT_sfGFP_00025_2,Cellpose-SAM cpsam_v2,671,682,0.5609756097560976,0.782608695652174,0.5852174433696615,0.12423700940110441,0.4100384795321116,0.04305090458778788,0.7058657787782912,3.7399930682173834
GT_sfGFP_00025_2,Cellpose-SAM cpsam_v2,580,582,0.56,0.7209302325581395,0.22716609273025287,0.42439260885655505,0.13846359135816333,0.009859821964806106,0.7039621668512639,0.6134875454513021
GT_sfGFP_00025_2,Cellpose-SAM cpsam_v2,529,530,0.5595238095238095,0.7578947368421053,0.41943266162953136,0.233331382305826,0.15089316788142698,0.022679355486424406,0.7180268171975487,28.62848441128985
GT_sfGFP_00025_2,Cellpose-SAM cpsam_v2,542,540,0.5594202898550724,0.5258215962441315,0.014828816378516642,0.48313829556170956,0.33575231212786594,0.009796923195172095,0.5108732392561928,19.947449934453882
GT_sfGFP_00025_2,Cellpose-SAM cpsam_v2,629,635,0.5590551181102362,0.6636771300448431,0.27595395110339277,0.32360807046991036,0.03600319492582071,0.019479304875605667,0.6312698560141269,1.8145712001914243
GT_sfGFP_00025_2,Cellpose-SAM cpsam_v2,164,150,0.5588235294117647,0.774869109947644,0.3207385344639413,0.33128122763838097,0.0079192081699687,0.03450573063316894,0.7136259545306582,0.6193569694694756
GT_sfGFP_00025_2,Cellpose-SAM cpsam_v2,82,75,0.5555555555555556,0.8,0.20495245774833135,0.487049117312889,0.18970231465811224,0.04252485445960479,0.7234552619727114,4.63945656432047
GT_sfGFP_00025_2,Cellpose-SAM cpsam_v2,532,528,0.5550561797752809,0.8016194331983806,0.3862803892558515,0.3053662656529238,0.061985762718064226,0.032486250022809304,0.743091573845546,2.764497765753855
GT_sfGFP_00025_2,Cellpose-SAM cpsam_v2,406,395,0.553072625698324,0.8080808080808081,0.4065533028754871,0.31697222546956255,0.06802047581070639,0.02327287542490777,0.7660015686761769,7.002044863834467
GT_sfGFP_00025_2,Cellpose-SAM cpsam_v2,271,256,0.5521739130434783,0.8110236220472441,0.27300002223644687,0.4110494985765652,0.09783460926025593,0.050311313816834125,0.7199086442687256,3.841314325800327
GT_sfGFP_00025_2,Cellpose-SAM cpsam_v2,359,346,0.551219512195122,0.8141592920353983,0.26179589858953284,0.43901157170993627,0.12315097154487996,0.04654886194162571,0.729712241610325,0.6479358861507264
GT_sfGFP_00025_2,Cellpose-SAM cpsam_v2,455,453,0.5469798657718121,0.8282208588957055,0.5462719671182197,0.16258197801482607,0.3300326311255622,0.0696417191760925,0.7009004152486161,0.9259438237470798
GT_sfGFP_00025_2,Cellpose-SAM cpsam_v2,300,287,0.5454545454545454,0.6741573033707865,0.29955634934440056,0.30482566401904904,0.0040383285062146265,0.011037425675640077,0.6556789165655015,10.443497566369741
GT_sfGFP_00025_2,Cellpose-SAM cpsam_v2,438,436,0.5437956204379562,0.7647058823529411,0.31677945433128785,0.3228951926043646,0.004622995311545997,0.025328050835007283,0.7200093220558695,17.298449328945647
GT_sfGFP_00025_2,Cellpose-SAM cpsam_v2,143,131,0.5435684647302904,0.7761194029850746,0.21913921276114678,0.4959398700500799,0.18503461457957307,0.027446417846071984,0.7273712877062304,26.69599675830774
GT_sfGFP_00025_2,Cellpose-SAM cpsam_v2,265,255,0.5390070921985816,0.8427947598253275,0.34502692272806906,0.4214435449131813,0.053759871405782374,0.02248012554161091,0.8013685022770314,3.704694264241226
GT_sfGFP_00025_2,Cellpose-SAM cpsam_v2,686,689,0.5381679389312977,0.8581560283687943,0.2751272976274032,0.4425286618489695,0.11604716679043225,0.023822765855698518,0.8138896123816098,12.437703832460123
GT_sfGFP_00025_2,Cellpose-SAM cpsam_v2,42,34,0.5362318840579711,0.8648648648648649,0.46035416571102816,0.29683481574196563,0.1260911166049373,0.03781831116274455,0.7943388251289358,4.094121666521565
GT_sfGFP_00025_2,Cellpose-SAM cpsam_v2,444,433,0.532608695652174,0.8775510204081632,0.5500075669782318,0.19502801575794887,0.29704705374219725,0.03759483621065434,0.8069647973187715,0.9935573134995402
GT_sfGFP_00025_2,Cellpose-SAM cpsam_v2,200,191,0.532051282051282,0.7159090909090909,0.4014698533378524,0.26593958203236334,0.1070590360148992,0.027246885520037834,0.6691559123462987,0.9302069246356982
GT_sfGFP_00025_2,Cellpose-SAM cpsam_v2,679,686,0.531496062992126,0.7394366197183099,0.05426455060787665,0.5762166482237411,0.33114235800266356,0.04730170459573277,0.6571583025693944,5.295555106135887
GT_sfGFP_00025_2,Cellpose-SAM cpsam_v2,508,502,0.5291828793774319,0.4716981132075472,0.05455585189217034,0.5498718024159946,0.38998558033378106,0.00011099803708152551,0.4718614688092898,21.71620191856684
GT_sfGFP_00025_2,Cellpose-SAM cpsam_v2,533,531,0.5283018867924528,0.8928571428571429,0.26357089473618045,0.4666457155742139,0.1384620830249565,0.03165266097403204,0.8329431774420107,7.677004111491839
GT_sfGFP_00025_2,Cellpose-SAM cpsam_v2,436,439,0.5269121813031161,0.8823529411764706,0.27923802953227833,0.47157398655522753,0.13070084058307113,0.03837793039280836,0.8101121310253019,3.628760847547276
GT_sfGFP_00025_2,Cellpose-SAM cpsam_v2,495,490,0.5258620689655172,0.9016393442622951,0.514250163341129,0.2531806050026323,0.20832556560189372,0.03026034981875351,0.844095072475813,0.4226077093117991
GT_sfGFP_00025_2,Cellpose-SAM cpsam_v2,17,19,0.5258358662613982,0.9017341040462428,0.34271561382728405,0.4457124303847048,0.07124294873082967,0.0261076930281379,0.8520842138366627,0.3012439591019746
GT_sfGFP_00025_2,Cellpose-SAM cpsam_v2,639,639,0.5243055555555556,0.02304147465437788,0.1850972613665307,0.253086178688091,0.34968340366931067,0.014038251525903815,0.03740318819700759,7.386598860508911
GT_sfGFP_00025_2,Cellpose-SAM cpsam_v2,238,226,0.5205128205128206,0.8509615384615384,0.47613575071684,0.1940002223805155,0.236294368332547,0.03745653499598395,0.7816309328199336,1.6721359304768875
GT_sfGFP_00025_2,Cellpose-SAM cpsam_v2,258,247,0.51985559566787,0.9236111111111112,0.2513018169151269,0.5377805483199106,0.18629363709781205,0.04328262484908506,0.8403521730333572,3.8496281144025364
GT_sfGFP_00025_2,Cellpose-SAM cpsam_v2,703,706,0.519298245614035,0.8116883116883117,0.2790897699484323,0.43277256844930495,0.10726252155092839,0.009761476569231077,0.7940035586830164,10.244225784530377
GT_sfGFP_00025_2,Cellpose-SAM cpsam_v2,648,656,0.5179282868525896,0.9307692307692308,0.3135095585220245,0.48540258834289673,0.11572150955562477,0.04805741137560711,0.8379814595747893,4.587876843071925
GT_sfGFP_00025_2,Cellpose-SAM cpsam_v2,330,316,0.5155709342560554,0.9395973154362416,0.588211560607889,0.21221788101379152,0.31017004903413053,0.044547222946048355,0.8531936413999465,4.946800333704309
GT_sfGFP_00025_2,Cellpose-SAM cpsam_v2,361,350,0.5153374233128835,0.9404761904761905,0.23526143161800883,0.5373331711873718,0.19649074464194077,0.04426797216811416,0.8545752444833022,2.6954069367080473
GT_sfGFP_00025_2,Cellpose-SAM cpsam_v2,2,2,0.5145985401459854,0.643312101910828,0.7959589860896922,0.07641717910440698,0.9445565091262319,0.032203154806830635,0.5903922678970553,2.834122320520815
GT_sfGFP_00025_2,Cellpose-SAM cpsam_v2,116,101,0.513595166163142,0.9470588235294117,0.1312696451716151,0.6343139473499845,0.3078015108382622,0.039882362610463726,0.8694055175055089,1.4153972135535537
GT_sfGFP_00025_2,Cellpose-SAM cpsam_v2,586,587,0.5130434782608696,0.9491525423728814,0.2884983592912366,0.5098930062716851,0.1466293611936974,0.03616965212339448,0.8786523729798243,10.33292524584937
GT_sfGFP_00025_2,Cellpose-SAM cpsam_v2,616,613,0.5116279069767442,0.5,0.2934154469727771,0.19468842129238287,0.08263830461635667,0.00032452804391566405,0.5004867920658735,8.691654998393188
GT_sfGFP_00025_2,Cellpose-SAM cpsam_v2,450,444,0.5100671140939598,0.9605263157894737,0.38358664231363887,0.4134672186100898,0.02113991460363234,0.08654808753748429,0.7908465125909847,6.93707971511294
GT_sfGFP_00025_2,Cellpose-SAM cpsam_v2,254,245,0.5094339622641509,0.9197080291970803,0.4003406339073977,0.3214963287726345,0.05966290137785809,0.01966012930398843,0.8819663211171609,22.088329113155684
GT_sfGFP_00025_2,Cellpose-SAM cpsam_v2,97,83,0.5088967971530249,0.965034965034965,0.34027639835227447,0.46883138059479185,0.0875219469987495,0.07863334774826321,0.8105176872918743,2.8336503582156394
GT_sfGFP_00025_2,Cellpose-SAM cpsam_v2,136,118,0.5088495575221239,0.48905109489051096,0.11728608458731375,0.33850941217751135,0.16527588493405324,0.0354820124786157,0.43621656536030945,24.717928711390353
GT_sfGFP_00025_2,Cellpose-SAM cpsam_v2,571,569,0.5083333333333333,0.9672131147540983,0.19409539853968769,0.6419256384650889,0.27274696821473815,0.03849811297874996,0.8914791220090165,1.3480709682823304
GT_sfGFP_00025_2,Cellpose-SAM cpsam_v2,53,45,0.5082508250825083,0.8742138364779874,0.5019311123078911,0.2553350430856658,0.19643844930520055,0.019637556483886535,0.8374088564012693,2.719441935275932
GT_sfGFP_00025_2,Cellpose-SAM cpsam_v2,117,100,0.5080906148867314,0.9681528662420382,0.32900054749627405,0.4586198295329948,0.08886433559471142,0.0386274020131728,0.8921282342543286,4.864593692191815
GT_sfGFP_00025_2,Cellpose-SAM cpsam_v2,632,632,0.5057471264367817,0.9772727272727273,0.29312555882574376,0.5146671507040511,0.14626420846014257,0.018775513796335547,0.9401484159027002,4.3242356540371185
GT_sfGFP_00025_2,Cellpose-SAM cpsam_v2,501,493,0.5043103448275862,0.9829059829059829,0.38338075627362356,0.4570605297117674,0.050567407417672045,0.031253757225519006,0.9209327207152102,5.031821267242995
GT_sfGFP_00025_2,Cellpose-SAM cpsam_v2,460,450,0.5015873015873016,0.9936708860759493,0.5552882763489135,0.3000664847098098,0.19631441517859943,0.019463991140169504,0.9548660936129532,15.06421008391914
GT_sfGFP_00025_2,Cellpose-SAM cpsam_v2,470,465,0.5015384615384615,0.9938650306748467,0.49290091802394265,0.3323266656047679,0.12052168328124489,0.03628655037859834,0.9215145467911383,5.735476614454091
GT_sfGFP_00025_2,Cellpose-SAM cpsam_v2,593,593,0.5,1.0,0.16259247580360375,0.7175152928496773,0.3230962887820076,0.07326561481310322,0.8534687703737935,10.10924283244115
GT_sfGFP_00025_2,Cellpose-SAM cpsam_v2,570,565,0.5,1.0,0.43430957812593124,0.42942102277181987,0.0034199548462158884,0.02731632728149532,0.9453673454370094,3.9585785426982447
GT_sfGFP_00025_2,Cellpose-SAM cpsam_v2,484,474,0.5,0.9787234042553191,0.28449359440576877,0.5885877139631447,0.1914241919942425,0.006093478983260072,0.9907807137328337,36.023603531978175
GT_sfGFP_00025_2,MicroSAM DeepBacs,157,47,0.845679012345679,0.006711409395973154,0.0787615745926477,0.07334131130289269,0.164141218067462,0.0012788077565010737,0.007998799754866852,5.020057120976655
GT_sfGFP_00025_2,MicroSAM DeepBacs,167,50,0.8223350253807107,0.12041884816753927,0.12348600932834611,0.01490770603816012,0.13636088734289567,0.006423679969204296,0.11476870034122345,6.34733568168393
GT_sfGFP_00025_2,MicroSAM DeepBacs,126,36,0.7711864406779662,0.19827586206896552,0.01782257475751696,0.14210897114014479,0.1448743397489603,0.004777022449015308,0.19444600786415153,1.9517472606704176
GT_sfGFP_00025_2,MicroSAM DeepBacs,131,38,0.7510917030567685,0.24890829694323144,0.19849264976606323,0.048546136859273566,0.1575972506032187,0.024005586665333305,0.2308778999718894,2.639878700823751
GT_sfGFP_00025_2,MicroSAM DeepBacs,552,82,0.75,0.09523809523809523,0.06660144368479448,0.0296314262017041,0.03590606943639274,0.006383863501314558,0.08824624473665549,5.639724704945646
GT_sfGFP_00025_2,MicroSAM DeepBacs,52,15,0.7449664429530202,0.03125,0.040350174122410896,0.03665211380895622,0.07993196334900841,0.010575908522071995,0.04215640566338674,6.198116367161899
GT_sfGFP_00025_2,MicroSAM DeepBacs,532,80,0.7391304347826086,0.10526315789473684,0.24301490228208356,0.11213832968308796,0.4000096454647083,0.003764968422367363,0.10942443878261655,1.6998508766899347
GT_sfGFP_00025_2,MicroSAM DeepBacs,623,94,0.7383512544802867,0.2037037037037037,0.09430489419933856,0.13477134353503717,0.04676965913384237,0.014608575031006129,0.19207094951234696,4.872717403007061
GT_sfGFP_00025_2,MicroSAM DeepBacs,23,9,0.7371794871794872,0.10077519379844961,0.003605397630003301,0.051077455433866575,0.04516513750574894,0.007862132355783279,0.09212075353084322,9.198107827228885
GT_sfGFP_00025_2,MicroSAM DeepBacs,45,13,0.7348066298342542,0.0736196319018405,0.010276264468691619,0.0939796166697222,0.11507012762251378,0.01622116273341801,0.058592665197876564,11.68932250742048
GT_sfGFP_00025_2,MicroSAM DeepBacs,687,100,0.7307692307692307,0.0748663101604278,0.10806679762074191,0.14499563131380638,0.2959779367249386,0.003925438703165775,0.07123475456872899,1.1151921978542245
GT_sfGFP_00025_2,MicroSAM DeepBacs,659,99,0.7269372693726938,0.14678899082568808,0.11539684315169131,0.023831132903745333,0.0894343874738906,0.007442861336011725,0.15532438226606848,0.020055450101825276
GT_sfGFP_00025_2,MicroSAM DeepBacs,482,77,0.726457399103139,0.3765432098765432,0.31373207305336276,0.040774215017588274,0.2622642395412937,0.011592817267230047,0.36058519598399813,1.3604083888672807
GT_sfGFP_00025_2,MicroSAM DeepBacs,97,25,0.7216494845360825,0.3356643356643357,0.09993474923241931,0.19712115145160056,0.0811834308510341,0.023416075355527456,0.30438831893072904,0.23454459299717068
GT_sfGFP_00025_2,MicroSAM DeepBacs,72,18,0.7182320441988951,0.2867647058823529,0.07343062450585115,0.20329852565329545,0.10792658544722841,0.030721902378251953,0.2472328462044552,3.0520355621633013
GT_sfGFP_00025_2,MicroSAM DeepBacs,3,4,0.7102803738317757,0.16568047337278108,0.18070133473760147,0.012796379952583654,0.1657835257990147,0.00494121719719657,0.17144035377424688,0.1525697292834244
GT_sfGFP_00025_2,MicroSAM DeepBacs,455,75,0.7098445595854922,0.024539877300613498,0.2281347833129193,0.17304285057100485,0.4851250565533327,0.008069037157357935,0.03280692763974709,2.542182621909578
GT_sfGFP_00025_2,MicroSAM DeepBacs,444,72,0.7096774193548387,0.10714285714285714,0.15274495876598618,0.23695154418523767,0.5107100341814026,0.026081342953661657,0.08385594379137352,2.918625161557123
GT_sfGFP_00025_2,MicroSAM DeepBacs,448,74,0.7071428571428572,0.21296296296296297,0.09293339805993361,0.08863499397885709,0.003948434603747491,0.00915023394354912,0.20186406808699134,3.593378138714019
GT_sfGFP_00025_2,MicroSAM DeepBacs,113,32,0.705607476635514,0.09770114942528736,0.00036839309134853286,0.07145233076531371,0.0663435373024871,0.0054582106798271544,0.09170966528823571,3.550725035325377
GT_sfGFP_00025_2,MicroSAM DeepBacs,107,31,0.7054794520547946,0.03937007874015748,0.050590379357987506,0.03902488753710418,0.012035162691406157,0.015016799276049837,0.024944492034030864,3.079470142563239
GT_sfGFP_00025_2,MicroSAM DeepBacs,111,33,0.7032967032967034,0.19767441860465115,0.07865659828827075,0.06157979298399453,0.018197397260420446,0.0007840592889593014,0.19704534777978847,1.3121058168130255
GT_sfGFP_00025_2,MicroSAM DeepBacs,593,89,0.695906432748538,0.07142857142857142,0.059415644340751736,0.13668012865727985,0.17251623218721407,0.004098024496577543,0.0758193119606188,2.1267082724223703
GT_sfGFP_00025_2,MicroSAM DeepBacs,22,6,0.6939890710382514,0.0,0.009270934777837591,0.030542311412019043,0.04106754390472136,0.007439667956854612,0.007439667956854612,10.144166310090586
GT_sfGFP_00025_2,MicroSAM DeepBacs,582,88,0.6904024767801857,0.14960629921259844,0.2928987602687295,0.10018628550026343,0.4368515832052346,0.005770535918187625,0.15624014365397948,5.694888774617672
GT_sfGFP_00025_2,MicroSAM DeepBacs,429,69,0.6521739130434783,0.17142857142857143,0.0749894092804065,0.09291459678748253,0.016401270108172595,0.008234086272122717,0.18107421534734375,9.287719642325316
GT_sfGFP_00025_2,MicroSAM DeepBacs,374,63,0.6395348837209303,0.5405405405405406,0.1868589506755882,0.2663189228935768,0.0627487837237875,0.020914476523370234,0.5083209415721053,4.263002010380254
GT_sfGFP_00025_2,MicroSAM DeepBacs,79,21,0.639344262295082,0.1308411214953271,0.26008113653906667,0.13331326187625217,0.3471188519968753,0.002128429051671758,0.1289911784877993,9.953526064370797
GT_sfGFP_00025_2,MicroSAM DeepBacs,36,11,0.6371681415929203,0.4666666666666667,0.027423371652617587,0.444608952833762,0.2887878967957303,0.007921183019478193,0.455048931571432,27.622132364515306
GT_sfGFP_00025_2,MicroSAM DeepBacs,450,73,0.6298076923076923,0.23026315789473684,0.23043548415895482,0.00463010785562399,0.2361590338122093,0.01844710967655721,0.207568358490025,8.752983916780133
GT_sfGFP_00025_2,MicroSAM DeepBacs,386,64,0.6258992805755396,0.5393258426966292,0.19208239920866238,0.2609272711833858,0.05459860655572325,0.008831066602411834,0.5257319536569616,4.875083572467286
GT_sfGFP_00025_2,MicroSAM DeepBacs,149,42,0.6172839506172839,0.3185840707964602,0.208797028320497,0.07790216829831692,0.12143482393102874,0.008997502259741129,0.3067201076398104,2.3819903257158
GT_sfGFP_00025_2,MicroSAM DeepBacs,163,52,0.6120218579234973,0.2868217054263566,0.034522709620225196,0.19420982492797542,0.13371780400264355,0.004313491928235836,0.2923724004657918,1.708911427598061
GT_sfGFP_00025_2,MicroSAM DeepBacs,172,53,0.6116504854368932,0.11363636363636363,0.012550980849981292,0.08395623366671096,0.10535218737745283,0.01200193055057669,0.10299828883017066,7.59331913404405
GT_sfGFP_00025_2,MicroSAM DeepBacs,651,98,0.6041666666666666,0.5666666666666667,0.23309874330187993,0.24888108568262463,0.012637185847136375,0.007454485508465416,0.5549879727034042,1.899726034390404
GT_sfGFP_00025_2,MicroSAM DeepBacs,20,5,0.5957446808510638,0.09322033898305085,0.0053773013988847075,0.08814795337240004,0.1025662607406314,0.005752770301399093,0.0984368340868619,12.76214942738133
GT_sfGFP_00025_2,MicroSAM DeepBacs,26,8,0.5942028985507246,0.5,0.3279307875727016,0.12118028310575639,0.18440433495158365,0.008056212463185356,0.48791568130522195,5.470441678488333
GT_sfGFP_00025_2,MicroSAM DeepBacs,161,48,0.589041095890411,0.11382113821138211,0.18566544564195714,0.2405891792039361,0.34359047458354686,0.014706988990308038,0.12685416097515104,27.52318540379785
GT_sfGFP_00025_2,MicroSAM DeepBacs,145,44,0.5880149812734082,0.7006369426751592,0.2824774283074048,0.33291786587318506,0.03784211980138559,0.01665549420122765,0.6723119939380396,0.410341751673566
GT_sfGFP_00025_2,MicroSAM DeepBacs,71,19,0.5843373493975904,0.6565656565656566,0.21770567385994555,0.33006568788652135,0.08447704128441683,0.008976872866825164,0.641694877271118,15.556746718650485
GT_sfGFP_00025_2,MicroSAM DeepBacs,93,24,0.5786516853932584,0.7281553398058253,0.2633468360705558,0.3663506180022028,0.07538605433666289,0.02210181164508704,0.6899599759919856,2.983722855566604
GT_sfGFP_00025_2,MicroSAM DeepBacs,10,2,0.5756097560975609,0.44696969696969696,0.30568726487420417,0.08075067540969644,0.20812995502338003,0.008112849694742035,0.4352306493053354,8.849968693788142
GT_sfGFP_00025_2,MicroSAM DeepBacs,603,93,0.573170731707317,0.2913907284768212,0.29044026913816173,0.06095969786527835,0.244377766056691,0.018945073556802326,0.27796607370478243,1.6838912599321683
GT_sfGFP_00025_2,MicroSAM DeepBacs,121,35,0.5726495726495726,0.09090909090909091,0.06388919340150287,0.035264571222126055,0.02764957188246623,0.022541047003135976,0.06631885781476075,1.0797341167665406
GT_sfGFP_00025_2,MicroSAM DeepBacs,84,22,0.5555555555555556,0.24817518248175183,0.24080803623997374,0.010654425536986496,0.254170502469217,0.005118412119101163,0.25456385746252774,15.421165570045474
GT_sfGFP_00025_2,MicroSAM DeepBacs,2,3,0.5543478260869565,0.17834394904458598,0.3778023901547719,0.4000987398603216,1.2967152791677257,0.03391221819107895,0.1504797697665657,8.311512014111642
GT_sfGFP_00025_2,MicroSAM DeepBacs,82,26,0.5487804878048781,0.30666666666666664,0.2858290296321924,0.04402920684997522,0.25293641240383635,0.04298029482849305,0.27686699558557815,3.4906328320836737
GT_sfGFP_00025_2,MicroSAM DeepBacs,588,91,0.5471698113207547,0.35406698564593303,0.4941149287879066,0.09764194956721033,0.6557894375423347,0.02068831273812102,0.3820803469133409,1.5096472604800928
GT_sfGFP_00025_2,MicroSAM DeepBacs,396,66,0.5461254612546126,0.06018518518518518,0.2760059964311287,0.2666325202794617,0.7399271602790073,0.03302287874072146,0.029149794516821956,5.587295875206676
GT_sfGFP_00025_2,MicroSAM DeepBacs,526,79,0.5458937198067633,0.5396825396825397,0.36567499915464025,0.10123391257491716,0.24013162286421433,0.0011268634259532387,0.5379475277409926,3.6006514416668383
GT_sfGFP_00025_2,MicroSAM DeepBacs,203,56,0.5401069518716578,0.6181818181818182,1.0173103698078205,0.147336274570139,1.3658920974863988,0.0014609354729223927,0.6158177589619983,11.049157852604855
GT_sfGFP_00025_2,MicroSAM DeepBacs,420,68,0.539568345323741,0.08928571428571429,0.025946697697422576,0.06173349052499269,0.03814139422667251,0.01846011495805861,0.07247382387748233,12.979329869541345
GT_sfGFP_00025_2,MicroSAM DeepBacs,405,65,0.5333333333333333,0.2077922077922078,0.2605928229079625,0.0652784272405689,0.305902421203298,0.02775694730325066,0.18580293785067156,4.349928183855753
GT_sfGFP_00025_2,MicroSAM DeepBacs,556,84,0.5263157894736842,0.053691275167785234,0.17886920051853542,0.24744314905484674,0.5664852416637584,0.041409522369821684,0.014505082858088205,35.11641544607091
GT_sfGFP_00025_2,MicroSAM DeepBacs,91,23,0.5232558139534884,0.9111111111111111,0.36479289378340873,0.4918859843263556,0.08518954657271222,0.009223398811711222,0.8934841711598408,5.952422460007992
GT_sfGFP_00025_2,MicroSAM DeepBacs,38,12,0.5220125786163522,0.38666666666666666,0.16712362447147672,0.20998941350183178,0.05425976532841611,0.016162404443459986,0.3767537252746779,11.92995128486851
GT_sfGFP_00025_2,MicroSAM DeepBacs,44,16,0.52,0.02666666666666667,0.037478525164333004,0.005422550269538824,0.03223074774466451,0.03914472450101058,0.06685525048770419,11.692713263171123
GT_sfGFP_00025_2,MicroSAM DeepBacs,579,87,0.5084175084175084,0.9668874172185431,0.4336470856489967,0.3467885923861174,0.06449304200668288,0.024006574829500558,0.919669187255883,1.2365156582355783
GT_sfGFP_00025_2,MicroSAM DeepBacs,134,37,0.5026178010471204,0.9895833333333334,0.13934710323726082,0.7163358664095955,0.3361747397258195,0.045473954702270294,0.8991091109569413,14.042241173682774
GT_sfGFP_00025_2,MicroSAM DeepBacs,417,67,0.5,0.5,0.15825699569265192,0.2775513437708663,0.1651250189887247,0.015120422323027467,0.49243978883848627,11.708558255428773
GT_sfGFP_00025_2,MicroSAM DeepBacs,21,7,0.5,0.47058823529411764,0.22886233554894145,0.2486863326088116,0.015875882150846406,0.014525033183994389,0.49194857821175647,11.416780681783209
GT_sfGFP_00025_2,Omnipose bact_fluor,593,153,0.7575757575757576,0.07142857142857142,0.05359648032840469,0.12427491188738062,0.15820987405756765,0.007971086918163096,0.07996902169803188,3.4519518733991696
GT_sfGFP_00025_2,Omnipose bact_fluor,659,169,0.7290969899665551,0.37155963302752293,0.1955712886440518,0.14900549364139967,0.04052704296049699,0.03891259405133368,0.3181886898103267,0.07581544429004142
GT_sfGFP_00025_2,Omnipose bact_fluor,701,181,0.725925925925926,0.0990990990990991,0.028596541371976467,0.04590074502766522,0.07808127509941483,0.010576997981712822,0.11072426805197265,3.681942016600645
GT_sfGFP_00025_2,Omnipose bact_fluor,450,101,0.6696428571428571,0.4605263157894737,0.31385509495500646,0.1025609911216213,0.1916393791679845,0.03288987514469749,0.4124897876176129,4.486685716898612
GT_sfGFP_00025_2,Omnipose bact_fluor,271,42,0.6567164179104478,0.25196850393700787,0.01481369695871154,0.24386472920872057,0.30292335392622544,0.04348581838036263,0.21943974215642165,2.7231910166061875
GT_sfGFP_00025_2,Omnipose bact_fluor,722,185,0.6438356164383562,0.208955223880597,0.0014530273121855727,0.216666608625838,0.27474072174571057,0.0167114507061264,0.1957357180981388,17.51138418961376
GT_sfGFP_00025_2,Omnipose bact_fluor,97,11,0.6331658291457286,0.2727272727272727,0.2101382582561217,0.25955845283095497,0.03923612632963383,0.023487919993810807,0.24283355637151352,6.331630602211614
GT_sfGFP_00025_2,Omnipose bact_fluor,134,16,0.6216216216216216,0.125,0.09887718443993641,0.05590354695293011,0.16394588804280735,0.005368019082285172,0.12030298330300047,2.376920056131448
GT_sfGFP_00025_2,Omnipose bact_fluor,309,51,0.609375,0.11585365853658537,0.2377593567571387,0.05684835318056691,0.2787606273417457,0.002269195285417623,0.11785995924625339,5.281518969200906
GT_sfGFP_00025_2,Omnipose bact_fluor,386,76,0.6,0.5168539325842697,0.10664063655924383,0.37569510207320944,0.195577105063828,0.013963904728570344,0.4956727287825057,9.63041955083649
GT_sfGFP_00025_2,Omnipose bact_fluor,361,67,0.5982142857142857,0.13095238095238096,0.07221849739624547,0.05196403944216673,0.019253945186965903,0.003479973472443057,0.12701669666807036,3.0273581053183887
GT_sfGFP_00025_2,Omnipose bact_fluor,72,7,0.5847953216374269,0.007352941176470588,0.09495816569300779,0.002604043071432774,0.09781692825874141,0.023217463478118216,0.030399688011367346,2.031976163858312
GT_sfGFP_00025_2,Omnipose bact_fluor,155,22,0.5748502994011976,0.5784313725490197,0.0013519820390357335,0.5534407086035827,0.35713798896214843,0.03096353573763568,0.5295575563356927,1.799567584024565
GT_sfGFP_00025_2,Omnipose bact_fluor,728,186,0.56,0.7529411764705882,0.1951016135916284,0.5015872489276584,0.20410777699058322,0.029074684555247435,0.7019749647208016,6.6893703968882825
GT_sfGFP_00025_2,Omnipose bact_fluor,544,131,0.5545023696682464,0.6451612903225806,0.2785922006990332,0.2933204609941125,0.011387943467436028,0.024415772710368943,0.6049934061861673,5.863399333466228
GT_sfGFP_00025_2,Omnipose bact_fluor,165,23,0.5517241379310345,0.21311475409836064,0.05772970002381151,0.3044294249339909,0.2776379603489311,0.009557402419611914,0.20152052821227406,4.6912806944102226
GT_sfGFP_00025_2,Omnipose bact_fluor,393,80,0.519774011299435,0.1693548387096774,0.036064314188507675,0.18616258461266472,0.1265410596922266,0.022265065450096964,0.14331907669141888,1.9045589348376553
GT_sfGFP_00025_2,Omnipose bact_fluor,482,119,0.5181347150259067,0.19135802469135801,0.1311655760271421,0.009032620678578624,0.12324619144597439,0.006370506769352793,0.19650948386904454,4.721913499419083
GT_sfGFP_00025_2,Omnipose bact_fluor,7,2,0.5166666666666667,0.9354838709677419,0.05927457515446738,0.9033494429119105,0.44346815604501066,0.03063491566792878,0.8761904858040088,1.7571079051299388
GT_sfGFP_00025_2,Omnipose bact_fluor,323,53,0.5146443514644351,0.2911392405063291,0.22374056329487027,0.29176600377107087,0.05266080720317217,0.012154921708888851,0.27544554412270045,0.9567379463472939
GT_sfGFP_00025_2,Omnipose bact_fluor,693,178,0.512,0.12359550561797752,0.17312766489382678,0.016932905811907237,0.15359396690700616,0.02407754382510287,0.150648925646183,34.24810183998995
GT_sfGFP_00025_2,Omnipose bact_fluor,366,69,0.5104166666666666,0.1323529411764706,0.03355385308594595,0.08725952574990474,0.04939544919316007,0.034819311925295325,0.1717806914448197,5.553681121584271
GT_sfGFP_00025_2,Omnipose bact_fluor,455,99,0.5102739726027398,0.7055214723926381,0.19384326403563654,0.6288531858087777,0.2670651508454673,0.05587215836934088,0.6102303065848051,16.10447659979389
GT_sfGFP_00025_2,Omnipose bact_fluor,201,28,0.5069767441860465,0.20408163265306123,0.24996964598873964,0.028386199342275334,0.21546715308721812,0.015293279111755105,0.18566727617156017,36.57901266264711
GT_sfGFP_00025_2,Omnipose bact_fluor,633,164,0.5031847133757962,0.14545454545454545,0.16556569635478283,0.5920115282235677,0.47586164493650784,0.0173968040500241,0.1255272971790633,18.00232226474164
GT_sfGFP_00025_3,Cellpose-SAM cpsam_v2,371,408,0.7975460122699386,0.1975,0.20384667702294287,0.002126670736494069,0.20641231879747546,0.0400873177097676,0.1494954370425533,1.1951674914297565
GT_sfGFP_00025_3,Cellpose-SAM cpsam_v2,517,564,0.788546255506608,0.1368421052631579,0.011149505380944145,0.12169319367186666,0.1184305118389367,0.01703412590525092,0.11747699370771475,6.187397777156867
GT_sfGFP_00025_3,Cellpose-SAM cpsam_v2,384,417,0.7701863354037267,0.2619047619047619,0.19354538643907943,0.05377604095569353,0.13263667046047656,0.017875819732387797,0.23934717986151063,1.8552838513281227
GT_sfGFP_00025_3,Cellpose-SAM cpsam_v2,571,632,0.689922480620155,0.24742268041237114,0.041754601297734895,0.16448878132141562,0.10539747741013601,0.011570608030585905,0.23298924152885675,7.364326051182739
GT_sfGFP_00025_3,Cellpose-SAM cpsam_v2,349,376,0.6788990825688074,0.47297297297297297,0.11095053710553879,0.3310900966231026,0.16538291440680464,0.03003653796384569,0.4287299643505516,3.140797491888275
GT_sfGFP_00025_3,Cellpose-SAM cpsam_v2,13,19,0.6785714285714286,0.3590733590733591,0.22912983889486865,0.11372758097897644,0.10361803001632817,0.01639446504020789,0.336792078400953,4.779154176250001
GT_sfGFP_00025_3,Cellpose-SAM cpsam_v2,37,35,0.6680327868852459,0.4892966360856269,0.2555046171033803,0.18281191926735865,0.061457529005159,0.12278840871332217,0.30642827203856915,1.968133600601317
GT_sfGFP_00025_3,Cellpose-SAM cpsam_v2,255,286,0.6527093596059114,0.5320754716981132,0.36193196228163416,0.14369013618982773,0.19082251318427304,0.0185951477273216,0.5035863019724809,2.7529005603915326
GT_sfGFP_00025_3,Cellpose-SAM cpsam_v2,89,93,0.6518218623481782,0.5341614906832298,0.2846675414593954,0.20836549368953086,0.06314484166283973,0.05675206764159311,0.44709465399084786,1.4764275222914702
GT_sfGFP_00025_3,Cellpose-SAM cpsam_v2,29,31,0.6487341772151899,0.4009216589861751,0.2563714070494661,0.10577827018536044,0.13618746264462397,0.03258503717683765,0.35527257464627354,9.122220323216636
GT_sfGFP_00025_3,Cellpose-SAM cpsam_v2,80,87,0.6480836236933798,0.543010752688172,0.1347253826546379,0.3656605349669344,0.16910143216365836,0.0579540137109975,0.45358708637066514,6.530118121416921
GT_sfGFP_00025_3,Cellpose-SAM cpsam_v2,15,18,0.6464646464646465,0.546875,0.11859412314409827,0.3225542711855092,0.15421684575453032,0.04393378267633414,0.47891492992254564,1.0355021469028962
GT_sfGFP_00025_3,Cellpose-SAM cpsam_v2,547,592,0.6458333333333334,0.44015444015444016,0.14467700099198538,0.26425612904256135,0.09458457452061933,0.02405609118620769,0.4055099536198631,4.940062772925271
GT_sfGFP_00025_3,Cellpose-SAM cpsam_v2,239,266,0.6411290322580645,0.559748427672956,0.123052762836562,0.35270312935509934,0.16977144617682888,0.035720958389110574,0.5040327189905697,1.019586388840371
GT_sfGFP_00025_3,Cellpose-SAM cpsam_v2,344,371,0.6409395973154363,0.533678756476684,0.15301991861601172,0.3276537156939542,0.13153565196528877,0.02639295348794337,0.493200444391548,3.699103265077263
GT_sfGFP_00025_3,Cellpose-SAM cpsam_v2,376,413,0.6404109589041096,0.291866028708134,0.11054306121125702,0.1886052397491187,0.06567544541057081,0.0020333443365304596,0.2892392202351042,8.984639092807388
GT_sfGFP_00025_3,Cellpose-SAM cpsam_v2,110,116,0.6391304347826087,0.564625850340136,0.1928036896808953,0.3303160139958248,0.10336816430698174,0.015583141128730963,0.540244064900625,4.174633464853684
GT_sfGFP_00025_3,Cellpose-SAM cpsam_v2,108,115,0.6386138613861386,0.5461538461538461,0.2553708985505666,0.2144801563952533,0.033669337403323826,0.08798330316070567,0.41011812357460126,2.204995205902582
GT_sfGFP_00025_3,Cellpose-SAM cpsam_v2,574,633,0.6358974358974359,0.45384615384615384,0.16540219271808815,0.17825582900533196,0.01090903687537423,0.019932804817041676,0.4248669222275317,23.034338078691842
GT_sfGFP_00025_3,Cellpose-SAM cpsam_v2,152,168,0.633177570093458,0.5793357933579336,0.21867404321871792,0.313534924534536,0.07221801228424364,0.09571494704010557,0.42816975153813586,3.1069793166390736
GT_sfGFP_00025_3,Cellpose-SAM cpsam_v2,346,374,0.6314363143631436,0.5836909871244635,0.2802539292145053,0.26946011221694866,0.008502683064776796,0.026561496666905018,0.5416257842485496,1.4538061508187452
GT_sfGFP_00025_3,Cellpose-SAM cpsam_v2,568,625,0.6284403669724771,0.572463768115942,0.14917577366167886,0.3800505735203237,0.16729444868800297,0.02451144482897021,0.5339204092182135,10.563794374202386
GT_sfGFP_00025_3,Cellpose-SAM cpsam_v2,177,198,0.6283783783783784,0.5638297872340425,0.2193767365389049,0.2825142913166119,0.049229513624281566,0.022755303136214065,0.5282443663720908,5.907421183351412
GT_sfGFP_00025_3,Cellpose-SAM cpsam_v2,350,378,0.6266318537859008,0.5850622406639004,0.09179718449634176,0.45283792117973676,0.24850723636826738,0.07772544600360352,0.4618625710648276,1.917411308687869
GT_sfGFP_00025_3,Cellpose-SAM cpsam_v2,321,344,0.6233333333333333,0.6042780748663101,0.20860183125681542,0.32779398054976394,0.08976705049046671,0.022741158607858157,0.5677949327146661,4.292604878835182
GT_sfGFP_00025_3,Cellpose-SAM cpsam_v2,179,195,0.6231884057971014,0.5895953757225434,0.15096388555044335,0.39028555712537527,0.1721385008629202,0.026190418821062406,0.5479632070763459,10.42268921958871
GT_sfGFP_00025_3,Cellpose-SAM cpsam_v2,681,745,0.6229508196721312,0.1366906474820144,0.16165417400859258,0.37725553477192203,0.39129246183770816,0.011292683275059511,0.1495269349457511,25.69628123336397
GT_sfGFP_00025_3,Cellpose-SAM cpsam_v2,268,290,0.6181384248210023,0.6177606177606177,0.14486626676631575,0.4087582565334248,0.1873224086128704,0.06608426477025058,0.510852096761641,2.121146478772972
GT_sfGFP_00025_3,Cellpose-SAM cpsam_v2,207,231,0.615686274509804,0.6242038216560509,0.22062805639054034,0.31042447768579096,0.06852468251648583,0.04539500026040656,0.5504730887490212,1.2672893620551966
GT_sfGFP_00025_3,Cellpose-SAM cpsam_v2,195,214,0.6148148148148148,0.6265060240963856,0.22621464526549634,0.38086344181072423,0.11199427246943197,0.014468532594959225,0.6029728686708494,9.672343008725463
GT_sfGFP_00025_3,Cellpose-SAM cpsam_v2,113,120,0.6145454545454545,0.5517241379310345,0.2493354469240541,0.27502601519547726,0.020149054188109666,0.02606898029712809,0.5112722719527323,2.6561913942176307
GT_sfGFP_00025_3,Cellpose-SAM cpsam_v2,324,345,0.6105263157894737,0.10550458715596331,0.04659286988176395,0.17886553484933249,0.19125031487150204,0.010602611460169784,0.11722582276101338,14.373531479380965
GT_sfGFP_00025_3,Cellpose-SAM cpsam_v2,535,578,0.6104972375690608,0.4808510638297872,0.05434771985045536,0.44253671665595845,0.26910164041119883,0.024613728583328404,0.4444017976723477,6.85947273452075
GT_sfGFP_00025_3,Cellpose-SAM cpsam_v2,23,26,0.6103896103896104,0.4701195219123506,0.13394565167278885,0.271203223987331,0.10797453131373586,0.029745940322904032,0.4263894343460096,4.084428224489087
GT_sfGFP_00025_3,Cellpose-SAM cpsam_v2,245,268,0.6076923076923076,0.38857142857142857,0.03855756273678918,0.33787245969924995,0.22372453726250252,0.012859594620569664,0.3707149628982947,0.11553138303544032
GT_sfGFP_00025_3,Cellpose-SAM cpsam_v2,27,24,0.6075581395348837,0.645933014354067,0.30822244337506394,0.27937836376966985,0.022545386433146804,0.025087602828820745,0.6046405006071084,1.9529914194971931
GT_sfGFP_00025_3,Cellpose-SAM cpsam_v2,488,528,0.6065573770491803,0.6486486486486487,0.23904382037626115,0.3272033526778221,0.06642503737176852,0.05072011289155311,0.5650290030706827,1.3072420272757457
GT_sfGFP_00025_3,Cellpose-SAM cpsam_v2,493,533,0.6055045871559633,0.5925925925925926,0.4104380080176355,0.1174063532872217,0.2622426961045675,0.016753248704805192,0.5659114928034584,4.8648549473248766
GT_sfGFP_00025_3,Cellpose-SAM cpsam_v2,211,232,0.5990990990990991,0.6691729323308271,0.3274546838884471,0.29292289028218754,0.026708316378189295,0.020810273935008197,0.6344369863641216,1.4979639139892211
GT_sfGFP_00025_3,Cellpose-SAM cpsam_v2,256,284,0.592797783933518,0.6869158878504673,0.3664688091408018,0.21522045722229433,0.12446165715826199,0.021173314961067356,0.6511982864441808,3.5592305436459495
GT_sfGFP_00025_3,Cellpose-SAM cpsam_v2,537,585,0.5906432748538012,0.5660377358490566,0.26233756981192285,0.2207474366224191,0.034069400386844806,0.03044140249051183,0.5183653508167456,34.36434754098331
GT_sfGFP_00025_3,Cellpose-SAM cpsam_v2,187,208,0.5899772209567198,0.6142322097378277,0.08225819825314645,0.47326536609353614,0.265401723843663,0.019441076407938556,0.5828497980081591,0.5280215038620013
GT_sfGFP_00025_3,Cellpose-SAM cpsam_v2,527,575,0.5891238670694864,0.38009049773755654,0.37792302875056594,0.014328197995524821,0.3584587626308357,0.020962408110961794,0.3511604774939215,15.457053464216923
GT_sfGFP_00025_3,Cellpose-SAM cpsam_v2,21,20,0.5887640449438202,0.6984732824427481,0.2476523120027645,0.368900039953567,0.08857310571407043,0.021364967785091192,0.6621854554795207,3.88795961526162
GT_sfGFP_00025_3,Cellpose-SAM cpsam_v2,555,613,0.5869565217391305,0.6838235294117647,0.14959469289889707,0.49169989434048783,0.22933916047023833,0.030198558292082494,0.6329744864052435,8.954319307007411
GT_sfGFP_00025_3,Cellpose-SAM cpsam_v2,146,154,0.5847665847665847,0.611336032388664,0.35885591133614025,0.1906140620281119,0.14130678838232633,0.032164627010938605,0.5595080099175969,4.062141490864636
GT_sfGFP_00025_3,Cellpose-SAM cpsam_v2,96,102,0.5842696629213483,0.5029585798816568,0.21561858848429552,0.22514057132918114,0.007772155349124375,0.03694940912265264,0.44742514841920844,10.881734342667436
GT_sfGFP_00025_3,Cellpose-SAM cpsam_v2,542,589,0.5838709677419355,0.712707182320442,0.4139888886891875,0.17489549354654854,0.20350184033893065,0.042913081625770476,0.6392096392044815,5.909827603180609
GT_sfGFP_00025_3,Cellpose-SAM cpsam_v2,4,6,0.5838323353293413,0.5931372549019608,0.1331971444854533,0.3820960948641645,0.18008802087178574,0.04694831444355534,0.518342146107081,7.873236517787415
GT_sfGFP_00025_3,Cellpose-SAM cpsam_v2,202,220,0.5822368421052632,0.6284153005464481,0.24007580693862887,0.32197617972642906,0.0619529867813116,0.03059481330212866,0.5785942384478998,1.9467878800904002
GT_sfGFP_00025_3,Cellpose-SAM cpsam_v2,233,258,0.5819672131147541,0.7183098591549296,0.18796105093418397,0.42237480209043343,0.16480448810801246,0.022676557031277866,0.6793445076363958,8.819343952042484
GT_sfGFP_00025_3,Cellpose-SAM cpsam_v2,677,743,0.5814977973568282,0.6204379562043796,0.5421946745353476,0.09477438567535688,0.4086872096335914,0.02378221856676871,0.5819003465560391,19.92857770048356
GT_sfGFP_00025_3,Cellpose-SAM cpsam_v2,487,530,0.5813953488372093,0.72,0.26003556409426737,0.4023246149679088,0.10146655728274262,0.028578021273915257,0.6708458034088658,4.479002830650135
GT_sfGFP_00025_3,Cellpose-SAM cpsam_v2,539,582,0.5813333333333334,0.6591928251121076,0.18929317440153554,0.4023291667215606,0.15191582502564066,0.014285141837672703,0.6354910202693322,2.9131926434676463
GT_sfGFP_00025_3,Cellpose-SAM cpsam_v2,325,339,0.5791044776119403,0.6852791878172588,0.33175401022408096,0.24774737816054188,0.06732663480918999,0.022025182101725806,0.6481606068133352,10.80181749586998
GT_sfGFP_00025_3,Cellpose-SAM cpsam_v2,510,550,0.5784313725490197,0.5287958115183246,0.36670616334083905,0.12110874913540044,0.2190665396152187,0.028251502078652676,0.4856050334713792,11.483321334488746
GT_sfGFP_00025_3,Cellpose-SAM cpsam_v2,68,68,0.575,0.7096774193548387,0.19442088335856592,0.4063092907410751,0.15066984821728044,0.037632691232685075,0.6453376569247642,4.350690715981783
GT_sfGFP_00025_3,Cellpose-SAM cpsam_v2,451,495,0.5743801652892562,0.7410071942446043,0.21848871504519507,0.399404063437267,0.12928027945531395,0.05649420775327992,0.6426503721129947,5.295791554152653
GT_sfGFP_00025_3,Cellpose-SAM cpsam_v2,673,726,0.5740072202166066,0.7421383647798742,0.35692413803437895,0.2939583514553767,0.04866137036650494,0.021552346715607386,0.7045911947155771,14.261232890030502
GT_sfGFP_00025_3,Cellpose-SAM cpsam_v2,307,343,0.5738255033557047,0.09375,0.08092032122897043,0.015293743443874384,0.06463802048310752,0.023152073141220177,0.11907257999820957,22.57176874213525
GT_sfGFP_00025_3,Cellpose-SAM cpsam_v2,313,336,0.573134328358209,0.7025641025641025,0.5848634545935137,0.08494528617766509,0.4607773081139361,0.032588098375410546,0.647080776099301,8.326389185453714
GT_sfGFP_00025_3,Cellpose-SAM cpsam_v2,70,74,0.5710955710955711,0.6640316205533597,0.42226169704560007,0.24889349672297362,0.13881744182152822,0.018051927250184032,0.6339926427971246,0.881650949221539
GT_sfGFP_00025_3,Cellpose-SAM cpsam_v2,178,194,0.5703125,0.7534246575342466,0.23980276230190226,0.40569988985906064,0.11801745788981431,0.02656085276510861,0.7068522033707685,1.2987920722698734
GT_sfGFP_00025_3,Cellpose-SAM cpsam_v2,93,101,0.5668789808917197,0.607773851590106,0.3367921712121959,0.2210820861104696,0.09476028386453478,0.021639395652566545,0.5729825970956969,13.057108956809971
GT_sfGFP_00025_3,Cellpose-SAM cpsam_v2,249,277,0.5659340659340659,0.6027397260273972,0.1527682966262956,0.409649910723848,0.1822307880441357,0.018234675272253024,0.5735142875773479,0.7823396069471027
GT_sfGFP_00025_3,Cellpose-SAM cpsam_v2,375,409,0.5653495440729484,0.7688172043010753,0.23510429854769482,0.38687615941489584,0.10943432824689373,0.04565536726015764,0.6880612052226244,0.6567863578560564
GT_sfGFP_00025_3,Cellpose-SAM cpsam_v2,631,697,0.5630252100840336,0.0782122905027933,0.03665580020770189,0.1113328084583822,0.13316317806847694,0.005184712484397717,0.08380251122619418,47.609104635898206
GT_sfGFP_00025_3,Cellpose-SAM cpsam_v2,198,222,0.562929061784897,0.7764227642276422,0.29453869555433976,0.40481974450473684,0.07850192124775134,0.040425510405784404,0.7046099672872854,2.014585381095578
GT_sfGFP_00025_3,Cellpose-SAM cpsam_v2,55,59,0.5629139072847682,0.7764705882352941,0.32011212459612975,0.3567593659736942,0.027010863014211833,0.1669348103213328,0.4799158075468088,0.6008864991993251
GT_sfGFP_00025_3,Cellpose-SAM cpsam_v2,456,497,0.5623003194888179,0.7784090909090909,0.3010980104739197,0.36907607595340935,0.04965251140784874,0.03478243296336605,0.7165516959231047,1.728325352661391
GT_sfGFP_00025_3,Cellpose-SAM cpsam_v2,606,665,0.5621621621621622,0.2755905511811024,0.09692478701117925,0.3523868931162127,0.332236050507761,0.007486883873415139,0.2660403528543838,6.725063665522107
GT_sfGFP_00025_3,Cellpose-SAM cpsam_v2,658,733,0.5575221238938053,0.3891402714932127,0.25995165167237466,0.12346996623376064,0.12148227326106927,0.01213348113376876,0.40599537876953395,12.207766159264056
GT_sfGFP_00025_3,Cellpose-SAM cpsam_v2,523,569,0.5571428571428572,0.5952380952380952,0.07447208027608394,0.5127705181589907,0.28973227110236555,0.0022806725354273232,0.5915998795268184,5.708580057478224
GT_sfGFP_00025_3,Cellpose-SAM cpsam_v2,98,103,0.5570291777188329,0.755868544600939,0.16391930671821237,0.5478823391743303,0.24805698904797316,0.036726961800616416,0.6913808276364763,4.274899058476644
GT_sfGFP_00025_3,Cellpose-SAM cpsam_v2,173,186,0.5560253699788583,0.6763636363636364,0.17727871356190458,0.3713586017438059,0.14152380561518432,0.014606092446877333,0.6518785141163256,0.8170936083969124
GT_sfGFP_00025_3,Cellpose-SAM cpsam_v2,486,532,0.5555555555555556,0.8,0.3068078729102984,0.3615275998184902,0.040189950549285126,0.0229110279793818,0.7587601496371128,3.127493820328149
GT_sfGFP_00025_3,Cellpose-SAM cpsam_v2,358,393,0.5555555555555556,0.1,0.0002590798997916893,0.10694718464449451,0.09684858142415931,0.021235001814385868,0.12335850199582446,69.80359746456926
GT_sfGFP_00025_3,Cellpose-SAM cpsam_v2,589,646,0.5551839464882943,0.569060773480663,0.06316106823522355,0.6828280896212101,0.4432949286129098,0.03751714750775835,0.5101940889933515,16.47649139460704
GT_sfGFP_00025_3,Cellpose-SAM cpsam_v2,140,145,0.5534351145038168,0.75,0.40795617750559954,0.2693983820449984,0.10915233343639916,0.04423608960130033,0.6725868431977244,2.001411680672578
GT_sfGFP_00025_3,Cellpose-SAM cpsam_v2,100,106,0.5518518518518518,0.8120805369127517,0.36529860841384315,0.31709532033982163,0.036598177314596185,0.04015022349951,0.7393250983565927,11.128597009527224
GT_sfGFP_00025_3,Cellpose-SAM cpsam_v2,159,167,0.550755939524838,0.6992481203007519,0.33999630975212886,0.29497057681252703,0.03476969573349633,0.03208726231166229,0.6447239001320626,6.064158313758452
GT_sfGFP_00025_3,Cellpose-SAM cpsam_v2,408,447,0.5492424242424242,0.6907894736842105,0.12809427214549987,0.45576574675713494,0.22508530327874274,0.01379508926744374,0.6674648819622826,8.801788874231836
GT_sfGFP_00025_3,Cellpose-SAM cpsam_v2,332,361,0.5488505747126436,0.7927461139896373,0.2421682999413221,0.47540667877941,0.15808412839166733,0.03385612842271051,0.7320506713250889,6.082038878987579
GT_sfGFP_00025_3,Cellpose-SAM cpsam_v2,8,12,0.5448113207547169,0.8354978354978355,0.4859869714706487,0.2841754043070478,0.1571526494641907,0.015782169036633417,0.8065296983916339,2.422483371775035
GT_sfGFP_00025_3,Cellpose-SAM cpsam_v2,643,708,0.5444444444444444,0.8367346938775511,0.347261015396827,0.3202981771461264,0.020421779502098367,0.04450543506200045,0.7549900172330604,2.719733786120929
GT_sfGFP_00025_3,Cellpose-SAM cpsam_v2,341,373,0.5444015444015444,0.2988505747126437,0.20505780466282392,0.6419649120737109,0.5158592065568514,0.02100372314453125,0.271569876835264,8.7264265925261
GT_sfGFP_00025_3,Cellpose-SAM cpsam_v2,162,175,0.5441988950276243,0.8375634517766497,0.3760075746154645,0.35925877216781854,0.01232201166591264,0.043837486113315345,0.757009289477055,3.2536961255155514
GT_sfGFP_00025_3,Cellpose-SAM cpsam_v2,72,76,0.542997542997543,0.8416289592760181,0.42131644834579757,0.27773700282920905,0.11237010840154892,0.05107407673062742,0.7475694605006092,4.028640915306739
GT_sfGFP_00025_3,Cellpose-SAM cpsam_v2,297,320,0.5425531914893617,0.8431372549019608,0.2770079963726852,0.43625505111059837,0.1108765846391794,0.03415839425318343,0.7801786458862894,5.99733474737333
GT_sfGFP_00025_3,Cellpose-SAM cpsam_v2,121,126,0.5423728813559322,0.84375,0.20253148978780885,0.5088753267577052,0.20302793182268591,0.05479288059405127,0.742725626404718,3.3528206392770312
GT_sfGFP_00025_3,Cellpose-SAM cpsam_v2,293,317,0.5393258426966292,0.7959183673469388,0.13895528353673883,0.5247409340098278,0.2530171794224307,0.04973339171057557,0.7066012557034561,6.8516567303146685
GT_sfGFP_00025_3,Cellpose-SAM cpsam_v2,165,178,0.539179104477612,0.6357827476038339,0.035688829284525235,0.664369417971628,0.42061470229927456,0.029450428320153977,0.5876082450481827,1.6932989474020865
GT_sfGFP_00025_3,Cellpose-SAM cpsam_v2,3,5,0.5387596899224806,0.8561151079136691,0.246822907547488,0.48652620696064763,0.1612506380921848,0.039749347289128344,0.7823357438806107,8.118318319304263
GT_sfGFP_00025_3,Cellpose-SAM cpsam_v2,434,469,0.5378486055776892,0.7769784172661871,0.27758268858896484,0.3459420912926951,0.050789259913905475,0.017843986739851096,0.7452700379514876,1.8876422694058743
GT_sfGFP_00025_3,Cellpose-SAM cpsam_v2,545,588,0.5367647058823529,0.5802469135802469,0.03763878410997248,0.5966825378728429,0.3501283069755672,0.0009844976920036028,0.5818026630194625,18.869843082391494
GT_sfGFP_00025_3,Cellpose-SAM cpsam_v2,633,700,0.5358851674641149,0.5476190476190477,0.3440154783991618,0.1607318441728218,0.15790351160474483,0.020019342046204928,0.51663673254754,34.447481655991425
GT_sfGFP_00025_3,Cellpose-SAM cpsam_v2,616,677,0.5356200527704486,0.8390243902439024,0.22752752496983059,0.49096390934270795,0.17668863929041273,0.05829065211585908,0.7318264592796152,2.222166710086158
GT_sfGFP_00025_3,Cellpose-SAM cpsam_v2,168,182,0.5333333333333333,0.875,0.27901100053717853,0.4811928247050585,0.1364993272959848,0.052866973892594,0.7758744239513863,1.2388512765790165
GT_sfGFP_00025_3,Cellpose-SAM cpsam_v2,575,634,0.532967032967033,0.8762886597938144,0.20307025227349548,0.5728709915664689,0.2351119330674908,0.04068541644876949,0.7999510742919995,9.247885793658973
GT_sfGFP_00025_3,Cellpose-SAM cpsam_v2,654,719,0.5315315315315315,0.8813559322033898,0.3969028997884427,0.3824311542223806,0.010468330029933734,0.02776745594533423,0.829115464238439,3.2470026398713614
GT_sfGFP_00025_3,Cellpose-SAM cpsam_v2,81,83,0.5286885245901639,0.8914728682170543,0.15601353689989136,0.6602651973784993,0.3037175393875652,0.02791183079705664,0.8386783975621565,3.194976755704066
GT_sfGFP_00025_3,Cellpose-SAM cpsam_v2,396,433,0.5276967930029155,0.8791208791208791,0.4207237257044327,0.3127990969340646,0.08220955439595998,0.03942712874411544,0.8050325382940249,2.8986601677119377
GT_sfGFP_00025_3,Cellpose-SAM cpsam_v2,668,736,0.5275229357798165,0.5037593984962406,0.1837534443057278,0.2779250574932935,0.07369102956028387,0.006457203276531395,0.4940493183811558,1.9394771747027906
GT_sfGFP_00025_3,Cellpose-SAM cpsam_v2,278,301,0.5268817204301075,0.8979591836734694,0.1748407322506162,0.6157962901107948,0.2729029399058358,0.0572971683543801,0.7892114967967888,0.5310065666994723
GT_sfGFP_00025_3,Cellpose-SAM cpsam_v2,47,45,0.5238095238095238,0.26666666666666666,0.04091945120163218,0.22109851463690536,0.14755489526481783,0.0042698731621628235,0.2612581606612604,1.1463636024140282
GT_sfGFP_00025_3,Cellpose-SAM cpsam_v2,266,291,0.5228571428571429,0.912568306010929,0.14506417102985916,0.6464998931977546,0.30454646504351157,0.05518244362950886,0.8070281132768956,4.086402573766626
GT_sfGFP_00025_3,Cellpose-SAM cpsam_v2,674,735,0.5217391304347826,0.8925619834710744,0.1939996941440092,0.6277450929598646,0.26647010068827176,0.05669461592720573,0.7852639086997512,36.1831527750199
GT_sfGFP_00025_3,Cellpose-SAM cpsam_v2,563,608,0.5215419501133787,0.7387755102040816,0.3908070217937957,0.22474798773534344,0.13558628854374236,0.029905885130494504,0.6867758895282013,11.73986489718703
GT_sfGFP_00025_3,Cellpose-SAM cpsam_v2,28,29,0.5205479452054794,0.9210526315789473,0.2419924571264145,0.49362942145420236,0.16847349196080588,0.03979620237812436,0.8446020322736032,9.772027521708848
GT_sfGFP_00025_3,Cellpose-SAM cpsam_v2,183,188,0.5194508009153318,0.9251101321585903,0.4356098509411691,0.3452810870971363,0.06714489983572525,0.03729201313820057,0.8533188998176491,2.7354565281120897
GT_sfGFP_00025_3,Cellpose-SAM cpsam_v2,560,610,0.5183946488294314,0.89171974522293,0.09621851511247473,0.7528085522280766,0.3745931272876207,0.048891110277822496,0.7992314665445014,5.81881020886251
GT_sfGFP_00025_3,Cellpose-SAM cpsam_v2,279,302,0.5157894736842106,0.9387755102040817,0.2621310545664558,0.5300009539096185,0.17507825642766658,0.06118065419775372,0.8201599561472122,8.079560694743472
GT_sfGFP_00025_3,Cellpose-SAM cpsam_v2,229,257,0.5157593123209169,0.08333333333333333,0.3296286799740075,0.311070694934746,0.4886840788861062,0.004018259128015784,0.08701673753401447,17.456609225119397
GT_sfGFP_00025_3,Cellpose-SAM cpsam_v2,338,363,0.5135135135135135,0.4,0.10858924305583344,0.5622028602087669,0.42938860269079154,0.013638160381202961,0.38090657546631584,16.688911278606728
GT_sfGFP_00025_3,Cellpose-SAM cpsam_v2,304,327,0.5131964809384164,0.9485714285714286,0.20334847407742318,0.6092909602357971,0.2522492800797777,0.032793641355561134,0.8846706759871638,0.8084099117762206
GT_sfGFP_00025_3,Cellpose-SAM cpsam_v2,641,699,0.5126903553299492,0.8932038834951457,0.5238613836469141,0.2407250437399028,0.22820232519330547,0.02015101326684491,0.8550539069219927,8.866211708865153
GT_sfGFP_00025_3,Cellpose-SAM cpsam_v2,318,340,0.5123762376237624,0.8957345971563981,0.35613978390305445,0.39021071588139666,0.024507746623677294,0.056635942620990004,0.7883678812872228,5.159453279062087
GT_sfGFP_00025_3,Cellpose-SAM cpsam_v2,311,333,0.5111111111111111,0.9565217391304348,0.279026512941035,0.46769874731752803,0.1285497004895071,0.07671475477425058,0.8064276537025532,1.5737022691623008
GT_sfGFP_00025_3,Cellpose-SAM cpsam_v2,75,79,0.5111111111111111,0.9565217391304348,0.1470850122093387,0.6863938093874321,0.3198000337619791,0.04983902097758827,0.8590106111308056,4.869773414022009
GT_sfGFP_00025_3,Cellpose-SAM cpsam_v2,672,737,0.5106382978723404,0.7952755905511811,0.257203778646509,0.39872162155554036,0.10117656060227853,0.021542291508578934,0.7566012404412914,17.383894124376962
GT_sfGFP_00025_3,Cellpose-SAM cpsam_v2,544,583,0.5092592592592593,0.9636363636363636,0.39779338722184343,0.4305697977081957,0.022911437483764077,0.04738310186039675,0.8705931818014028,3.7981872760904785
GT_sfGFP_00025_3,Cellpose-SAM cpsam_v2,85,91,0.5091463414634146,0.9640718562874252,0.42079992980076014,0.39117695343872844,0.021293463990191257,0.04759917488539039,0.8705836565125267,5.325971995924209
GT_sfGFP_00025_3,Cellpose-SAM cpsam_v2,5,13,0.509009009009009,0.6171875,0.10039457856435617,0.3889118254794611,0.20772898727066927,0.03429176685471192,0.5617312832896456,4.604051696927118
GT_sfGFP_00025_3,Cellpose-SAM cpsam_v2,291,314,0.5086206896551724,0.9661016949152542,0.17831032030761643,0.6747392710527165,0.29642163369886954,0.06024448094098627,0.8476549188278915,5.312575369988969
GT_sfGFP_00025_3,Cellpose-SAM cpsam_v2,147,153,0.5081081081081081,0.9680851063829787,0.33072517405837476,0.49474671418167326,0.10973199577367539,0.03908442301335257,0.8911636355588274,8.859987446964427
GT_sfGFP_00025_3,Cellpose-SAM cpsam_v2,17,14,0.5079365079365079,0.8963414634146342,0.14310791184833485,0.6773767360922256,0.3185145070561629,0.030474651555762036,0.8385511180863293,17.96320588297003
GT_sfGFP_00025_3,Cellpose-SAM cpsam_v2,243,267,0.5075593952483801,0.9702127659574468,0.42323192852930086,0.43399073817126876,0.007502705112090324,0.03691556549064435,0.8974812475652412,1.9696223683764218
GT_sfGFP_00025_3,Cellpose-SAM cpsam_v2,642,712,0.5073529411764706,0.8082191780821918,0.3922665812250197,0.2798889366819213,0.08780265327899026,0.01261930510043456,0.7854007085855156,28.17480745491053
GT_sfGFP_00025_3,Cellpose-SAM cpsam_v2,500,544,0.507177033492823,0.7631578947368421,0.41269646271329496,0.26621881469463266,0.11568114951284117,0.019801123228130567,0.7282453879925066,79.1047777136793
GT_sfGFP_00025_3,Cellpose-SAM cpsam_v2,367,392,0.506993006993007,0.9724137931034482,0.2320988476396106,0.5996168035380394,0.22975374795110368,0.05121647232032667,0.871393716664735,6.84345482654016
GT_sfGFP_00025_3,Cellpose-SAM cpsam_v2,38,37,0.5051020408163265,0.7188940092165899,0.4990659715316912,0.1659592588906834,0.28569326938398526,0.025989650480937754,0.6742205547032729,0.10449799664103487
GT_sfGFP_00025_3,Cellpose-SAM cpsam_v2,263,288,0.5045045045045045,0.9821428571428571,0.4230802586639205,0.3980319484479759,0.01791683676739435,0.05222492626204711,0.878625592587728,5.335086488287528
GT_sfGFP_00025_3,Cellpose-SAM cpsam_v2,622,683,0.5038167938931297,0.12972972972972974,0.3106716008680264,0.6263690938528708,0.5761550058117781,0.01385402273005056,0.11407842837524018,10.168009284795556
GT_sfGFP_00025_3,Cellpose-SAM cpsam_v2,203,243,0.502906976744186,0.24782608695652175,0.05750814649147504,0.2961022712135772,0.27282601501342696,0.009627920742920086,0.23581211629035623,13.389149190908219
GT_sfGFP_00025_3,Cellpose-SAM cpsam_v2,274,294,0.5027173913043478,0.9891891891891892,0.19939190915866467,0.6706857784285646,0.28209605621542777,0.05256645137948119,0.884624572391086,3.1994082053525723
GT_sfGFP_00025_3,Cellpose-SAM cpsam_v2,224,251,0.5023923444976076,0.6386554621848739,0.1893334453779305,0.3162263841161067,0.09640662143647086,0.008118744191666168,0.6253516376691185,2.286457516290907
GT_sfGFP_00025_3,Cellpose-SAM cpsam_v2,454,496,0.5017421602787456,0.9930555555555556,0.22938321166145215,0.6174825768819792,0.23994036830286358,0.040181423643475093,0.9129717459327962,9.652126666817818
GT_sfGFP_00025_3,Cellpose-SAM cpsam_v2,125,132,0.5016949152542373,0.9932432432432432,0.45422844226933207,0.379934463593468,0.05383877324318439,0.0100925410810992,0.9731263539261874,3.237771612132867
GT_sfGFP_00025_3,Cellpose-SAM cpsam_v2,369,402,0.5015479876160991,0.400990099009901,0.24700067476381704,0.7738148800292958,0.5754915951411195,0.009546026000903688,0.38761621109774386,3.7893763654877675
GT_sfGFP_00025_3,Cellpose-SAM cpsam_v2,399,438,0.5015015015015015,0.9940119760479041,0.39706930974067617,0.39948289358942396,0.0017246254740258084,0.047235801111396414,0.8998232229335629,2.786662988524918
GT_sfGFP_00025_3,Cellpose-SAM cpsam_v2,531,577,0.5,0.971830985915493,0.4242083663024936,0.37323544683799437,0.03711884919797946,0.015431002933256133,0.9414036561879456,3.3793434028192832
GT_sfGFP_00025_3,Cellpose-SAM cpsam_v2,459,504,0.5,1.0,0.17514591748432964,0.733091064363353,0.3219364281264604,0.032436013901115335,0.9351279721977693,1.0963803516215194
GT_sfGFP_00025_3,Cellpose-SAM cpsam_v2,260,285,0.5,1.0,0.5406712293709071,0.2921926474201166,0.19229221157300508,0.03282257858648981,0.9343548428270204,2.2014688820186827
GT_sfGFP_00025_3,Cellpose-SAM cpsam_v2,172,185,0.5,0.9124087591240876,0.1426949550553912,0.6230176428952554,0.29594421843932034,0.03073483217146634,0.8536311968691666,0.028090720494369115
GT_sfGFP_00025_3,MicroSAM DeepBacs,268,5,0.8664383561643836,0.10424710424710425,0.028415938251616295,0.05217192615711156,0.022578047669699983,0.007115266970373441,0.0963900912991243,1.8606121084151002
GT_sfGFP_00025_3,MicroSAM DeepBacs,350,7,0.8327137546468402,0.04564315352697095,0.04996753051048306,0.09911885139428082,0.13564172947779146,0.0069304503861516995,0.052889931524108834,2.2851048838286685
GT_sfGFP_00025_3,MicroSAM DeepBacs,37,1,0.8040345821325648,0.0856269113149847,0.03915577421495543,0.1210570325730509,0.18227895634345803,0.03829524383175122,0.05061077093060056,1.4898832543099179
GT_sfGFP_00025_3,MicroSAM DeepBacs,55,2,0.7857142857142857,0.2549019607843137,0.15383466854870495,0.0853173317874912,0.06313115505892407,0.06211617249465067,0.17695225412435994,0.7505878290927871
GT_sfGFP_00025_3,MicroSAM DeepBacs,152,4,0.7679083094555874,0.2767527675276753,0.08637408557067731,0.1784643083965337,0.07814426128115673,0.04427431795007451,0.22022540955451742,1.7426423275613587
GT_sfGFP_00025_3,MicroSAM DeepBacs,108,3,0.7588424437299035,0.10384615384615385,0.09983143849216454,0.01477143947224109,0.11632110817312892,0.0067498750766183556,0.09639533020388666,3.613742188814922
GT_sfGFP_00025_3,MicroSAM DeepBacs,371,8,0.6904176904176904,0.28,0.03319005523328271,0.28634415422938525,0.4477427199067232,0.07087424246644992,0.22897054542415607,0.49792614470773144
GT_sfGFP_00025_3,MicroSAM DeepBacs,318,6,0.6108949416342413,0.037914691943127965,0.05789768456902873,0.10521962308330572,0.18229870911386892,0.02842122232373586,0.010571051508443697,2.276311910621196
GT_sfGFP_00025_3,Omnipose bact_fluor,371,92,0.791578947368421,0.1275,0.20051661695618153,0.05274399998244398,0.26736237821025344,0.02363662036104731,0.10084971054291916,0.020484681042216606
GT_sfGFP_00025_3,Omnipose bact_fluor,80,10,0.7327586206896551,0.16129032258064516,0.11440227912520794,0.11931121247347529,0.004385673344073392,0.04351780498793634,0.11075351678820296,2.3691728820775433
GT_sfGFP_00025_3,Omnipose bact_fluor,37,1,0.7178329571106095,0.327217125382263,0.18239132599074961,0.11537463114964161,0.060084471144939366,0.07624377533166975,0.22602508105827318,1.8090161940400984
GT_sfGFP_00025_3,Omnipose bact_fluor,108,20,0.7126760563380282,0.3384615384615385,0.23382629952349882,0.07050010854283496,0.15256999011703365,0.05186922790964103,0.26903657187478813,1.4890279672123161
GT_sfGFP_00025_3,Omnipose bact_fluor,152,31,0.6735218508997429,0.4022140221402214,0.1947969390238081,0.1804329008852198,0.012168449496635078,0.06479682686643833,0.31135500291790935,2.6503858015070656
GT_sfGFP_00025_3,Omnipose bact_fluor,268,43,0.6581632653061225,0.5096525096525096,0.2217729526653968,0.25184454342555196,0.02402182516837691,0.052519956139361314,0.4303656260598831,2.223289990444191
GT_sfGFP_00025_3,Omnipose bact_fluor,157,32,0.6458333333333334,0.07317073170731707,0.034429974805466224,0.039885462002743836,0.07740267839629612,0.005327836769146857,0.06823273665298583,3.547012688962261
GT_sfGFP_00025_3,Omnipose bact_fluor,659,182,0.614406779661017,0.5231788079470199,0.17532460356557708,0.3852816338562888,0.15156270404469468,0.021703202013820734,0.49012095057497507,5.3681352896414865
GT_sfGFP_00025_3,Omnipose bact_fluor,350,78,0.6137566137566137,0.5311203319502075,0.0956867668058587,0.3944172301112725,0.2142331985395616,0.06986847526872424,0.42414328890390357,3.9082089593566107
GT_sfGFP_00025_3,Omnipose bact_fluor,451,109,0.5982142857142857,0.5755395683453237,0.2582919580401722,0.21141330854585272,0.03869748595596276,0.04062800580756021,0.511528537612549,7.136121966568195
GT_sfGFP_00025_3,Omnipose bact_fluor,449,105,0.5729537366548043,0.7453416149068323,0.31241103082007404,0.3173551238798622,0.0037530449991547915,0.03564499990535978,0.6831289132086578,0.20875730362762168
GT_sfGFP_00025_3,Omnipose bact_fluor,313,65,0.5625,0.07692307692307693,0.28322161673900537,0.0033688220875509865,0.28755917452517454,0.016842645540718085,0.09247013434527823,8.576226685179021
GT_sfGFP_00025_3,Omnipose bact_fluor,508,126,0.5522388059701493,0.7130434782608696,0.15225533828623747,0.47028428108650216,0.2163043888119714,0.035911550147197775,0.6515254314869743,5.085086042215898
GT_sfGFP_00025_3,Omnipose bact_fluor,609,159,0.5492537313432836,0.8054054054054054,0.5539515198317002,0.20111443323147335,0.2937580940152016,0.056273160521524625,0.7038095372205988,9.20373407292214
GT_sfGFP_00025_3,Omnipose bact_fluor,644,173,0.5485714285714286,0.580952380952381,0.00325955223660427,0.5430365269697642,0.3498147745038682,0.049667506634781575,0.5024304180821548,2.9019503677428733
GT_sfGFP_00025_3,Omnipose bact_fluor,81,12,0.5477386934673367,0.3875968992248062,0.189543180139585,0.461564188063802,0.18611636091369685,0.02066965893961534,0.35891574457216163,5.028848407307575
GT_sfGFP_00025_3,Omnipose bact_fluor,684,189,0.5428571428571428,0.7457627118644068,0.3023244462469437,0.4115974130915475,0.0774108579621751,0.032645942589536514,0.6887706425979278,55.66721176928248
GT_sfGFP_00025_3,Omnipose bact_fluor,74,6,0.5393939393939394,0.24778761061946902,0.4145274818641098,0.08888146042869913,0.29906471298280884,0.029133609574833675,0.21143505353936684,4.833573352964421
GT_sfGFP_00025_3,Omnipose bact_fluor,290,49,0.5357142857142857,0.6244131455399061,0.3053866254923607,0.2655879004007503,0.03144682805438325,0.0475489393605198,0.5471740233861979,3.062227714787321
GT_sfGFP_00025_3,Omnipose bact_fluor,676,190,0.5303030303030303,0.18018018018018017,0.21708831279605667,0.03974635120984558,0.2470166533472805,0.008994934250086191,0.1728059548039834,6.918487791065422
GT_sfGFP_00025_3,Omnipose bact_fluor,318,68,0.5297450424929179,0.5592417061611374,0.28553004304704394,0.27231824794972537,0.010384033333333547,0.04046963829597927,0.49613975829679063,1.8102876321451675
GT_sfGFP_00025_3,Omnipose bact_fluor,679,188,0.5230769230769231,0.7887323943661971,0.41757711037179723,0.3168293302681517,0.07650784941365946,0.01918559431732463,0.7544145003056306,64.75185908349836
GT_sfGFP_00025_3,Omnipose bact_fluor,636,180,0.5140562248995983,0.11797752808988764,0.30909154275108064,0.6615662960581586,0.5841824314274993,0.04350492993975702,0.06933999405611434,9.236859836886131
GT_sfGFP_00025_4,Cellpose-SAM cpsam_v2,1,1,0.6984126984126984,0.4318181818181818,0.34605407764978197,0.09567081105787888,0.22852052282944,0.03470695194959395,0.3821241369812632,11.196971223795915
GT_sfGFP_00025_4,Cellpose-SAM cpsam_v2,496,534,0.6717171717171717,0.33098591549295775,0.10820557506566628,0.21913594124625935,0.0909909735473754,0.0006869675183014999,0.3300715714016973,17.12026066115131
GT_sfGFP_00025_4,Cellpose-SAM cpsam_v2,340,358,0.6707317073170732,0.4909090909090909,0.26168686117512663,0.22018162598066857,0.03401562055247321,0.036423676633725116,0.4366047002915371,1.0158288039003271
GT_sfGFP_00025_4,Cellpose-SAM cpsam_v2,234,243,0.6583333333333333,0.5189873417721519,0.06577136697967122,0.45843302560014104,0.2692353037321618,0.03168552236112645,0.47085743438816235,0.8668278215145598
GT_sfGFP_00025_4,Cellpose-SAM cpsam_v2,395,413,0.6481481481481481,0.5428571428571428,0.24900111977316824,0.23469751161170027,0.011584706397275261,0.025970658461489087,0.5027881269451311,13.392472827562893
GT_sfGFP_00025_4,Cellpose-SAM cpsam_v2,43,53,0.6342182890855457,0.5412844036697247,0.19412108711374018,0.24568082521807522,0.041390809796970664,0.06284145739616652,0.44442784548113784,0.8773837352118868
GT_sfGFP_00025_4,Cellpose-SAM cpsam_v2,217,230,0.6331360946745562,0.5794392523364486,0.30401272913031635,0.2256825897526397,0.06390736070868457,0.03732348476426697,0.5204890754657839,57.482811205893135
GT_sfGFP_00025_4,Cellpose-SAM cpsam_v2,244,251,0.6325966850828729,0.5807860262008734,0.152736737334451,0.3892307226841857,0.17023377145935537,0.047387355303726106,0.5058767571181273,3.3461611389788417
GT_sfGFP_00025_4,Cellpose-SAM cpsam_v2,80,86,0.6261980830670927,0.5577889447236181,0.16807760692567825,0.3367168696664292,0.12615929862756503,0.06125919777474391,0.46236004366748434,4.332664807068174
GT_sfGFP_00025_4,Cellpose-SAM cpsam_v2,11,30,0.6163522012578616,0.57,0.14194404586561843,0.4048763107447384,0.18715687841567857,0.023765892084452615,0.5326875494274094,9.057858381711176
GT_sfGFP_00025_4,Cellpose-SAM cpsam_v2,366,383,0.6139896373056994,0.6286919831223629,0.22214332991791785,0.32343978732080597,0.07654028416959899,0.08786218958409601,0.48559153932716853,0.9349330822708241
GT_sfGFP_00025_4,Cellpose-SAM cpsam_v2,448,474,0.6112531969309463,0.39543726235741444,0.3406302264096577,0.0529326043553325,0.2732346029216853,0.02204061190387007,0.36468097122159576,6.843240653443223
GT_sfGFP_00025_4,Cellpose-SAM cpsam_v2,332,350,0.6111111111111112,0.4576271186440678,0.03683761957081843,0.4050304109607106,0.3144900118065026,0.03888135385884073,0.40095260284982537,1.129541954566834
GT_sfGFP_00025_4,Cellpose-SAM cpsam_v2,34,35,0.6089743589743589,0.6282722513089005,0.38316567484472747,0.2036617089854889,0.14913157452730982,0.03385434989615833,0.5731481527868836,4.866496856630225
GT_sfGFP_00025_4,Cellpose-SAM cpsam_v2,106,113,0.6072727272727273,0.6,0.3775146349680812,0.17707429083698029,0.17028691025829315,0.04089246732628356,0.5345720522779464,7.263162953031
GT_sfGFP_00025_4,Cellpose-SAM cpsam_v2,37,39,0.6045845272206304,0.6540284360189573,0.3566574752923183,0.2222347796446331,0.10998107555634187,0.03920355691816197,0.5891846380832297,3.7476976595831815
GT_sfGFP_00025_4,Cellpose-SAM cpsam_v2,178,183,0.6025641025641025,0.6595744680851063,0.25478942100386015,0.32082686103998975,0.04999704502082367,0.0636753422456444,0.553900495847654,8.195003219984526
GT_sfGFP_00025_4,Cellpose-SAM cpsam_v2,113,118,0.6022304832713755,0.6604938271604939,0.3253034286752993,0.2771318681167455,0.03771854869582691,0.03684957516336226,0.5993053350682441,6.876428935797578
GT_sfGFP_00025_4,Cellpose-SAM cpsam_v2,298,314,0.5972850678733032,0.6148148148148148,0.1313862280845545,0.41806919283047717,0.20216429931299845,0.029833980377346234,0.5666384613165817,0.7679702764973143
GT_sfGFP_00025_4,Cellpose-SAM cpsam_v2,89,93,0.5964912280701754,0.6764705882352942,0.29845780577129705,0.29873494901026904,0.00021339476479259655,0.047611106424371004,0.5966519686414956,3.5660507191373303
GT_sfGFP_00025_4,Cellpose-SAM cpsam_v2,23,5,0.5960912052117264,0.5925925925925926,0.26133099368394336,0.2835580145465605,0.017316724768743054,0.05972734239786116,0.4974712695145174,2.4037470295537053
GT_sfGFP_00025_4,Cellpose-SAM cpsam_v2,476,512,0.5956678700361011,0.5847953216374269,0.07757208394059117,0.4708961147111396,0.26740435768150156,0.028921518332542234,0.5389606346893628,1.5680728504615213
GT_sfGFP_00025_4,Cellpose-SAM cpsam_v2,407,426,0.593103448275862,0.6705202312138728,0.14862637813380866,0.4594842004868636,0.2129915639027521,0.03292623899108271,0.6155162828414861,3.7167316308305565
GT_sfGFP_00025_4,Cellpose-SAM cpsam_v2,201,203,0.5889830508474576,0.45098039215686275,0.33054131122613045,0.0827986137341235,0.22879849895415463,0.020875755450472027,0.4206900803267661,9.107812732846336
GT_sfGFP_00025_4,Cellpose-SAM cpsam_v2,368,384,0.5872235872235873,0.702928870292887,0.27138085874885887,0.3356043670847821,0.04808572801847288,0.044142633431958525,0.6277571054108488,1.9421374486036433
GT_sfGFP_00025_4,Cellpose-SAM cpsam_v2,134,139,0.5867768595041323,0.704225352112676,0.2614021897228101,0.3823645554934558,0.08750395493717396,0.03167831739446022,0.650238360496765,7.899738694058075
GT_sfGFP_00025_4,Cellpose-SAM cpsam_v2,411,435,0.5858585858585859,0.7068965517241379,0.18694971559263718,0.4515334602466276,0.18227877751370292,0.03879992234190414,0.6406690980715775,8.033392478294981
GT_sfGFP_00025_4,Cellpose-SAM cpsam_v2,428,457,0.5830985915492958,0.6635071090047393,0.5062546894436674,0.11234546411820916,0.354124899172149,0.09172247621183575,0.5109261177708325,3.548184943900391
GT_sfGFP_00025_4,Cellpose-SAM cpsam_v2,66,70,0.5821205821205822,0.7178571428571429,0.1620760169283479,0.4544366034221561,0.20101294604791337,0.05250735463115502,0.6276570086514801,0.9854088487814232
GT_sfGFP_00025_4,Cellpose-SAM cpsam_v2,102,103,0.5814814814814815,0.6521739130434783,0.10824182999235551,0.5332530611964551,0.2771957493255857,0.044407163532594246,0.5788055559026704,6.004116407358757
GT_sfGFP_00025_4,Cellpose-SAM cpsam_v2,568,603,0.58125,0.5948717948717949,0.2417284695372774,0.2650061696604415,0.01840125422424802,0.03403302164947382,0.5405934885487879,8.818743315912794
GT_sfGFP_00025_4,Cellpose-SAM cpsam_v2,20,21,0.5808219178082191,0.210727969348659,0.1608826572010208,0.06121734712931642,0.0939160204469967,0.02029660203640407,0.18615430558044566,1.0880544690417533
GT_sfGFP_00025_4,Cellpose-SAM cpsam_v2,195,201,0.5797101449275363,0.725,0.31197492476015765,0.35072549417478105,0.028688708091867292,0.015629506351279094,0.6980391015440436,0.5875731193350728
GT_sfGFP_00025_4,Cellpose-SAM cpsam_v2,55,62,0.5732484076433121,0.7444444444444445,0.22266874641833675,0.4326523308699622,0.14656981315495793,0.0359350134102487,0.6817578099398995,6.051072371891319
GT_sfGFP_00025_4,Cellpose-SAM cpsam_v2,557,594,0.5730337078651685,0.625,0.09342765376345712,0.5182600513034927,0.2798153038244657,0.043120590592663106,0.5549290402869225,0.44208285525105745
GT_sfGFP_00025_4,Cellpose-SAM cpsam_v2,153,157,0.5728155339805825,0.7112970711297071,0.22180672424567818,0.2949546317039742,0.05648684955243853,0.042159204749409575,0.6391501475208848,0.382789476031583
GT_sfGFP_00025_4,Cellpose-SAM cpsam_v2,114,117,0.5722713864306784,0.6919191919191919,0.38083191855763077,0.2189963224358048,0.13276134894192723,0.07663454519803468,0.5622597341346383,0.4028241825039963
GT_sfGFP_00025_4,Cellpose-SAM cpsam_v2,230,239,0.5714285714285714,0.75,0.07148521164695838,0.6032136617096838,0.33166412111014865,0.047506958447739084,0.6668628227164566,2.857448838943157
GT_sfGFP_00025_4,Cellpose-SAM cpsam_v2,444,477,0.570446735395189,0.4972677595628415,0.14570662332526885,0.27705032192825385,0.10284927410273503,0.00019758108307913461,0.4975635913484354,3.2255780072877815
GT_sfGFP_00025_4,Cellpose-SAM cpsam_v2,218,236,0.5694444444444444,0.24206349206349206,0.1630584955086244,0.0828650104668621,0.07405677001899624,0.03358868882489733,0.2003442079278061,1.5015880247179696
GT_sfGFP_00025_4,Cellpose-SAM cpsam_v2,518,556,0.5691244239631337,0.757085020242915,0.3179166090900739,0.29924975457507225,0.014367410460744337,0.08800472813321336,0.6024532307294955,0.7833610205759086
GT_sfGFP_00025_4,Cellpose-SAM cpsam_v2,52,58,0.5666666666666667,0.7647058823529411,0.2040225039042649,0.49084985558958677,0.19239184322279732,0.07009739748085374,0.6410045926808463,5.258106508601188
GT_sfGFP_00025_4,Cellpose-SAM cpsam_v2,335,348,0.5654450261780105,0.7557603686635944,0.26605940416996265,0.39385737553446626,0.0916865481416277,0.014797757840084925,0.7297790519028924,1.4846432075161144
GT_sfGFP_00025_4,Cellpose-SAM cpsam_v2,262,271,0.5645161290322581,0.7714285714285715,0.15846639770726095,0.4948500429200865,0.22502835438645288,0.04414548232311755,0.6932280027419061,0.6974317260840465
GT_sfGFP_00025_4,Cellpose-SAM cpsam_v2,161,168,0.5644329896907216,0.771689497716895,0.17401309800837544,0.45307509230176585,0.19204925868720102,0.046967109849974376,0.6884783624575797,1.0061314516015154
GT_sfGFP_00025_4,Cellpose-SAM cpsam_v2,84,87,0.5642023346303502,0.697986577181208,0.5179936571849421,0.13381666648220258,0.3388351944893288,0.0290741525673712,0.6486190563788932,19.08829561273775
GT_sfGFP_00025_4,Cellpose-SAM cpsam_v2,302,316,0.5633802816901409,0.775,0.277102488421719,0.44245819866645675,0.11463466351926738,0.05677729109343188,0.6742203083091584,3.2538689677187067
GT_sfGFP_00025_4,Cellpose-SAM cpsam_v2,228,235,0.5629820051413882,0.6784140969162996,0.14372282744554005,0.4621214090001651,0.2177648036576894,0.01590849007247085,0.6517130629180115,3.2310921871086777
GT_sfGFP_00025_4,Cellpose-SAM cpsam_v2,10,24,0.5617977528089888,0.78,0.4671076195285049,0.2478825462892414,0.17567765002496494,0.04690754846783554,0.6965045637272528,13.208479298938467
GT_sfGFP_00025_4,Cellpose-SAM cpsam_v2,312,328,0.5617128463476071,0.5941422594142259,0.2499867522068362,0.2451539514665754,0.003881287719135926,0.023213477216077208,0.557136674396128,1.7688359950582269
GT_sfGFP_00025_4,Cellpose-SAM cpsam_v2,27,31,0.5570934256055363,0.7950310559006211,0.38301038010199545,0.3130756893943244,0.05326021285180394,0.05526829637257462,0.6958227475051301,2.12941192534259
GT_sfGFP_00025_4,Cellpose-SAM cpsam_v2,219,225,0.5553235908141962,0.8007518796992481,0.31271999384071475,0.3677328785741819,0.040221950934466455,0.04866686135635469,0.7131149376327297,2.6145219464141056
GT_sfGFP_00025_4,Cellpose-SAM cpsam_v2,433,459,0.5545243619489559,0.68,0.3865211518328742,0.21370923184771298,0.14238329531536797,0.03710958635758397,0.617655894919259,3.0825657107768447
GT_sfGFP_00025_4,Cellpose-SAM cpsam_v2,5,18,0.5532544378698225,0.8074866310160428,0.15668767991729918,0.5832945036098613,0.26944249646538404,0.037894193976532244,0.738993382010332,3.312909368842208
GT_sfGFP_00025_4,Cellpose-SAM cpsam_v2,8,14,0.5523012552301255,0.8106060606060606,0.07324879408005616,0.7203147127203854,0.3761322936180115,0.04659240290485231,0.7262455735283356,1.5904893389683683
GT_sfGFP_00025_4,Cellpose-SAM cpsam_v2,386,406,0.5508771929824562,0.7625,0.0763916786784334,0.5907464178281525,0.3233417554081109,0.06927853830689965,0.6403965762340894,8.58236792346268
GT_sfGFP_00025_4,Cellpose-SAM cpsam_v2,216,221,0.550561797752809,0.7972972972972973,0.40083639384079284,0.2910884188789775,0.08500422849204017,0.021277462053315595,0.7590553722555273,0.5869309064383613
GT_sfGFP_00025_4,Cellpose-SAM cpsam_v2,44,44,0.5502793296089385,0.41304347826086957,0.1503171708473968,0.25262325020897164,0.08167346354501029,0.019598554305433606,0.3853498689162351,1.487316038905785
GT_sfGFP_00025_4,Cellpose-SAM cpsam_v2,365,385,0.5495867768595041,0.8195488721804511,0.12213047790369358,0.6596629624395947,0.3238805086942254,0.059893896895415605,0.7105689996339054,2.321351452384421
GT_sfGFP_00025_4,Cellpose-SAM cpsam_v2,342,362,0.5487465181058496,0.78,0.19385354322804543,0.45833555224685246,0.181358815953791,0.03183375523743017,0.7233359156773743,1.454085850851989
GT_sfGFP_00025_4,Cellpose-SAM cpsam_v2,116,119,0.5476190476190477,0.8260869565217391,0.2988505438926453,0.4441322550629951,0.10060138928481469,0.03866197205896488,0.7554868336314554,2.7794568506075166
GT_sfGFP_00025_4,Cellpose-SAM cpsam_v2,269,280,0.5475,0.8264840182648402,0.24315059890897608,0.3588868800403823,0.08516991578281102,0.03539820612698125,0.7618297604986644,1.6949199335857608
GT_sfGFP_00025_4,Cellpose-SAM cpsam_v2,107,112,0.5456989247311828,0.7644230769230769,0.4245310182710269,0.2700860438216014,0.12160197744139528,0.04463225455978746,0.6856728970026827,3.8698849081798508
GT_sfGFP_00025_4,Cellpose-SAM cpsam_v2,251,263,0.5456431535269709,0.8326996197718631,0.31439551070819405,0.4305998196830015,0.0812276832248983,0.0386709700873998,0.7618273475964764,0.7738338725501337
GT_sfGFP_00025_4,Cellpose-SAM cpsam_v2,30,37,0.5454545454545454,0.7922705314009661,0.05545021405131215,0.5858421976840199,0.3344544522823882,0.0500198739473937,0.7026213853406615,3.427907266612855
GT_sfGFP_00025_4,Cellpose-SAM cpsam_v2,81,94,0.5451263537906137,0.8344370860927153,0.29253532049197034,0.4264521939538398,0.09388108064854159,0.057152145765292095,0.7295950703510867,10.46968025616732
GT_sfGFP_00025_4,Cellpose-SAM cpsam_v2,36,38,0.543859649122807,0.8387096774193549,0.20441431564924703,0.4859995631864598,0.18949214691113617,0.061592531986735824,0.7254588927985826,2.6006165084993884
GT_sfGFP_00025_4,Cellpose-SAM cpsam_v2,97,101,0.5434173669467787,0.8402061855670103,0.16968976499225735,0.5784463920641023,0.258961361707902,0.03350455496888848,0.7785508962685919,2.13190720779032
GT_sfGFP_00025_4,Cellpose-SAM cpsam_v2,207,207,0.5433673469387755,0.8403755868544601,0.2747484622575949,0.4745417396157718,0.13549516571178105,0.05497445769660376,0.7392019370090672,2.298301286556466
GT_sfGFP_00025_4,Cellpose-SAM cpsam_v2,306,320,0.5428571428571428,0.8421052631578947,0.16254973059531924,0.504478383921603,0.2272738890638002,0.08073770847896074,0.6933779054334934,2.123177309768915
GT_sfGFP_00025_4,Cellpose-SAM cpsam_v2,202,211,0.5415617128463476,0.8465116279069768,0.2779082779921707,0.4599709707516592,0.12470295396747129,0.06329409340795326,0.7296383484513608,3.055996552759417
GT_sfGFP_00025_4,Cellpose-SAM cpsam_v2,601,633,0.5408163265306123,0.559322033898305,0.29934633437995967,0.24209644856703882,0.0460913368514724,0.03807653242173791,0.49994845791864595,15.570302571365247
GT_sfGFP_00025_4,Cellpose-SAM cpsam_v2,147,153,0.5390428211586902,0.8551401869158879,0.19171607358627932,0.5546112842560817,0.23343147855990018,0.04553204477629902,0.7706718608589219,1.01341669148189
GT_sfGFP_00025_4,Cellpose-SAM cpsam_v2,494,533,0.5387596899224806,0.8561151079136691,0.19798279909018437,0.5859432648433469,0.24462442910370047,0.051911844531394136,0.7597607489992828,1.3248631400131594
GT_sfGFP_00025_4,Cellpose-SAM cpsam_v2,390,409,0.5386904761904762,0.856353591160221,0.1785768685374958,0.5475820849277739,0.23843983461949914,0.09627266072673434,0.6776374916895981,4.919829317709746
GT_sfGFP_00025_4,Cellpose-SAM cpsam_v2,449,479,0.5381679389312977,0.5668789808917197,0.19608289587669317,0.2601781342122963,0.05086204608340333,0.011821601703431892,0.5483559616621385,23.60106916008477
GT_sfGFP_00025_4,Cellpose-SAM cpsam_v2,258,267,0.5378590078328982,0.8592233009708737,0.3114815644275648,0.4207295879735501,0.0768957192633755,0.05445454188223493,0.7579801478597282,3.373623857087753
GT_sfGFP_00025_4,Cellpose-SAM cpsam_v2,293,311,0.5364583333333334,0.8095238095238095,0.23069291169302159,0.47546711954451853,0.16589607766187267,0.054626147909350345,0.7106764942592708,1.5526484415189827
GT_sfGFP_00025_4,Cellpose-SAM cpsam_v2,254,266,0.5360169491525424,0.8656126482213439,0.1496971416885691,0.6105309186095776,0.28613780188638716,0.024932565683456337,0.8190981383296783,1.1799428860559935
GT_sfGFP_00025_4,Cellpose-SAM cpsam_v2,255,260,0.5346820809248555,0.8702702702702703,0.33434235658400796,0.4075929542395567,0.05203961659151814,0.040004649412277125,0.7954507638019033,3.2637675802688415
GT_sfGFP_00025_4,Cellpose-SAM cpsam_v2,62,67,0.5339366515837104,0.8728813559322034,0.30949388870134226,0.42516092003688905,0.0811606813724255,0.0465721486728193,0.7856572469771774,1.0756874484637475
GT_sfGFP_00025_4,Cellpose-SAM cpsam_v2,529,563,0.5336538461538461,0.8738738738738738,0.2431775897719376,0.46610181300596587,0.15205234810873344,0.057859067093274576,0.765453279681071,2.5163657329995526
GT_sfGFP_00025_4,Cellpose-SAM cpsam_v2,466,500,0.5333333333333333,0.7236842105263158,0.1870105726268153,0.4725305656921735,0.19389749844082008,0.025565551229721015,0.6796172735382441,5.199008095132817
GT_sfGFP_00025_4,Cellpose-SAM cpsam_v2,194,200,0.531986531986532,0.84375,0.24667704028594525,0.47192864782229477,0.15303160779539632,0.07033475833408112,0.7140702893215379,4.252647961269638
GT_sfGFP_00025_4,Cellpose-SAM cpsam_v2,208,216,0.5292307692307693,0.8895348837209303,0.3838029964265525,0.36805676607889426,0.01150992468886357,0.06782672317372766,0.7613739242356891,7.944769459896189
GT_sfGFP_00025_4,Cellpose-SAM cpsam_v2,248,259,0.5258064516129032,0.901840490797546,0.23500904853303345,0.5340980062765585,0.19496078902380562,0.06263383240357379,0.782720932238602,11.586741946217456
GT_sfGFP_00025_4,Cellpose-SAM cpsam_v2,427,449,0.5256064690026954,0.83,0.40232760974029713,0.2883362224281319,0.08847953300367906,0.03771293782733329,0.76098532377598,4.281676106666625
GT_sfGFP_00025_4,Cellpose-SAM cpsam_v2,278,293,0.5250836120401338,0.8679245283018868,0.13234242277104027,0.628666237892707,0.30474249639008205,0.05873220138333205,0.7582172087367949,6.957655241067649
GT_sfGFP_00025_4,Cellpose-SAM cpsam_v2,126,137,0.5250737463126843,0.888268156424581,0.3135768895578349,0.4059237213064597,0.06568409818337169,0.05012403362614997,0.7936205398567671,5.159940321228703
GT_sfGFP_00025_4,Cellpose-SAM cpsam_v2,247,257,0.5231788079470199,0.8571428571428571,0.1625534378017922,0.6268779894269929,0.2854083432456675,0.052481491177215345,0.7596772306708858,4.699798882357701
GT_sfGFP_00025_4,Cellpose-SAM cpsam_v2,46,52,0.5225563909774437,0.9136690647482014,0.18788111097602572,0.6180811718668713,0.2658705066041276,0.05615059362194318,0.8062154107666412,6.314661160962599
GT_sfGFP_00025_4,Cellpose-SAM cpsam_v2,26,28,0.5225225225225225,0.848314606741573,0.32853109591830076,0.37400427190235225,0.03309536725172797,0.048733859411654964,0.7582391025481209,2.3529974108640785
GT_sfGFP_00025_4,Cellpose-SAM cpsam_v2,3,12,0.5221238938053098,0.9152542372881356,0.434151927047717,0.38602726881723837,0.034721292512192546,0.07847475800101424,0.764955124506532,12.159957208984391
GT_sfGFP_00025_4,Cellpose-SAM cpsam_v2,535,569,0.5191489361702127,0.9262295081967213,0.20569605854741796,0.6411161397982011,0.26531948025587293,0.055449492848677236,0.8194210588570562,3.584669474867559
GT_sfGFP_00025_4,Cellpose-SAM cpsam_v2,9,17,0.518918918918919,0.8673469387755102,0.26781129203695,0.5251774537302119,0.1687450604936542,0.0329940918273066,0.8057355224041112,1.4372350440475465
GT_sfGFP_00025_4,Cellpose-SAM cpsam_v2,297,313,0.5170278637770898,0.9341317365269461,0.3116751320315944,0.46776727088821085,0.10634665450889787,0.05541765398706746,0.8269466931866899,0.7878142963009097
GT_sfGFP_00025_4,Cellpose-SAM cpsam_v2,360,374,0.5163043478260869,0.9368421052631579,0.4184167833894428,0.38437011491286016,0.024593617060799978,0.03914354355450601,0.8610272419575884,3.525230580155702
GT_sfGFP_00025_4,Cellpose-SAM cpsam_v2,548,581,0.5145348837209303,0.943502824858757,0.281901419059889,0.47915666106701177,0.1333565586385081,0.0526073309901623,0.841260328471097,6.038309838674935
GT_sfGFP_00025_4,Cellpose-SAM cpsam_v2,32,41,0.5142857142857142,0.9444444444444444,0.24522262898933128,0.5862299615499198,0.21497975755506926,0.06783129811193221,0.8125502536712429,4.160054027620948
GT_sfGFP_00025_4,Cellpose-SAM cpsam_v2,246,252,0.5140845070422535,0.7564102564102564,0.27336732906335887,0.3757020113647907,0.07438724480740483,0.029314256804483737,0.704922395099817,12.449000661764302
GT_sfGFP_00025_4,Cellpose-SAM cpsam_v2,280,295,0.513671875,0.1280193236714976,0.33279861251826587,0.23669712570093432,0.46049734117108243,0.04362393212622524,0.16605854951103216,7.599961567266874
GT_sfGFP_00025_4,Cellpose-SAM cpsam_v2,70,73,0.5134408602150538,0.9476439790575916,0.3599421584997722,0.4378071200633694,0.05415535955905242,0.06402926752856875,0.822937761672107,0.8017688642348733
GT_sfGFP_00025_4,Cellpose-SAM cpsam_v2,105,110,0.5132743362831859,0.9482758620689655,0.2680761046168424,0.580358336746149,0.19760216709602368,0.03970541879741023,0.8709187530326318,3.2762050744961475
GT_sfGFP_00025_4,Cellpose-SAM cpsam_v2,530,564,0.5103244837758112,0.6122448979591837,0.11241409368421355,0.4082407081996438,0.2100682168843336,0.004493639559202104,0.6050000505065926,3.6669020209220093
GT_sfGFP_00025_4,Cellpose-SAM cpsam_v2,182,186,0.5096153846153846,0.9622641509433962,0.34715189463777796,0.48113351855320513,0.09045884266146541,0.03939245423626847,0.8849657501778883,2.5879371039097605
GT_sfGFP_00025_4,Cellpose-SAM cpsam_v2,144,147,0.5092165898617511,0.9241071428571429,0.19221137731227111,0.44092062387759123,0.17260440474231725,0.024270142706950732,0.8774087879165368,3.5031600398979337
GT_sfGFP_00025_4,Cellpose-SAM cpsam_v2,348,365,0.5080645161290323,0.9682539682539683,0.356711716134696,0.4753584061879694,0.08041889316903862,0.04773493675096483,0.8742994895695295,3.99769407989006
GT_sfGFP_00025_4,Cellpose-SAM cpsam_v2,478,509,0.5075757575757576,0.9701492537313433,0.20157387670802232,0.6470530260294002,0.27047043554833666,0.05321770610026437,0.8653024297726135,1.5459263456815402
GT_sfGFP_00025_4,Cellpose-SAM cpsam_v2,522,559,0.5070921985815603,0.972027972027972,0.2903767539782141,0.5542434883183981,0.16977181266860095,0.09404483113394221,0.7865689344071909,3.68200863737828
GT_sfGFP_00025_4,Cellpose-SAM cpsam_v2,313,330,0.5068493150684932,0.972972972972973,0.3716643110689638,0.41712017125149575,0.032076221272320724,0.07183014338948254,0.8312540414207507,1.6791672326463558
GT_sfGFP_00025_4,Cellpose-SAM cpsam_v2,13,2,0.5060240963855421,0.9411764705882353,0.31357603298931574,0.500012324699909,0.12428983991707633,0.027797936511531396,0.887215770301145,12.609657990483012
GT_sfGFP_00025_4,Cellpose-SAM cpsam_v2,400,421,0.5058823529411764,0.9767441860465116,0.5292416463912525,0.2911239120649527,0.18442670924238985,0.04577748312180236,0.8862538124336465,6.3976171471445085
GT_sfGFP_00025_4,Cellpose-SAM cpsam_v2,88,96,0.5045045045045045,0.9821428571428571,0.30527271884380763,0.47676183048251536,0.11612509756070515,0.07784309859747497,0.827846715280005,2.7464476999647864
GT_sfGFP_00025_4,Cellpose-SAM cpsam_v2,422,442,0.503731343283582,0.8581560283687943,0.3104272452491144,0.45012175757102585,0.09633295383134027,0.04120759760514508,0.7815858824641985,1.6947553327858114
GT_sfGFP_00025_4,Cellpose-SAM cpsam_v2,49,56,0.5033557046979866,0.9866666666666667,0.3335824227055758,0.5021003626944064,0.11218820271539641,0.028562662459491153,0.9299221772471442,2.12827908398495
GT_sfGFP_00025_4,Cellpose-SAM cpsam_v2,271,283,0.5032679738562091,0.5,0.21567654029997432,0.1869157700566465,0.024231517491721616,0.029253620893012783,0.4561195686604808,24.154737886390755
GT_sfGFP_00025_4,Cellpose-SAM cpsam_v2,64,64,0.503125,0.9875776397515528,0.1427694424638707,0.7495062135778742,0.34680458200441616,0.07222424811411747,0.8440263391520647,5.628816029150019
GT_sfGFP_00025_4,Cellpose-SAM cpsam_v2,586,621,0.5027624309392266,0.989010989010989,0.25478437557281247,0.538256209266184,0.18428128681411282,0.06491429859926912,0.8598957357531021,4.823340665132932
GT_sfGFP_00025_4,Cellpose-SAM cpsam_v2,308,324,0.5027522935779817,0.8636363636363636,0.4470703780994819,0.20962087916709538,0.19630076085978804,0.0233713887308631,0.820080593728846,3.0127762630012884
GT_sfGFP_00025_4,Cellpose-SAM cpsam_v2,185,195,0.5027027027027027,0.989247311827957,0.2675874061876579,0.5845623228460302,0.20003941283234225,0.06273199808240425,0.8644578532769378,6.381204415550386
GT_sfGFP_00025_4,Cellpose-SAM cpsam_v2,124,124,0.5024154589371981,0.9903846153846154,0.47148378561170573,0.3774261562555697,0.06828506118384219,0.02799195711113622,0.9346698545961039,1.7172442183357095
GT_sfGFP_00025_4,Cellpose-SAM cpsam_v2,48,55,0.5015576323987538,0.9937888198757764,0.32089093824842396,0.5260846111899167,0.13445759916384944,0.03125414493262953,0.9314746551343225,6.601719014931925
GT_sfGFP_00025_4,Cellpose-SAM cpsam_v2,434,462,0.5,1.0,0.3393923880909485,0.4837721850943976,0.09730590615854118,0.08299785786818162,0.8340042842636368,3.3633764659734875
GT_sfGFP_00025_4,Cellpose-SAM cpsam_v2,398,417,0.5,1.0,0.14903171802843582,0.7433646716291874,0.3409114359563929,0.06723115874187076,0.8655376825162585,0.009239773240633265
GT_sfGFP_00025_4,Cellpose-SAM cpsam_v2,351,366,0.5,1.0,0.29521429213347666,0.5388107649524404,0.15830177327001782,0.04105433453333574,0.9178913309333285,2.9926209071122885
GT_sfGFP_00025_4,Cellpose-SAM cpsam_v2,57,63,0.5,1.0,0.29353204131913485,0.5404071111148459,0.1602661192709237,0.07355198184294587,0.8528960363141083,1.6545293263449228
GT_sfGFP_00025_4,MicroSAM DeepBacs,302,148,0.8619402985074627,0.07916666666666666,0.07806810928957149,0.018782400336106054,0.05819271017432815,0.002270753475259347,0.07671614520794928,2.6273907502214455
GT_sfGFP_00025_4,MicroSAM DeepBacs,161,79,0.8535564853556485,0.0228310502283105,0.03274188112202631,0.005117896493593263,0.037667001799187305,0.001105672023449479,0.023961965905263394,0.8507377755291373
GT_sfGFP_00025_4,MicroSAM DeepBacs,390,174,0.8514851485148515,0.06629834254143646,0.03359402579152501,0.018514921397479307,0.014804991146674707,0.0026086498432852383,0.06907994154560249,2.4266608693761507
GT_sfGFP_00025_4,MicroSAM DeepBacs,244,116,0.8503937007874016,0.05240174672489083,0.029382071007332436,0.01516582147597838,0.014003869348836724,0.005403819550967988,0.046714757590466005,0.3349798276575912
GT_sfGFP_00025_4,MicroSAM DeepBacs,415,177,0.8494623655913979,0.059880239520958084,0.013491405096394361,0.05907570336685007,0.06851928359091829,0.012210553799406089,0.04693851483536001,0.04118850172234904
GT_sfGFP_00025_4,MicroSAM DeepBacs,570,218,0.8385093167701864,0.013422818791946308,0.0664935464775913,0.05494325582593394,0.12849683688533975,0.007257221913247937,0.006263009253372841,2.234002962408709
GT_sfGFP_00025_4,MicroSAM DeepBacs,366,170,0.8313253012048193,0.0759493670886076,0.05456051340465262,0.12136929367226044,0.2002317991050147,0.022454626998191663,0.05520015479913935,2.2890558091769657
GT_sfGFP_00025_4,MicroSAM DeepBacs,72,27,0.8313253012048193,0.14084507042253522,0.04739500479999485,0.20247449947780335,0.2077960941261612,0.009497806711928724,0.13000954445540525,1.5187464413066927
GT_sfGFP_00025_4,MicroSAM DeepBacs,52,17,0.8271028037383178,0.08333333333333333,0.0025754024310981464,0.08747412826552477,0.09868161932270715,0.012724708393016398,0.07166901730640163,6.2409787611815695
GT_sfGFP_00025_4,MicroSAM DeepBacs,64,23,0.8253968253968254,0.14285714285714285,0.045133364353589854,0.16439634864148492,0.1799470714929119,0.009355574635880382,0.13216505755899385,2.5542858431419333
GT_sfGFP_00025_4,MicroSAM DeepBacs,202,99,0.8251121076233184,0.10697674418604651,0.01577206905447726,0.12608021193805302,0.1623172777756981,0.012111607612377588,0.09616079692290001,0.5147656577479045
GT_sfGFP_00025_4,MicroSAM DeepBacs,66,28,0.8222996515679443,0.13214285714285715,0.023026900156233154,0.11869548537287374,0.10855338152570021,0.01255022437884118,0.12125105527121997,4.1407429918797884
GT_sfGFP_00025_4,MicroSAM DeepBacs,288,143,0.8200836820083682,0.20812182741116753,0.08736446170546816,0.11041731161148327,0.02076052819507998,0.009551925132248996,0.1965819381651002,2.1500210046722352
GT_sfGFP_00025_4,MicroSAM DeepBacs,114,52,0.8063063063063063,0.025252525252525252,0.15062591553294216,0.12653470683462406,0.31731154578925047,0.0021402896452734823,0.02744686261611372,0.08001335943950537
GT_sfGFP_00025_4,MicroSAM DeepBacs,348,167,0.7990430622009569,0.010582010582010581,0.1184985443579553,0.10429397445698328,0.24873397349300155,0.00788066428463672,0.0027847395702271607,3.7536487703498462
GT_sfGFP_00025_4,MicroSAM DeepBacs,128,55,0.7987421383647799,0.183206106870229,0.01619488679135634,0.19701158475935068,0.1781156291762794,0.010921747942355797,0.17028342800713628,6.494412654235003
GT_sfGFP_00025_4,MicroSAM DeepBacs,522,207,0.79375,0.006993006993006993,0.03355553232929661,0.016457029546142008,0.050849391819007564,0.003576030884241378,0.01059404508622908,9.732015698453907
GT_sfGFP_00025_4,MicroSAM DeepBacs,198,93,0.7936507936507936,0.005917159763313609,0.04466267471640046,0.04573641692286837,0.09473178400853001,0.007318515379869939,0.013278979967916505,4.007608764210842
GT_sfGFP_00025_4,MicroSAM DeepBacs,350,166,0.7935483870967742,0.05925925925925926,0.10162284690328971,0.043795431224578935,0.1520786271854995,0.009453516886024254,0.06927298455334421,6.5840227112965115
GT_sfGFP_00025_4,MicroSAM DeepBacs,63,24,0.7919463087248322,0.05384615384615385,0.1052931006585511,0.04017974945998968,0.15156259730579286,0.005265228734281312,0.048297412795411235,6.047107346765061
GT_sfGFP_00025_4,MicroSAM DeepBacs,479,194,0.7827715355805244,0.06956521739130435,0.12066300820139195,0.08052700828010123,0.21881014265047838,0.007261317479943932,0.07733167000028786,1.4249995227055268
GT_sfGFP_00025_4,MicroSAM DeepBacs,94,37,0.7788461538461539,0.24242424242424243,0.060420493329755603,0.15837786641841847,0.08456426519226988,0.012116818117823912,0.22737001385361272,1.519930319660943
GT_sfGFP_00025_4,MicroSAM DeepBacs,157,76,0.7769784172661871,0.0703125,0.057701937600806184,0.004164210819909206,0.05376160142323927,0.0076561164059749534,0.06319470427882017,7.525832296303792
GT_sfGFP_00025_4,MicroSAM DeepBacs,38,14,0.7703349282296651,0.11428571428571428,0.0342689871927564,0.10088858811557554,0.0605143895958209,0.0010063830096705751,0.11540711249649006,4.73101522878789
GT_sfGFP_00025_4,MicroSAM DeepBacs,265,127,0.7697841726618705,0.016129032258064516,0.03367208469137876,0.09180969974443197,0.13816684058451156,0.010190405448911059,0.0061029881873617,2.633031213546082
GT_sfGFP_00025_4,MicroSAM DeepBacs,185,92,0.7681818181818182,0.0913978494623656,0.0479697675841527,0.05702988992599702,0.008571301935916445,0.00544501518625652,0.08545517159779531,6.755537219687775
GT_sfGFP_00025_4,MicroSAM DeepBacs,318,157,0.7674418604651163,0.2028985507246377,0.16135018670136342,0.009106885348671784,0.15086935146625996,0.003396093911544751,0.19881339428031575,4.621065413025316
GT_sfGFP_00025_4,MicroSAM DeepBacs,211,103,0.7653631284916201,0.15204678362573099,0.032838523860199566,0.10992687069263576,0.08660900356853234,0.005170725709839012,0.14766225012908388,0.32209625965714284
GT_sfGFP_00025_4,MicroSAM DeepBacs,31,10,0.7608695652173914,0.3142857142857143,0.17837551425330528,0.10377096385313601,0.0675906078736964,0.01152815991309301,0.2991344183999349,0.7791836077136784
GT_sfGFP_00025_4,MicroSAM DeepBacs,518,209,0.7597173144876325,0.016194331983805668,0.11112364371418972,0.12468577528234606,0.26939973364719355,0.004868269382054502,0.011247224231191578,0.5977222895052328
GT_sfGFP_00025_4,MicroSAM DeepBacs,27,5,0.7590361445783133,0.18633540372670807,0.07865612765781262,0.11910217726240309,0.04591457551670949,0.016485181142063793,0.17292199546825865,3.0839090846881123
GT_sfGFP_00025_4,MicroSAM DeepBacs,299,147,0.7574468085106383,0.16230366492146597,0.16937398728202832,0.012367651928253056,0.15508825776359597,0.005239018858916209,0.16839299574177696,0.17602578743091682
GT_sfGFP_00025_4,MicroSAM DeepBacs,502,200,0.757396449704142,0.15217391304347827,0.03243853941246084,0.15993859066329974,0.16585113352056985,0.0043016348832943556,0.15713014453944785,4.064398178843252
GT_sfGFP_00025_4,MicroSAM DeepBacs,89,35,0.7566371681415929,0.05392156862745098,0.05289856431130389,0.10849628637868526,0.18103665551139253,0.01103436768392749,0.04348219135785291,0.3368217481166225
GT_sfGFP_00025_4,MicroSAM DeepBacs,306,152,0.7564935064935064,0.1902834008097166,0.060419453533597976,0.060986045638158036,0.0005340240872058049,0.009476777159784705,0.1790033502632522,1.352248040229005
GT_sfGFP_00025_4,MicroSAM DeepBacs,165,78,0.7527472527472527,0.08496732026143791,0.04087100840231401,0.03398741829886088,0.006657324820043025,0.0016801453263958904,0.08314441748900837,11.434378348945664
GT_sfGFP_00025_4,MicroSAM DeepBacs,126,59,0.7522935779816514,0.1340782122905028,0.11032066189847606,0.0018492528695889657,0.11237772960701879,0.0016896322241513684,0.1321620371983088,4.823367587929456
GT_sfGFP_00025_4,MicroSAM DeepBacs,230,110,0.7520661157024794,0.2033898305084746,0.17461058697426315,0.05844596636781126,0.12337541602188148,0.01600385334384706,0.19064099818371505,2.1705686568375797
GT_sfGFP_00025_4,MicroSAM DeepBacs,159,73,0.75,0.1588785046728972,0.02316750173730893,0.15721469579349948,0.15587617249115623,0.0011528396936979794,0.15754250353253693,8.708932488134096
GT_sfGFP_00025_4,MicroSAM DeepBacs,450,185,0.7480314960629921,0.32460732984293195,0.013413253648203205,0.2906090313508186,0.21477904692212474,0.040892252817278624,0.2704411520273744,0.39276636907323187
GT_sfGFP_00025_4,MicroSAM DeepBacs,70,26,0.7478991596638656,0.17801047120418848,0.21019179401150895,0.024016623157810404,0.23997172772256078,0.005887225360901752,0.17107525808270735,1.727622700016727
GT_sfGFP_00025_4,MicroSAM DeepBacs,225,104,0.7469135802469136,0.24603174603174602,0.1132834845255971,0.10445593822351738,0.00799266498243351,0.00830571047157093,0.23568256711082033,1.6983521081775157
GT_sfGFP_00025_4,MicroSAM DeepBacs,326,162,0.746606334841629,0.2441860465116279,0.07854093860266714,0.13936622773159485,0.053385195776802154,0.006513777680552341,0.23608169521140582,4.768763171350574
GT_sfGFP_00025_4,MicroSAM DeepBacs,576,222,0.7412587412587412,0.3055555555555556,0.05191805741383344,0.22599062313689408,0.14198523417550127,0.016333157325299084,0.28423171126974844,4.553793279559238
GT_sfGFP_00025_4,MicroSAM DeepBacs,207,95,0.73992673992674,0.2300469483568075,0.09583288490853101,0.13044960568151262,0.03062208222197771,0.007453526654484611,0.2208787606409626,4.472375910827757
GT_sfGFP_00025_4,MicroSAM DeepBacs,178,85,0.7385321100917431,0.015957446808510637,0.06761415083902651,0.045984297110262515,0.11907398128269424,0.008367454443983407,0.00745646915531473,6.05473438074664
GT_sfGFP_00025_4,MicroSAM DeepBacs,147,68,0.7379032258064516,0.014018691588785047,0.014906469177971638,0.026490856662045127,0.040328976698957665,0.011972886360048582,0.02615942215014272,0.6364584709979778
GT_sfGFP_00025_4,MicroSAM DeepBacs,172,86,0.7355072463768116,0.33658536585365856,0.13966000278878074,0.18157282080279794,0.035472056631719304,0.018910141760443602,0.3113103471104315,0.9030713375667628
GT_sfGFP_00025_4,MicroSAM DeepBacs,313,158,0.7341772151898734,0.14864864864864866,0.043265037694850655,0.09261329996018258,0.14974689142905734,0.005206986023377186,0.14421567406117888,4.454089004103715
GT_sfGFP_00025_4,MicroSAM DeepBacs,219,105,0.7319277108433735,0.16165413533834586,0.20712249214441333,0.054358423698017806,0.27651165345857165,0.0019491747361388614,0.1639184022310786,2.616111744397348
GT_sfGFP_00025_4,MicroSAM DeepBacs,452,186,0.7309644670050761,0.15822784810126583,0.07223698921155274,0.03265358718581209,0.03833173342632103,0.008770735516769467,0.1480693379774126,0.6670190888467371
GT_sfGFP_00025_4,MicroSAM DeepBacs,586,228,0.7264150943396226,0.01098901098901099,0.03289072460354151,0.011589415025412147,0.021551073918008617,0.005007530858880584,0.005926452318494355,7.023560843823136
GT_sfGFP_00025_4,MicroSAM DeepBacs,208,96,0.7263681592039801,0.01744186046511628,0.1678381019586119,0.13425098832549157,0.3489337974522326,0.005936286124405775,0.023481686463784946,9.133472763873709
GT_sfGFP_00025_4,MicroSAM DeepBacs,383,173,0.725609756097561,0.05818181818181818,0.09989314204456833,0.025948965698527563,0.12919457329393613,0.013157581609207514,0.07210493181192504,2.33506835437576
GT_sfGFP_00025_4,MicroSAM DeepBacs,122,54,0.7241379310344828,0.0,0.04278278014441851,0.047682022575425746,0.08634757566753164,0.013263551760568279,0.013263551760568279,7.75057518856256
GT_sfGFP_00025_4,MicroSAM DeepBacs,275,134,0.7181208053691275,0.3486238532110092,0.10453893054030458,0.1956842623452087,0.07622859535353593,0.013848056057402821,0.32994803449139254,3.454132049299562
GT_sfGFP_00025_4,MicroSAM DeepBacs,461,189,0.7165354330708661,0.3956043956043956,0.2199659506019376,0.142636923317855,0.06767593949226113,0.02595733209160979,0.35937822883918197,6.071338588734223
GT_sfGFP_00025_4,MicroSAM DeepBacs,239,111,0.7152777777777778,0.058333333333333334,0.0553406030399042,0.00013389714531641012,0.05519931486390396,0.014049927677954047,0.0732028401258347,11.970185192708255
GT_sfGFP_00025_4,MicroSAM DeepBacs,484,198,0.7096774193548387,0.2621951219512195,0.04289941341024589,0.1794735765767276,0.11579247376009127,0.007070301830955056,0.2532710214694653,2.436289778617546
GT_sfGFP_00025_4,MicroSAM DeepBacs,481,196,0.7096774193548387,0.12056737588652482,0.13876137101105215,0.02576796632307002,0.16039625211136965,0.00825149313378414,0.11331074362702671,0.1449993695264797
GT_sfGFP_00025_4,MicroSAM DeepBacs,505,201,0.7090909090909091,0.18604651162790697,0.015927851783256806,0.21322065073672933,0.18887619690683266,0.02139813490475645,0.16066732836877723,9.011596246448574
GT_sfGFP_00025_4,MicroSAM DeepBacs,46,12,0.7083333333333334,0.2302158273381295,0.1092813236699986,0.12795920542294395,0.02141858714534579,0.020454909722319198,0.21446996158066076,10.399257739366275
GT_sfGFP_00025_4,MicroSAM DeepBacs,162,71,0.7078651685393258,0.15757575757575756,0.16485826268834936,0.010943943125923096,0.17389906434443572,0.004308833091524939,0.15394589212289717,3.848329562329559
GT_sfGFP_00025_4,MicroSAM DeepBacs,80,33,0.7061611374407583,0.19095477386934673,0.07133466976253924,0.12714350854460457,0.06393816088714667,0.03372346954525948,0.16367096182519209,0.403205859239444
GT_sfGFP_00025_4,MicroSAM DeepBacs,319,159,0.7052631578947368,0.07692307692307693,0.08341381411145112,0.09298800040576458,0.19448674835187577,0.0006962687682877341,0.07767290482738679,11.409364239814211
GT_sfGFP_00025_4,MicroSAM DeepBacs,136,60,0.7046979865771812,0.35185185185185186,0.04346270624182625,0.33632028415451803,0.28420057294620116,0.012565349613312527,0.3348653607079294,2.6695094374557025
GT_sfGFP_00025_4,MicroSAM DeepBacs,156,72,0.7039473684210527,0.0234375,0.12447483663076003,0.0828453560208566,0.22604714920500507,0.0025663836220768074,0.020810966761780767,0.7870734828823577
GT_sfGFP_00025_4,MicroSAM DeepBacs,249,115,0.7006369426751592,0.36283185840707965,0.08104027589058664,0.4491859983080358,0.3658786897042037,0.017965431975946865,0.338347995360214,5.031629446798224
GT_sfGFP_00025_4,MicroSAM DeepBacs,529,211,0.6962025316455697,0.1891891891891892,0.12522428825718004,0.08730871158168516,0.04154260828018014,0.019597594390915393,0.1732992477911497,1.6433930705589581
GT_sfGFP_00025_4,MicroSAM DeepBacs,88,38,0.6940639269406392,0.20833333333333334,0.06879277533841599,0.08526390774907812,0.015177075633911534,0.011173953251122703,0.1948314731548934,4.783203170234388
GT_sfGFP_00025_4,MicroSAM DeepBacs,100,43,0.6911764705882353,0.25757575757575757,0.24429084387290953,0.021527541698686235,0.22766435609332686,0.0165715814715047,0.2452726137560041,0.11703568329229784
GT_sfGFP_00025_4,MicroSAM DeepBacs,153,69,0.6909090909090909,0.05439330543933055,0.006969748061328238,0.1363278117676574,0.14977680822521708,0.02341219714677634,0.032254575082964636,1.2706727136592542
GT_sfGFP_00025_4,MicroSAM DeepBacs,584,225,0.6893203883495146,0.1875,0.08694202079954634,0.08698205346205691,4.3846523129521005e-05,0.008209280012882073,0.18082995998953333,0.009604477114579998
GT_sfGFP_00025_4,MicroSAM DeepBacs,428,180,0.6888888888888889,0.1990521327014218,0.12190159336064889,0.2898458545166401,0.5798001046618361,0.04809259247299644,0.16053247332731566,2.8284763287543324
GT_sfGFP_00025_4,MicroSAM DeepBacs,286,142,0.6861313868613139,0.11926605504587157,0.04799562736726255,0.031018287896660668,0.01646657452142449,0.00019247094999295597,0.11905062884496201,12.986996129989745
GT_sfGFP_00025_4,MicroSAM DeepBacs,203,97,0.6857142857142857,0.23880597014925373,0.18477161364618347,0.08204505125590077,0.1119080653476819,0.008315260238609299,0.23247644369896905,0.07369404975936751
GT_sfGFP_00025_4,MicroSAM DeepBacs,273,132,0.6853932584269663,0.4,0.30233560252768626,0.08714445710775948,0.19794162957186154,0.03180675391145116,0.35547054452396837,6.761150216030319
GT_sfGFP_00025_4,MicroSAM DeepBacs,293,145,0.6848249027237354,0.06190476190476191,0.09859913330195871,0.03428673238649454,0.13760385214220366,0.009481822630524378,0.07197355450765208,1.3455257584361964
GT_sfGFP_00025_4,MicroSAM DeepBacs,281,133,0.6831275720164609,0.08673469387755102,0.1728423897872456,0.08928141749324969,0.2878208618067289,0.013893853969604124,0.10183362701798816,5.658676299481701
GT_sfGFP_00025_4,MicroSAM DeepBacs,471,193,0.6826347305389222,0.0661764705882353,0.272340635599849,0.16553049737155684,0.5247299411089117,0.0077965367859337146,0.05786398651499714,4.2461240378842815
GT_sfGFP_00025_4,MicroSAM DeepBacs,120,58,0.6816479400749064,0.3882978723404255,0.18077806591994008,0.14914851667292606,0.027524335443245788,0.006748311721407079,0.37892920553570614,3.061058155707354
GT_sfGFP_00025_4,MicroSAM DeepBacs,312,153,0.6807017543859649,0.0041841004184100415,0.07023709805028529,0.07961454821863503,0.1628140101290054,0.03118694629436458,0.03550153602781381,4.639886348819497
GT_sfGFP_00025_4,MicroSAM DeepBacs,107,51,0.680365296803653,0.23076923076923078,0.0027471518794037687,0.21957508619781485,0.2778331784182001,0.022267308396531217,0.2136405320026683,7.816337232839154
GT_sfGFP_00025_4,MicroSAM DeepBacs,247,117,0.6777777777777778,0.12422360248447205,0.09567874686138746,0.028633018045653245,0.06902203807755668,0.014906068940584149,0.11116921912656916,7.291423139473946
GT_sfGFP_00025_4,MicroSAM DeepBacs,258,121,0.6764705882352942,0.06310679611650485,0.09373397742510095,0.1503231363619793,0.2872352116804882,0.033002277521002564,0.032187186594400514,0.753040355006655
GT_sfGFP_00025_4,MicroSAM DeepBacs,37,13,0.6752136752136753,0.14218009478672985,0.06541816913659755,0.2000895658572688,0.3319218298213758,0.018840144327563674,0.12601864396545487,1.055005762764455
GT_sfGFP_00025_4,MicroSAM DeepBacs,167,80,0.6742081447963801,0.4503311258278146,0.24051022440988,0.16479740913886173,0.06500084450479067,0.01524488805971259,0.4282209901650526,4.647428689497137
GT_sfGFP_00025_4,MicroSAM DeepBacs,292,144,0.6702127659574468,0.1360544217687075,0.045670703544877636,0.04229664032975289,0.003237142944313108,0.017101967187136826,0.15548318721259763,14.147308933283911
GT_sfGFP_00025_4,MicroSAM DeepBacs,582,226,0.6687898089171974,0.2982456140350877,0.32355047223600203,0.017732720596125445,0.34744432598757424,0.010872099419829757,0.2841309586479403,2.7455407346479985
GT_sfGFP_00025_4,MicroSAM DeepBacs,43,18,0.6681614349775785,0.29357798165137616,0.12449905182402954,0.22358467023219722,0.1276193483168352,0.04244542084921319,0.2635936017854182,3.3914106748749333
GT_sfGFP_00025_4,MicroSAM DeepBacs,260,125,0.6679389312977099,0.2879581151832461,0.11698255653569208,0.13489498072454786,0.015783331932105318,0.0044567306848855015,0.2822180327304616,3.2775891786053792
GT_sfGFP_00025_4,MicroSAM DeepBacs,278,136,0.6666666666666666,0.050314465408805034,0.05270253645143914,0.019157543526548606,0.03420018444705092,0.009901785616415833,0.040910882842271755,16.013924610914685
GT_sfGFP_00025_4,MicroSAM DeepBacs,79,29,0.6666666666666666,0.16535433070866143,0.1029397457341335,0.002177138877627121,0.10534623800212696,0.00041361935738592565,0.1648723175992668,15.278142460210669
GT_sfGFP_00025_4,MicroSAM DeepBacs,333,164,0.6631578947368421,0.34074074074074073,0.41191563246098944,0.043473237986654256,0.476085864538822,0.010561397278746278,0.3265806451299772,10.401412348406248
GT_sfGFP_00025_4,MicroSAM DeepBacs,85,34,0.6628787878787878,0.10047846889952153,0.1253877372168526,0.06843972234317625,0.20806754453675055,0.010091258389682148,0.1115836814814684,3.3787915654841907
GT_sfGFP_00025_4,MicroSAM DeepBacs,160,74,0.6605504587155964,0.01098901098901099,0.05240493444451139,0.03471813287589929,0.08419980722504639,0.020641993579647994,0.00942614749635516,0.658132601649769
GT_sfGFP_00025_4,MicroSAM DeepBacs,307,150,0.6583333333333333,0.23595505617977527,0.09346244788529653,0.3423635441308437,0.3246706109694969,0.011641772793777486,0.22156634823240984,10.97418426959266
GT_sfGFP_00025_4,MicroSAM DeepBacs,268,129,0.6535433070866141,0.5301204819277109,0.24278235764364248,0.2306268043357948,0.009877530105000774,0.030695847886475554,0.48315213636647714,0.14427958377726527
GT_sfGFP_00025_4,MicroSAM DeepBacs,594,232,0.6524064171122995,0.16083916083916083,0.1798334512768501,0.03726434503875668,0.2255009411948564,0.016762688090837977,0.1802979456159378,6.559153837681384
GT_sfGFP_00025_4,MicroSAM DeepBacs,304,149,0.651685393258427,0.5344827586206896,0.14989798597618567,0.300549702658732,0.11583695446207636,0.04515603491004497,0.46519160160355166,3.653795541649985
GT_sfGFP_00025_4,MicroSAM DeepBacs,23,6,0.6492146596858639,0.3333333333333333,0.14291047001169135,0.2288924107052168,0.111504466934582,0.04236412856880071,0.3050905809541329,6.5734637792649755
GT_sfGFP_00025_4,MicroSAM DeepBacs,245,114,0.6470588235294118,0.37735849056603776,0.015229345368209789,0.4055171387306449,0.2993535066237901,0.015383909018173724,0.3561693328617607,2.8792977240715096
GT_sfGFP_00025_4,MicroSAM DeepBacs,233,107,0.6466165413533834,0.44692737430167595,0.3127938197930875,0.10128186617168965,0.19205978062334061,0.006346033775033882,0.43774512431433643,2.129176930166889
GT_sfGFP_00025_4,MicroSAM DeepBacs,194,90,0.6458333333333334,0.46875,0.5097764571274682,0.004487645703568358,0.5030313847911818,0.01616901471643934,0.4924982403647703,0.7247260512465002
GT_sfGFP_00025_4,MicroSAM DeepBacs,587,229,0.6442953020134228,0.47474747474747475,0.10784696480319636,0.20261435551917972,0.07880114708515301,0.030454057475738122,0.4298354303893155,4.111641667078043
GT_sfGFP_00025_4,MicroSAM DeepBacs,241,112,0.6438356164383562,0.09523809523809523,0.0769526661672741,0.009992826810094252,0.06763571130644265,0.016016532865477977,0.08074694645504374,62.861099636846376
GT_sfGFP_00025_4,MicroSAM DeepBacs,143,64,0.6432432432432432,0.5546218487394958,0.17002667491011503,0.3174088740117256,0.11187278453105273,0.03242341576910647,0.5042156981740782,2.176790945977433
GT_sfGFP_00025_4,MicroSAM DeepBacs,599,234,0.6428571428571429,0.06993006993006994,0.056695986399407455,0.1343620941514685,0.2207136254778417,0.001857508706735167,0.06820245693709247,5.866792147010661
GT_sfGFP_00025_4,MicroSAM DeepBacs,603,236,0.6372549019607843,0.20430107526881722,0.1845764589324768,0.029719394123020732,0.1596002886912182,0.007977644220113805,0.19795327234098473,10.901244862326996
GT_sfGFP_00025_4,MicroSAM DeepBacs,360,169,0.634020618556701,0.33157894736842103,0.08842119462980333,0.2641570160709439,0.23882244620013052,0.020698259287410627,0.3177437951078887,3.663069955938806
GT_sfGFP_00025_4,MicroSAM DeepBacs,177,84,0.6330275229357798,0.3364485981308411,0.0005896975272025902,0.3034627016545238,0.4365199105689804,0.015744668978052666,0.32600120095848845,12.181901426579063
GT_sfGFP_00025_4,MicroSAM DeepBacs,329,163,0.6322188449848024,0.4189189189189189,0.3130348330718395,0.10764857618168495,0.18542546914849772,0.015986182423956264,0.3962358222362783,2.6017379601413455
GT_sfGFP_00025_4,MicroSAM DeepBacs,512,204,0.6277777777777778,0.5478260869565217,0.12345723460759445,0.30308382995821825,0.13784730592227773,0.02209637382224793,0.5136247431273032,0.7151517307821493
GT_sfGFP_00025_4,MicroSAM DeepBacs,212,100,0.6274509803921569,0.47761194029850745,0.1988368095813431,0.24532253279395244,0.03732825993946798,0.03023936081824196,0.4329298996864783,5.155866924120493
GT_sfGFP_00025_4,MicroSAM DeepBacs,439,183,0.6270096463022508,0.5948717948717949,0.2267852367105632,0.23840118694132437,0.009379795782860008,0.035365002991243545,0.5384691490755039,1.0258626856253714
GT_sfGFP_00025_4,MicroSAM DeepBacs,149,67,0.6226415094339622,0.14388489208633093,0.04350597991101249,0.1239910607891718,0.09187700864179085,0.019943302649832573,0.12681112938611455,1.2202866916222566
GT_sfGFP_00025_4,MicroSAM DeepBacs,111,44,0.6190476190476191,0.14173228346456693,0.23642967073169108,0.15175520559548444,0.4576330781961226,0.0011542549217994182,0.14041443335700066,9.986495602880868
GT_sfGFP_00025_4,MicroSAM DeepBacs,164,77,0.6178343949044586,0.18571428571428572,0.21767061349797448,0.039255326580355465,0.247221191469606,0.018538115021427222,0.17061896348255212,5.728762249512278
GT_sfGFP_00025_4,MicroSAM DeepBacs,605,235,0.6165413533834586,0.6219512195121951,0.3478511713406951,0.2178028212878813,0.10678933221330662,0.028875556415715115,0.5751164755696327,2.2969825560381665
GT_sfGFP_00025_4,MicroSAM DeepBacs,266,130,0.6162162162162163,0.6228070175438597,0.3696331220641601,0.18048600036288356,0.16022817860028193,0.03141757052243225,0.5718223636258775,3.6155333183622482
GT_sfGFP_00025_4,MicroSAM DeepBacs,314,154,0.6129032258064516,0.4,0.01874294479973455,0.3196651660051763,0.2280292220763683,0.019939956717375036,0.37208406059567495,7.421055876856441
GT_sfGFP_00025_4,MicroSAM DeepBacs,193,88,0.6075949367088608,0.22377622377622378,0.028544815927063965,0.1888944761206359,0.19769272366269905,0.006810849448447733,0.21848948049805805,5.912614709094114
GT_sfGFP_00025_4,MicroSAM DeepBacs,209,98,0.6067961165048543,0.39855072463768115,0.17161614984997492,0.19499421137580933,0.019563326167847426,0.01292622019350484,0.38047275001922876,1.5357656526884358
GT_sfGFP_00025_4,MicroSAM DeepBacs,69,25,0.6013071895424836,0.2116788321167883,0.08236550838957354,0.204387381313354,0.36041772461613736,0.031196927480075298,0.1870856338113275,12.372513331371854
GT_sfGFP_00025_4,MicroSAM DeepBacs,375,172,0.6,0.24242424242424243,0.1878819396038939,0.05551628255140115,0.14014604445491297,0.013081354304128316,0.2523343593213093,4.333825507527454
GT_sfGFP_00025_4,MicroSAM DeepBacs,234,109,0.5988372093023255,0.25949367088607594,0.25280498895902653,0.011891055314032884,0.2438131290488004,0.03143908309260875,0.2362128308744606,2.8322444503088677
GT_sfGFP_00025_4,MicroSAM DeepBacs,419,178,0.5986394557823129,0.655367231638418,0.3037103502053166,0.2656858171942035,0.030042631824228457,0.06374195902168367,0.549850881393484,4.703055504687217
GT_sfGFP_00025_4,MicroSAM DeepBacs,569,220,0.5975232198142415,0.23376623376623376,0.07880364174338254,0.08911509603711572,0.009467736083406272,0.03170069575202819,0.27287748177198284,3.278969312820603
GT_sfGFP_00025_4,MicroSAM DeepBacs,259,123,0.5974842767295597,0.015625,0.047416539603140115,0.008625050619814641,0.05556236203782218,0.002413372211595263,0.013249336729210913,12.415650079020542
GT_sfGFP_00025_4,MicroSAM DeepBacs,468,191,0.5970149253731343,0.25263157894736843,0.015720973021984302,0.2702198127930861,0.2251112625824307,0.026320874867199865,0.2856019379915451,2.830073024160166
GT_sfGFP_00025_4,MicroSAM DeepBacs,19,2,0.5959595959595959,0.07317073170731707,0.009173835945689799,0.07035467775123619,0.06581094998418652,0.0324683147056167,0.04307814734601379,5.87522171495653
GT_sfGFP_00025_4,MicroSAM DeepBacs,531,212,0.5954198473282443,0.049019607843137254,0.03036892507906515,0.08887864824071659,0.10951410748337129,0.009514501628372677,0.05900050661015565,0.8074333635166658
GT_sfGFP_00025_4,MicroSAM DeepBacs,33,16,0.5954198473282443,0.049019607843137254,0.08586904717688854,0.12397895813703227,0.18670100876420206,0.009375113649095193,0.05885428588679594,6.761492669762626
GT_sfGFP_00025_4,MicroSAM DeepBacs,446,182,0.5925925925925926,0.6219512195121951,0.3022686541364185,0.193609845594466,0.09103377367655349,0.00914800819755376,0.6071135964600652,1.3466592885334137
GT_sfGFP_00025_4,MicroSAM DeepBacs,592,230,0.5919282511210763,0.060109289617486336,0.08167881456393881,0.0041256148594480384,0.07787447981558972,0.005697708045601315,0.05475406675495396,5.450479142821615
GT_sfGFP_00025_4,MicroSAM DeepBacs,264,122,0.5870307167235495,0.11363636363636363,0.08960643000780937,0.02377016788251188,0.11613719859841014,0.015489992304124326,0.13088658233868392,1.9847850310203248
GT_sfGFP_00025_4,MicroSAM DeepBacs,368,171,0.5840978593272171,0.16736401673640167,0.17454280852437987,0.015219048577756812,0.19269448381193616,0.008385874607569793,0.17715338500214214,0.4832639305559356
GT_sfGFP_00025_4,MicroSAM DeepBacs,97,42,0.5826446280991735,0.02577319587628866,0.029893017300665896,0.004136213392612351,0.02586378202966834,0.019525250725369696,0.006751173262397564,3.4800631011883603
GT_sfGFP_00025_4,MicroSAM DeepBacs,604,237,0.582089552238806,0.2553191489361702,0.15499583328459263,0.1076189083267991,0.04277366935651408,0.04535122053563249,0.312249404502177,0.44794114684959213
GT_sfGFP_00025_4,MicroSAM DeepBacs,595,231,0.5797101449275363,0.725,0.3600764004955516,0.27003349373051383,0.07089805679104694,0.041396205252209474,0.6535915459399386,8.373622478705842
GT_sfGFP_00025_4,MicroSAM DeepBacs,556,216,0.5786163522012578,0.2808219178082192,0.21524139829302102,0.15629217261461137,0.06986924118161923,0.006986365795794123,0.2757974766537097,4.308112322148291
GT_sfGFP_00025_4,MicroSAM DeepBacs,489,197,0.577639751552795,0.5148514851485149,0.154618388559931,0.3104765896601886,0.11893245734414236,0.022255218160565745,0.48113813486567764,7.275289844412106
GT_sfGFP_00025_4,MicroSAM DeepBacs,588,227,0.5705882352941176,0.38181818181818183,0.04856282950578913,0.2676932963201869,0.29923318428368273,0.033587293936255744,0.36105512738486006,4.171174964794495
GT_sfGFP_00025_4,MicroSAM DeepBacs,217,102,0.5663716814159292,0.34579439252336447,0.11945245548042074,0.2586212855049142,0.18771624718046287,0.044902971988890386,0.3164186164558661,41.733372063104085
GT_sfGFP_00025_4,MicroSAM DeepBacs,252,119,0.5652173913043478,0.6756756756756757,0.3017079784785466,0.290938728018944,0.008342185593989294,0.014070490303620752,0.652098097329068,2.1787349567096124
GT_sfGFP_00025_4,MicroSAM DeepBacs,297,146,0.5571428571428572,0.041916167664670656,0.03120286591029047,0.07924100022273348,0.11994872291201106,0.005160562737713389,0.03697191593991531,3.6081839589929454
GT_sfGFP_00025_4,MicroSAM DeepBacs,81,36,0.55,0.3576158940397351,0.18800621103537385,0.21801162016381204,0.03837065857004628,0.04892693552968733,0.3261860083021214,7.5376843542528595
GT_sfGFP_00025_4,MicroSAM DeepBacs,51,11,0.55,0.3619047619047619,0.013843617374493803,0.3167770128485766,0.2300567161472151,0.020087020639274172,0.38926137096586866,4.980733807194569
GT_sfGFP_00025_4,MicroSAM DeepBacs,192,89,0.5486381322957199,0.7448275862068966,0.4596936959900816,0.187733997699317,0.22897357389580522,0.019121397191748827,0.7114640448999141,11.36370241783521
GT_sfGFP_00025_4,MicroSAM DeepBacs,116,53,0.5460122699386503,0.43478260869565216,0.11955858047090936,0.2898680834145485,0.23982797979640666,0.03137469540065454,0.4170490852083257,2.9590942548900014
GT_sfGFP_00025_4,MicroSAM DeepBacs,426,179,0.5454545454545454,0.39436619718309857,0.2861062595050243,0.1624289625158048,0.10639557424786532,0.00156894324356703,0.3921785157589699,9.332207360144515
GT_sfGFP_00025_4,MicroSAM DeepBacs,262,124,0.543778801843318,0.08571428571428572,0.06580903086455116,0.04809371540343182,0.018610356657774673,0.026276303665367505,0.06169023664880685,4.625781396866294
GT_sfGFP_00025_4,MicroSAM DeepBacs,267,128,0.5409836065573771,0.2204724409448819,0.08143254471570333,0.2825690716052369,0.28380663808255047,1.2554849627050659e-05,0.22045711809691187,2.6815921472516244
GT_sfGFP_00025_4,MicroSAM DeepBacs,597,233,0.5405405405405406,0.23711340206185566,0.16891883646941128,0.08128298740637419,0.09538938308721713,0.025198819194951098,0.217889560614161,20.41678091821755
GT_sfGFP_00025_4,MicroSAM DeepBacs,279,138,0.5404624277456648,0.8052631578947368,0.2069706066565664,0.3937610172696861,0.13401896616324757,0.041220187256758745,0.7308498724785881,2.6536223881545147
GT_sfGFP_00025_4,MicroSAM DeepBacs,145,66,0.5364238410596026,0.46357615894039733,0.08752883286125199,0.3665334447636183,0.44044095082218543,0.011414910922055276,0.4574529285782353,4.716720178478996
GT_sfGFP_00025_4,MicroSAM DeepBacs,110,46,0.5324675324675324,0.33663366336633666,0.03389869740920953,0.2233115855176194,0.15483617612291617,0.0164136550366162,0.3585727072271603,6.624031156780004
GT_sfGFP_00025_4,MicroSAM DeepBacs,463,190,0.5246636771300448,0.5757575757575758,0.633128856594491,0.08157241896865257,0.7781792384333347,0.009161502134763634,0.5613212693634028,9.66693598062358
GT_sfGFP_00025_4,MicroSAM DeepBacs,573,219,0.5217391304347826,0.6630434782608695,0.32946508572647654,0.15991444354946763,0.1461751279328542,0.0027659281851269406,0.6584436194312563,9.20293770296174
GT_sfGFP_00025_4,MicroSAM DeepBacs,218,108,0.5212765957446809,0.2976190476190476,0.09233801469954342,0.2230865738603596,0.16829231515599488,0.09193194060077531,0.23304780362564592,2.333945547471577
GT_sfGFP_00025_4,MicroSAM DeepBacs,30,8,0.5209302325581395,0.42028985507246375,0.2978087882767685,0.22214343148992752,0.09727417604992718,0.03213794895860016,0.40165916002399993,4.137925876137072
GT_sfGFP_00025_4,MicroSAM DeepBacs,530,210,0.5190476190476191,0.37244897959183676,0.1593122112380616,0.2671575432827628,0.14716032218956532,0.09561230285726563,0.31244738137018535,0.6880428220744583
GT_sfGFP_00025_4,MicroSAM DeepBacs,170,81,0.5188679245283019,0.9272727272727272,0.25394235306360885,0.4906048116368055,0.1587694181084268,0.06623942796495705,0.7996112842857191,0.29949758098992885
GT_sfGFP_00025_4,MicroSAM DeepBacs,253,120,0.5148936170212766,0.2967741935483871,0.26541518990353924,0.06139684911010546,0.19221683290701916,0.007961849021589192,0.2864494732042618,6.173940910959693
GT_sfGFP_00025_4,Omnipose bact_fluor,366,244,0.7337461300309598,0.3628691983122363,0.19903971588030717,0.13861170946913634,0.053071653759247585,0.05421374768969672,0.2889829514608775,0.5161423762801418
GT_sfGFP_00025_4,Omnipose bact_fluor,27,26,0.7259615384615384,0.22981366459627328,0.07686478788635366,0.15153219687285738,0.06484179008565569,0.020742254576762865,0.20430455648323573,4.372717396424527
GT_sfGFP_00025_4,Omnipose bact_fluor,494,298,0.7225433526011561,0.14388489208633093,0.04988116325980512,0.14632414193047433,0.08413238031282645,0.009369344582049617,0.13316744037017347,1.8419765234804168
GT_sfGFP_00025_4,Omnipose bact_fluor,43,41,0.7132075471698113,0.08256880733944955,0.10084936920654107,0.03604924412607266,0.1420182644169413,0.007125630027584016,0.07485482253894575,3.5755012898651186
GT_sfGFP_00025_4,Omnipose bact_fluor,342,234,0.6914893617021277,0.385,0.03002003773054233,0.33788843522990647,0.23011514965854332,0.01882269662185754,0.3589305651787273,0.9308168829383952
GT_sfGFP_00025_4,Omnipose bact_fluor,114,80,0.6875,0.3181818181818182,0.25942569394425863,0.028062399670381342,0.22504790988179046,0.033287277567519494,0.27430313411554247,0.5215034604724194
GT_sfGFP_00025_4,Omnipose bact_fluor,3,6,0.6867469879518072,0.3728813559322034,0.2235895625908164,0.13329364287160542,0.07967566066144519,0.038804865630478885,0.31960687938866456,19.852136886560228
GT_sfGFP_00025_4,Omnipose bact_fluor,601,364,0.6811594202898551,0.03389830508474576,0.050574527768836246,0.09701382335582101,0.04233246163200071,0.018748177954220926,0.0520109515828914,3.458367282276996
GT_sfGFP_00025_4,Omnipose bact_fluor,32,34,0.673469387755102,0.2777777777777778,0.060225904162811324,0.35390570807509497,0.3058792128343226,0.02459606816818067,0.24634946845176914,5.415614575057888
GT_sfGFP_00025_4,Omnipose bact_fluor,105,79,0.6724137931034483,0.22988505747126436,0.02136009223576042,0.3173089020028636,0.2570915551574157,0.013728980758110054,0.2129999891825543,2.022935071300517
GT_sfGFP_00025_4,Omnipose bact_fluor,219,150,0.6692307692307692,0.4473684210526316,0.28153517401668837,0.1393765011222858,0.12476882992968186,0.022832960066438358,0.4143207156933129,2.724698149229626
GT_sfGFP_00025_4,Omnipose bact_fluor,255,178,0.6680672268907563,0.14594594594594595,0.16450476362923722,0.04670505447682433,0.11254336515198432,0.006445139743789729,0.13856016418549502,1.4350716841494815
GT_sfGFP_00025_4,Omnipose bact_fluor,195,143,0.6666666666666666,0.125,0.24567536279152968,0.14940333500921407,0.34372503173359653,0.03703264676888093,0.09259643407722919,3.3902678001295032
GT_sfGFP_00025_4,Omnipose bact_fluor,20,24,0.6634304207119741,0.03065134099616858,0.10190226431461191,0.09150893385004624,0.21289279044240392,0.0025665351764945577,0.033139208427789744,9.910463744265195
GT_sfGFP_00025_4,Omnipose bact_fluor,228,163,0.6628787878787878,0.06607929515418502,0.06972388654328616,0.13629018236979543,0.1813041000525306,0.0065400335781270955,0.05997142238518527,6.282290316198466
GT_sfGFP_00025_4,Omnipose bact_fluor,428,267,0.6557377049180327,0.3933649289099526,0.38731289812917213,0.002472930859651627,0.38389063227822845,0.055258739646588145,0.31636933907063075,0.2793078710953383
GT_sfGFP_00025_4,Omnipose bact_fluor,107,83,0.6531365313653137,0.15384615384615385,0.04678021777072929,0.13877650876811182,0.08078520261794035,0.018992620703596967,0.13193159149584965,2.9131604786676637
GT_sfGFP_00025_4,Omnipose bact_fluor,306,213,0.6530612244897959,0.29554655870445345,0.2047277459585557,0.0727826860978199,0.12299327866734847,0.02299233506487621,0.2657589181345733,2.9311259850134634
GT_sfGFP_00025_4,Omnipose bact_fluor,522,314,0.65,0.07692307692307693,0.195297769377921,0.04834671125568722,0.2560223177025872,0.007221974395740652,0.06914556603535622,6.5784169129929095
GT_sfGFP_00025_4,Omnipose bact_fluor,23,20,0.6484018264840182,0.08994708994708994,0.11813118132432089,0.043351949559789715,0.1688009825659526,0.0011132257332077593,0.08893399562903845,6.81646801915592
GT_sfGFP_00025_4,Omnipose bact_fluor,575,346,0.6479750778816199,0.42660550458715596,0.2676765079022223,0.14455106283539346,0.1075753184500222,0.00858540781827883,0.4143575145344738,26.995999378690357
GT_sfGFP_00025_4,Omnipose bact_fluor,55,43,0.6448979591836734,0.2388888888888889,0.019610326854011356,0.3041119167343462,0.24823194960061182,0.023637851205299643,0.20960421767343432,5.284046224730662
GT_sfGFP_00025_4,Omnipose bact_fluor,64,49,0.6414342629482072,0.5590062111801242,0.25905853295287484,0.2959938979618911,0.02849964422448411,0.037308924824868826,0.5008413656457014,1.8199841164946233
GT_sfGFP_00025_4,Omnipose bact_fluor,153,111,0.6407766990291263,0.12133891213389121,0.022172945078064735,0.06332210611607897,0.08040371840516443,0.003490895887788394,0.12525338953107654,3.360347785756313
GT_sfGFP_00025_4,Omnipose bact_fluor,30,29,0.6392405063291139,0.5024154589371981,0.09220722574842756,0.2886359091447621,0.15243148355744626,0.026276948022060705,0.4629365660151648,0.39264816727659907
GT_sfGFP_00025_4,Omnipose bact_fluor,52,44,0.6356275303643725,0.0196078431372549,0.03863863305927074,0.013330219858729654,0.02497548450106374,0.010940159051151505,0.03033348926583481,8.342506657490738
GT_sfGFP_00025_4,Omnipose bact_fluor,72,55,0.6188340807174888,0.5422535211267606,0.18856010951608757,0.4411323682020674,0.17525958354615592,0.04578047986230658,0.4716484148602455,2.838443844335649
GT_sfGFP_00025_4,Omnipose bact_fluor,383,253,0.6099773242630385,0.5818181818181818,0.2660770963116902,0.2765258854329262,0.008185332738233039,0.03036779740868511,0.5337818477353526,3.438501495211242
GT_sfGFP_00025_4,Omnipose bact_fluor,390,255,0.6094276094276094,0.6408839779005525,0.18841116587122014,0.3520368343706389,0.12102160558043157,0.07083229589484032,0.524656398448798,1.898104151474762
GT_sfGFP_00025_4,Omnipose bact_fluor,109,82,0.6090909090909091,0.05813953488372093,0.16631316824136033,0.2714369141456005,0.3442955584478422,0.0012414087819680754,0.0594531185948732,0.7899117446932854
GT_sfGFP_00025_4,Omnipose bact_fluor,313,218,0.6082191780821918,0.6441441441441441,0.2955238809484451,0.28276294506862143,0.009948007875407576,0.04196927700648407,0.5751406031199698,2.875756684698548
GT_sfGFP_00025_4,Omnipose bact_fluor,606,369,0.6055045871559633,0.5735294117647058,0.3369116539934349,0.28568529108715307,0.03984362523348593,0.029792474981646097,0.5266500761318216,35.38272403735811
GT_sfGFP_00025_4,Omnipose bact_fluor,156,118,0.6045197740112994,0.21875,0.13862834056564682,0.13347142212681673,0.004549667806492913,0.025277904419652435,0.1879425539885486,11.4796961453808
GT_sfGFP_00025_4,Omnipose bact_fluor,482,290,0.5966850828729282,0.6759259259259259,0.3443430849469584,0.2694620374029814,0.058986440978704556,0.04062484459934451,0.6078416956251727,12.255759023367027
GT_sfGFP_00025_4,Omnipose bact_fluor,415,261,0.5901060070671378,0.6946107784431138,0.16422987570746583,0.43687059204668227,0.18974618719899208,0.08271745110059354,0.5544368942427067,1.2003073142223215
GT_sfGFP_00025_4,Omnipose bact_fluor,278,198,0.5900383141762452,0.610062893081761,0.12173230628553663,0.4257736489729286,0.21324657171663358,0.040950574926832475,0.5441298919417037,10.544613660760952
GT_sfGFP_00025_4,Omnipose bact_fluor,450,273,0.5895061728395061,0.6963350785340314,0.130948814516049,0.48565953223739755,0.23875639742785187,0.08892133784563098,0.5454946939163119,3.0315543780048677
GT_sfGFP_00025_4,Omnipose bact_fluor,36,31,0.5893536121673004,0.6967741935483871,0.20815786602154046,0.3625120151223591,0.11328644987175178,0.05367941190028642,0.6056923527111269,5.2083424337960595
GT_sfGFP_00025_4,Omnipose bact_fluor,297,209,0.5892857142857143,0.6646706586826348,0.3586317760823253,0.23620793552925273,0.09903175431458436,0.03684609905636222,0.6033340386965946,2.977660893418582
GT_sfGFP_00025_4,Omnipose bact_fluor,19,10,0.5859375,0.47560975609756095,0.33905426401391164,0.17151413471905044,0.14301161576257054,0.008724844366665135,0.46273529062967705,8.642584747758377
GT_sfGFP_00025_4,Omnipose bact_fluor,478,284,0.5794871794871795,0.29850746268656714,0.12299764839375774,0.17531640506436255,0.044514614486079324,0.007969053712776267,0.28815958696997707,9.053539100465601
GT_sfGFP_00025_4,Omnipose bact_fluor,11,17,0.5772357723577236,0.06,0.13342099964842793,0.11060788742492908,0.2197255123400626,0.03037661270245107,0.031445984059695994,0.19078349391607063
GT_sfGFP_00025_4,Omnipose bact_fluor,31,28,0.5754189944134078,0.6857142857142857,0.3471403604769403,0.27238422822827585,0.05875279698551294,0.04060809567026146,0.6172606387272735,1.8331078329915036
GT_sfGFP_00025_4,Omnipose bact_fluor,548,326,0.5704918032786885,0.7062146892655368,0.45832280759975785,0.16962007950554403,0.24683462019244967,0.040271561483170626,0.6375027595032908,0.1287729075442113
GT_sfGFP_00025_4,Omnipose bact_fluor,88,65,0.5703971119133574,0.5892857142857143,0.3426653171148614,0.17322736381109757,0.14442038988364853,0.045682881960870454,0.5166825625979024,0.7394928768030568
GT_sfGFP_00025_4,Omnipose bact_fluor,251,177,0.5701559020044543,0.6806083650190115,0.34583435401934565,0.335925444172878,0.0074172626097429055,0.023786560947719863,0.6406324717152388,0.7658858761204691
GT_sfGFP_00025_4,Omnipose bact_fluor,37,37,0.5694444444444444,0.14218009478672985,0.09995406500571619,0.07688257768066722,0.021424329637442133,0.016113557523977785,0.1237755101266415,2.97907661592686
GT_sfGFP_00025_4,Omnipose bact_fluor,35,36,0.5654450261780105,0.3178294573643411,0.13970440410357382,0.21683595257209087,0.06338697365530663,0.017334272997357257,0.29498584178642845,7.039158197892139
GT_sfGFP_00025_4,Omnipose bact_fluor,99,75,0.5625,0.3076923076923077,0.15457300684898134,0.6091783110526758,0.4746219313644826,0.02248934220542711,0.2782831678852107,2.6782411311016796
GT_sfGFP_00025_4,Omnipose bact_fluor,398,256,0.5609756097560976,0.782608695652174,0.20468761962925092,0.4869707333529631,0.18983770654799192,0.048673636171088545,0.6958426485645813,1.2968101838302317
GT_sfGFP_00025_4,Omnipose bact_fluor,248,176,0.5582191780821918,0.7914110429447853,0.2720665754706385,0.42956163253922597,0.11017017628602728,0.054087285747765314,0.6945184819733284,7.153330685550311
GT_sfGFP_00025_4,Omnipose bact_fluor,58,51,0.5562130177514792,0.19863013698630136,0.21046113244738865,0.012173104700506643,0.2199566814352085,0.019396978293857624,0.21417429082452974,10.929183883490792
GT_sfGFP_00025_4,Omnipose bact_fluor,329,225,0.556135770234987,0.6846846846846847,0.4062102151254831,0.3085404327338905,0.07464024798036571,0.04378606608989675,0.6109189697404442,2.052079639944206
GT_sfGFP_00025_4,Omnipose bact_fluor,5,12,0.5550239234449761,0.2620320855614973,0.36096351357477396,0.18310863490148105,0.45986660263160073,0.001957716469191518,0.26058735362166613,5.171635137091739
GT_sfGFP_00025_4,Omnipose bact_fluor,116,84,0.5544554455445545,0.049689440993788817,0.12989859217272418,0.11041739615244743,0.2701446580517379,0.0035391516417749833,0.04632614781868589,7.962728475160537
GT_sfGFP_00025_4,Omnipose bact_fluor,538,325,0.5542857142857143,0.5904761904761905,0.0804465251257852,0.5421538091844507,0.2993912029454661,0.010025508017885858,0.5745308586763149,13.94278238181557
GT_sfGFP_00025_4,Omnipose bact_fluor,408,257,0.554140127388535,0.6813186813186813,0.12993435574481077,0.5162433304356194,0.25478032907806525,0.05634933881045566,0.5865774852967064,12.189270004310377
GT_sfGFP_00025_4,Omnipose bact_fluor,233,165,0.5520833333333334,0.4972067039106145,0.002642332335869139,0.48784794704588214,0.3261123663028788,0.032104749753210364,0.4491392573527353,7.40415727633445
GT_sfGFP_00025_4,Omnipose bact_fluor,603,366,0.5476190476190477,0.7956989247311828,0.280388194034269,0.4326344946084616,0.10627016252027438,0.0321865026817577,0.7379016564746932,16.26396258506978
GT_sfGFP_00025_4,Omnipose bact_fluor,160,117,0.5454545454545454,0.6153846153846154,0.008811743272148759,0.6007050598248445,0.36977037894630194,0.010866668660088593,0.5978307660106261,9.257274958393559
GT_sfGFP_00025_4,Omnipose bact_fluor,188,136,0.5447761194029851,0.6037735849056604,0.14167362563348931,0.3765161261919723,0.17060642886048635,0.05312695541849316,0.5185699771590204,8.506736069440798
GT_sfGFP_00025_4,Omnipose bact_fluor,471,279,0.5418326693227091,0.8455882352941176,0.5155516992953267,0.21148512042183018,0.2509866392478867,0.08013238091523754,0.6976968558108484,4.828534987006093
GT_sfGFP_00025_4,Omnipose bact_fluor,210,149,0.5412371134020618,0.5338983050847458,0.09374908099941441,0.44812500083807705,0.24471362598779367,0.0014638642149365562,0.5316528862465804,7.077425147853963
GT_sfGFP_00025_4,Omnipose bact_fluor,146,107,0.5412371134020618,0.6936936936936937,0.11587701132958916,0.5280684720317419,0.2697467215942863,0.017304249824941963,0.6643855948910893,3.183366482383782
GT_sfGFP_00025_4,Omnipose bact_fluor,523,316,0.5382262996941896,0.7790055248618785,0.17714616731301067,0.5323619663431582,0.23180932888711508,0.040783737169121245,0.706451031113497,1.7550012637408334
GT_sfGFP_00025_4,Omnipose bact_fluor,326,224,0.5361842105263158,0.7151162790697675,0.1404286578582101,0.4928598176691791,0.23607786587840796,0.037162023591280735,0.6513790874451871,0.17443882303882016
GT_sfGFP_00025_4,Omnipose bact_fluor,569,343,0.5327102803738317,0.8398268398268398,0.2522040628599431,0.388105831699231,0.09790447222091526,0.045915140971662695,0.7553509311127418,4.577769878208814
GT_sfGFP_00025_4,Omnipose bact_fluor,586,352,0.5321637426900585,0.8791208791208791,0.29326326025800986,0.40018525368166535,0.07636274781677173,0.05955887882003962,0.7672025463931124,6.2476808251471265
GT_sfGFP_00025_4,Omnipose bact_fluor,452,274,0.5302013422818792,0.8860759493670886,0.2794443013263771,0.41326863400595815,0.09469136260404457,0.06905131282044069,0.7558399289842321,0.2730912712903077
GT_sfGFP_00025_4,Omnipose bact_fluor,203,145,0.5286885245901639,0.7835820895522388,0.3572491568543373,0.3713961026064323,0.010315725504256364,0.03305389077955345,0.7246277619678114,15.737898620342646
GT_sfGFP_00025_4,Omnipose bact_fluor,604,365,0.5280898876404494,0.8936170212765957,0.47831103625503973,0.3753622174956703,0.07485214981899387,0.03364221682220899,0.8299115468685829,1.757531125614341
GT_sfGFP_00025_4,Omnipose bact_fluor,511,308,0.527363184079602,0.8294930875576036,0.36827283473848293,0.39338236785242303,0.01802056183087824,0.030546405067867138,0.7736086506362062,2.3267004521414574
GT_sfGFP_00025_4,Omnipose bact_fluor,241,168,0.525,0.9047619047619048,0.38907745495438245,0.43850902808961656,0.034363060759431366,0.04033195293259611,0.8279391372712455,63.99891058833352
GT_sfGFP_00025_4,Omnipose bact_fluor,38,35,0.524390243902439,0.8571428571428571,0.3024320880644562,0.49741224449842464,0.13021140781393784,0.05428917886624235,0.7563200963912642,0.226185150474996
GT_sfGFP_00025_4,Omnipose bact_fluor,63,47,0.5220883534136547,0.9153846153846154,0.37396586202381304,0.42551528079430934,0.03616195453322157,0.055778399978574374,0.8085475261948845,0.09495883574357133
GT_sfGFP_00025_4,Omnipose bact_fluor,592,358,0.5175438596491229,0.8360655737704918,0.17998613878233186,0.6879355744424831,0.3009293976329188,0.05201736375735412,0.7405582829373171,2.241918103724175
GT_sfGFP_00025_4,Omnipose bact_fluor,273,194,0.5165289256198347,0.936,0.46096614502242544,0.35297458463653986,0.07981787803863005,0.07732199878855875,0.7863046103453503,3.428787812677901
GT_sfGFP_00025_4,Omnipose bact_fluor,346,237,0.5164835164835165,0.845360824742268,0.06417631821012648,0.7502222697241103,0.3919764725780378,0.021324082098769515,0.8060101990136109,6.547528950218302
GT_sfGFP_00025_4,Omnipose bact_fluor,111,78,0.5159817351598174,0.6141732283464567,0.3971064136576217,0.053361990517516715,0.326330764005661,0.02539717579971639,0.5731777870949459,7.791278553290566
GT_sfGFP_00025_4,Omnipose bact_fluor,207,146,0.5155038759689923,0.1643192488262911,0.06864007769699172,0.055781253051488094,0.013618480555549428,0.03009905517232333,0.18947244986231715,6.322097319687269
GT_sfGFP_00025_4,Omnipose bact_fluor,261,185,0.5117370892018779,0.0641025641025641,0.15180758572717432,0.4795919316935897,0.4267389568000978,0.015043886087488806,0.04809432634280037,25.500754351667712
GT_sfGFP_00025_4,Omnipose bact_fluor,308,214,0.5116772823779193,0.48951048951048953,0.27629369083802224,0.11646124095559153,0.14315987337422326,0.005477328648664099,0.481351951033808,5.7563131092467215
GT_sfGFP_00025_4,Omnipose bact_fluor,29,33,0.5114503816793893,0.24778761061946902,0.20218338853882917,0.2131786440232049,0.3423749953136244,0.0025520646649209834,0.2458679159600152,19.21490856581632
GT_sfGFP_00025_4,Omnipose bact_fluor,530,318,0.5098039215686274,0.35714285714285715,0.09042882715105764,0.22300879513721278,0.10840475433480476,0.02756509760498991,0.39455263246391487,5.202349143420111
GT_sfGFP_00025_4,Omnipose bact_fluor,119,92,0.5092592592592593,0.21768707482993196,0.2688082354651245,0.05094735566752646,0.3369208157652357,0.000976120696419981,0.21649846527442737,0.19074634797363468
GT_sfGFP_00025_4,Omnipose bact_fluor,216,156,0.509090909090909,0.31756756756756754,0.022836043996127032,0.10819040209337527,0.1469219959025617,0.012916343280965347,0.30875303600420606,5.102703521152852
GT_sfGFP_00025_4,Omnipose bact_fluor,13,1,0.5034965034965035,0.5294117647058824,0.2924276678058093,0.19040046493586457,0.08570830226905336,0.007744564280868218,0.5175671369822016,13.698222091952532
GT_sfGFP_00130_1,Cellpose-SAM cpsam_v2,41,45,0.8342541436464088,0.03550295857988166,0.037051351067663586,0.004976057500376293,0.03223570026537273,0.011566771585580138,0.02434684160680732,8.391875119257337
GT_sfGFP_00130_1,Cellpose-SAM cpsam_v2,128,144,0.7830882352941176,0.15555555555555556,0.04148282561755352,0.09125910798456124,0.045613623751502325,0.014779122945016255,0.13847745793020344,6.844665167903172
GT_sfGFP_00130_1,Cellpose-SAM cpsam_v2,103,116,0.7721518987341772,0.25806451612903225,0.2007722713907068,0.05445488361967475,0.13876116469655092,0.04617285535769507,0.1999760851951578,4.522971123232732
GT_sfGFP_00130_1,Cellpose-SAM cpsam_v2,158,177,0.753968253968254,0.04424778761061947,0.024569298951852423,0.017883623320924066,0.0068074169107487405,0.04367422026311992,0.0025060549697614935,22.27151557301623
GT_sfGFP_00130_1,Cellpose-SAM cpsam_v2,129,146,0.7529411764705882,0.2261904761904762,0.16708660147608967,0.08165651764287692,0.093026286432543,0.11001619535664936,0.1410588964502118,3.6982583127231154
GT_sfGFP_00130_1,Cellpose-SAM cpsam_v2,14,15,0.7464788732394366,0.049586776859504134,0.14269205461820467,0.0923645366712505,0.2589768698849492,0.0005414017080542244,0.04901852878576127,53.37303380138431
GT_sfGFP_00130_1,Cellpose-SAM cpsam_v2,77,84,0.7457142857142857,0.27137546468401486,0.14337459575586184,0.11360147556385324,0.02673588428655188,0.014364451175665127,0.25311285389562277,1.0316528497761648
GT_sfGFP_00130_1,Cellpose-SAM cpsam_v2,127,141,0.7442748091603053,0.2512315270935961,0.17212464657216464,0.05239669343059134,0.1137669415810166,0.012652520936298399,0.23540029400088772,7.896508808001419
GT_sfGFP_00130_1,Cellpose-SAM cpsam_v2,139,155,0.7391304347826086,0.09523809523809523,0.00715216624502584,0.07844689274613782,0.07736366568559826,0.03701258260984069,0.06175052049585843,8.24811472345252
GT_sfGFP_00130_1,Cellpose-SAM cpsam_v2,116,130,0.7377892030848329,0.10644257703081232,0.10799332906501731,0.19658967938628,0.3791126409959836,0.031956465000962817,0.07788764051734695,5.411049826480869
GT_sfGFP_00130_1,Cellpose-SAM cpsam_v2,119,133,0.7363896848137536,0.35797665369649806,0.26164928411091176,0.08309316784749307,0.16485757787418762,0.037703832665340026,0.3067757291820869,2.057580307426192
GT_sfGFP_00130_1,Cellpose-SAM cpsam_v2,157,176,0.7363636363636363,0.12745098039215685,0.19273390843395607,0.08476241398406562,0.25581299539946806,0.03315276674157047,0.09852356627451203,42.02778997022934
GT_sfGFP_00130_1,Cellpose-SAM cpsam_v2,70,75,0.7251908396946565,0.1523809523809524,0.0676028717615571,0.11517232827228475,0.0426565969265272,0.015963047750988203,0.13398544021076597,8.150957742751217
GT_sfGFP_00130_1,Cellpose-SAM cpsam_v2,148,164,0.7208121827411168,0.3541666666666667,0.009152845599168128,0.34356429665409566,0.26252345580456554,0.02488118709656669,0.3204733924733993,0.22948764741701225
GT_sfGFP_00130_1,Cellpose-SAM cpsam_v2,117,131,0.7203579418344519,0.3373860182370821,0.052414298584094236,0.27724918621620465,0.17603055853037886,0.017148016967983192,0.3144525001036091,8.298899105919205
GT_sfGFP_00130_1,Cellpose-SAM cpsam_v2,10,10,0.7183673469387755,0.39204545454545453,0.1933902435428674,0.17361033562533587,0.016853897172771814,0.026162517872751024,0.35562604046122726,8.736168166776663
GT_sfGFP_00130_1,Cellpose-SAM cpsam_v2,114,128,0.715625,0.3067226890756303,0.026242577848395395,0.2702988824164731,0.192125103742367,0.029215526447457632,0.26854609779344824,2.037073681471337
GT_sfGFP_00130_1,Cellpose-SAM cpsam_v2,36,40,0.7142857142857143,0.203125,0.11025102015787605,0.07768418671844037,0.030219273736030068,0.045617381349977865,0.1482415880633079,11.774112684877483
GT_sfGFP_00130_1,Cellpose-SAM cpsam_v2,80,88,0.6986666666666667,0.4128787878787879,0.14823415403772203,0.20941223519403174,0.050584969604259455,0.05202021878928926,0.3393805242105875,2.3129908372498504
GT_sfGFP_00130_1,Cellpose-SAM cpsam_v2,104,115,0.6957831325301205,0.43722943722943725,0.12904940624688607,0.25036564906561115,0.09702461268780362,0.06565647492948753,0.3428660187160612,2.460780832879366
GT_sfGFP_00130_1,Cellpose-SAM cpsam_v2,49,53,0.6935933147632312,0.07508532423208192,0.05437127120251167,0.004071014634101975,0.058681177770062,0.032614740489244044,0.11014895308570606,8.21921167984123
GT_sfGFP_00130_1,Cellpose-SAM cpsam_v2,88,96,0.6916666666666667,0.3742690058479532,0.04087935449199358,0.28241505696988106,0.18834440625533,0.014408628066084846,0.35446767487994185,4.024245846608998
GT_sfGFP_00130_1,Cellpose-SAM cpsam_v2,42,46,0.6909090909090909,0.13793103448275862,0.2994961745600944,0.10817424087822686,0.45711890609638306,0.0010443964314811906,0.13911948559444412,10.254830667008891
GT_sfGFP_00130_1,Cellpose-SAM cpsam_v2,15,16,0.6885964912280702,0.42138364779874216,0.19968706506036757,0.13733294505184257,0.05482486045955764,0.04456869518213692,0.3580344332631261,8.16883783722802
GT_sfGFP_00130_1,Cellpose-SAM cpsam_v2,150,167,0.6879194630872483,0.35046728971962615,0.2247336832085596,0.13758327813016652,0.07661013198228549,0.0016549478900835092,0.35270224271137446,8.7404332783053
GT_sfGFP_00130_1,Cellpose-SAM cpsam_v2,120,134,0.6876971608832808,0.4318181818181818,0.2955430136480188,0.09888738916738424,0.17895885094253258,0.028029672530337328,0.3916847870588352,3.9959613220673833
GT_sfGFP_00130_1,Cellpose-SAM cpsam_v2,38,42,0.6868686868686869,0.40865384615384615,0.08768132581079485,0.3122256701274067,0.17111717094728868,0.014885025803919026,0.3876859973050564,3.449699130595122
GT_sfGFP_00130_1,Cellpose-SAM cpsam_v2,87,95,0.6854838709677419,0.45305164319248825,0.0346348639046181,0.36061676795905895,0.2395839237990706,0.03955701884110281,0.3955732519656276,1.726015977456169
GT_sfGFP_00130_1,Cellpose-SAM cpsam_v2,52,57,0.6851851851851852,0.39473684210526316,0.20560325090722154,0.12166200269828824,0.07483649085642802,0.03639187659122867,0.34397975107012846,4.247617564675457
GT_sfGFP_00130_1,Cellpose-SAM cpsam_v2,151,169,0.6771300448430493,0.294478527607362,0.2735829873434817,0.024240784255652376,0.24344100227275575,0.022543408559346976,0.2652965692882073,13.380434134668164
GT_sfGFP_00130_1,Cellpose-SAM cpsam_v2,100,109,0.6762402088772846,0.1118421052631579,0.1175972197176968,0.021668242538630637,0.09389444947481476,0.014182720078558225,0.12761105061366013,1.8492900256935008
GT_sfGFP_00130_1,Cellpose-SAM cpsam_v2,93,102,0.6677740863787376,0.48514851485148514,0.20428216512024017,0.21434728731517516,0.008288503873704963,0.04111062115446587,0.4240931368993081,1.0614699583001888
GT_sfGFP_00130_1,Cellpose-SAM cpsam_v2,89,97,0.6618357487922706,0.4483985765124555,0.07817702374052851,0.26340112878479666,0.14660751904062808,0.031489696495595125,0.40278894493342626,2.095774897669783
GT_sfGFP_00130_1,Cellpose-SAM cpsam_v2,35,39,0.6605504587155964,0.42953020134228187,0.2097681062161958,0.17343127658058408,0.030966304001627216,0.039975577653636706,0.37238390577030456,14.40897352913418
GT_sfGFP_00130_1,Cellpose-SAM cpsam_v2,55,63,0.6604651162790698,0.36423841059602646,0.016257356135489617,0.32496240125236664,0.23299155117540407,0.00358319880568064,0.3691267480395378,20.12446179343794
GT_sfGFP_00130_1,Cellpose-SAM cpsam_v2,115,129,0.6601941747572816,0.03571428571428571,0.07520753746009988,0.05732713271496346,0.14059455276014515,0.025109483988585923,0.061720536988178275,20.882890550074414
GT_sfGFP_00130_1,Cellpose-SAM cpsam_v2,17,18,0.6565217391304348,0.5231788079470199,0.20748412658985924,0.24449262121825216,0.02973781764343825,0.0564296710986704,0.4372263287901047,6.862290094599393
GT_sfGFP_00130_1,Cellpose-SAM cpsam_v2,105,117,0.6531986531986532,0.49238578680203043,0.37742729074525194,0.08415176405452542,0.2705115062433056,0.032695747876510785,0.4435911173822631,0.06824823266819985
GT_sfGFP_00130_1,Cellpose-SAM cpsam_v2,144,160,0.6516129032258065,0.3486238532110092,0.2855339288188456,0.06469183598923968,0.20742348665087157,0.04309101104732813,0.29051028785360333,6.837380747853787
GT_sfGFP_00130_1,Cellpose-SAM cpsam_v2,79,87,0.6506550218340611,0.4868421052631579,0.1783259645277761,0.255130113661535,0.061192181031894506,0.02444763933352031,0.4504923257277922,14.357113361300472
GT_sfGFP_00130_1,Cellpose-SAM cpsam_v2,26,27,0.6460481099656358,0.5478723404255319,0.1405266416789981,0.3580023878487129,0.16014386139204828,0.06712502582078893,0.4439713696071831,3.2433529589557466
GT_sfGFP_00130_1,Cellpose-SAM cpsam_v2,147,165,0.6459143968871596,0.02336448598130841,0.02442536173320613,0.047800341239128075,0.07585142706974271,0.030962284470469014,0.006874380627701045,3.6732934503383823
GT_sfGFP_00130_1,Cellpose-SAM cpsam_v2,65,72,0.6454183266932271,0.22043010752688172,0.22018760443240162,0.00553676837336671,0.2134689081596396,0.007449466766538393,0.21133855399997734,0.4597552894578238
GT_sfGFP_00130_1,Cellpose-SAM cpsam_v2,34,38,0.6447368421052632,0.5167785234899329,0.17384321996568983,0.2725288176333396,0.07755077629690624,0.03177654847818779,0.4685805372075809,0.5475841915011774
GT_sfGFP_00130_1,Cellpose-SAM cpsam_v2,111,123,0.6357142857142857,0.3854166666666667,0.029331084628283755,0.3915159491053296,0.3024378082078007,0.034554988674035274,0.3375436094411803,6.665195133976795
GT_sfGFP_00130_1,Cellpose-SAM cpsam_v2,125,140,0.6311787072243346,0.5688622754491018,0.1356284745275544,0.3861579412844572,0.1807365952286465,0.043418449082991736,0.5007447086242884,9.51085298316306
GT_sfGFP_00130_1,Cellpose-SAM cpsam_v2,92,101,0.6289592760180995,0.5899280575539568,0.3192619895399811,0.19239791229298397,0.1063940786369184,0.057624677784306785,0.4983089655371813,7.0716523306657235
GT_sfGFP_00130_1,Cellpose-SAM cpsam_v2,53,56,0.628158844765343,0.5480225988700564,0.3419814117561758,0.20140490963885707,0.11701009458965511,0.042015572382777165,0.48298154331705684,10.842160356470352
GT_sfGFP_00130_1,Cellpose-SAM cpsam_v2,21,20,0.6276276276276276,0.5933014354066986,0.10477675986997385,0.37498471422811,0.19651706056225193,0.053357174322368146,0.508287372969624,3.8390632750270797
GT_sfGFP_00130_1,Cellpose-SAM cpsam_v2,83,94,0.6272727272727273,0.5942028985507246,0.18520518120569546,0.3236861597986317,0.10461768264918851,0.06751569192888182,0.48656918678004346,2.6659960260071194
GT_sfGFP_00130_1,Cellpose-SAM cpsam_v2,23,23,0.625,0.6,0.28118345034189907,0.24735186366726278,0.027122729087180088,0.05239914343397088,0.5161613705056466,1.6042656662186103
GT_sfGFP_00130_1,Cellpose-SAM cpsam_v2,27,28,0.624561403508772,0.048672566371681415,0.2450585348529489,0.15360392415564394,0.4710117052597288,0.012531121414436465,0.06181360962487364,11.400454981256326
GT_sfGFP_00130_1,Cellpose-SAM cpsam_v2,68,79,0.6242038216560509,0.023809523809523808,0.20666927782554356,0.22541729665742477,0.5578314266744852,0.004373899732501069,0.019331483607201286,19.417255603589968
GT_sfGFP_00130_1,Cellpose-SAM cpsam_v2,24,25,0.6234309623430963,0.2982456140350877,0.3191533266082547,0.00031961984319621445,0.3189356449258794,0.02933156643486455,0.27766205864220034,7.242387176212252
GT_sfGFP_00130_1,Cellpose-SAM cpsam_v2,71,76,0.6172248803827751,0.6201550387596899,0.3092423826886288,0.2393191434561954,0.05642068840914745,0.016341484824168896,0.5936792997809976,5.811862493258311
GT_sfGFP_00130_1,Cellpose-SAM cpsam_v2,59,65,0.6124031007751938,0.5785123966942148,0.31341065760622533,0.2093638544761978,0.086034325190819,0.03282915579342499,0.5266911673012878,5.809451651623227
GT_sfGFP_00130_1,Cellpose-SAM cpsam_v2,46,50,0.6102941176470589,0.6385542168674698,0.1471825490594625,0.4323934354668181,0.19911490750053953,0.08377400028466424,0.5012859754371767,5.285571443344884
GT_sfGFP_00130_1,Cellpose-SAM cpsam_v2,137,152,0.605,0.568,0.2952487216313161,0.19713935257377557,0.08195317349363843,0.0415523493888503,0.5028459161582828,14.586563886558054
GT_sfGFP_00130_1,Cellpose-SAM cpsam_v2,122,135,0.6049046321525886,0.2567049808429119,0.32598531635667577,0.05891348003361551,0.4089940597640692,0.002042366968634815,0.2592716335851043,6.615084694086199
GT_sfGFP_00130_1,Cellpose-SAM cpsam_v2,78,86,0.6024844720496895,0.6597938144329897,0.1797622273573223,0.3993452647965459,0.1569184124628095,0.0911333740484668,0.5085312038989366,2.6760288729391526
GT_sfGFP_00130_1,Cellpose-SAM cpsam_v2,126,138,0.5992647058823529,0.6687116564417178,0.16399602291026558,0.40777072130156905,0.1731636371623919,0.049344582882356366,0.5863697758036752,1.6439385030734661
GT_sfGFP_00130_1,Cellpose-SAM cpsam_v2,8,7,0.5982532751091703,0.6715328467153284,0.28235585469660546,0.2792452218456711,0.002431615766714641,0.056746601530912065,0.5766790383169426,11.083857264615624
GT_sfGFP_00130_1,Cellpose-SAM cpsam_v2,39,43,0.5981308411214953,0.6307692307692307,0.20979664638312062,0.3365353812713887,0.09482632234375045,0.05298112266119136,0.5443692461217495,18.929442086119753
GT_sfGFP_00130_1,Cellpose-SAM cpsam_v2,85,92,0.5977011494252874,0.6730769230769231,0.11331381990480768,0.513208282076695,0.2642692793242452,0.06750522721758384,0.5601354852321193,5.697175920791523
GT_sfGFP_00130_1,Cellpose-SAM cpsam_v2,51,55,0.5973154362416108,0.6741573033707865,0.20653063640768834,0.38478049330557057,0.12872065844340932,0.04943883116773292,0.5913889231012112,16.694693979457412
GT_sfGFP_00130_1,Cellpose-SAM cpsam_v2,37,41,0.5938864628820961,0.6838235294117647,0.2542549096948051,0.3457211956900452,0.0679682287001054,0.06604184890186399,0.5726207103049497,8.512683439326707
GT_sfGFP_00130_1,Cellpose-SAM cpsam_v2,7,8,0.5919282511210763,0.6296296296296297,0.12958336103156515,0.3826092545888041,0.18300607544572695,0.03866433569928457,0.5666210825641288,1.286313929549583
GT_sfGFP_00130_1,Cellpose-SAM cpsam_v2,118,132,0.5918367346938775,0.6,0.26241666119935464,0.26935986127503914,0.005469843727932462,0.07019095311797434,0.4876944750112411,3.938394660106798
GT_sfGFP_00130_1,Cellpose-SAM cpsam_v2,1,1,0.5906976744186047,0.6929133858267716,0.2805326078994336,0.3209588036532393,0.03060367639172641,0.06124790251005112,0.589225991813693,4.167127346640928
GT_sfGFP_00130_1,Cellpose-SAM cpsam_v2,142,157,0.5888888888888889,0.6481481481481481,0.15942062620275294,0.41871321913808773,0.18276603716490564,0.035331533984848826,0.5899165458397861,10.183635374874658
GT_sfGFP_00130_1,Cellpose-SAM cpsam_v2,73,80,0.5864978902953587,0.5753424657534246,0.32442418194669914,0.21596389761892626,0.08919696097898747,0.017597311823796015,0.547620673154294,10.588121884141458
GT_sfGFP_00130_1,Cellpose-SAM cpsam_v2,121,136,0.5862068965517241,0.6136363636363636,0.3511744387779369,0.18042580057905735,0.14465003909192672,0.04722840933243848,0.5374268849408379,2.1376905511239785
GT_sfGFP_00130_1,Cellpose-SAM cpsam_v2,33,37,0.5854922279792746,0.5932203389830508,0.16703536798217708,0.35570608432247497,0.13916786132488854,0.0551186319970651,0.5054042134284048,46.92156637135465
GT_sfGFP_00130_1,Cellpose-SAM cpsam_v2,5,5,0.5825242718446602,0.7166666666666667,0.3612063377243215,0.27254406296808814,0.0696732453801537,0.06788095188216287,0.6001376992689538,2.1479627510084627
GT_sfGFP_00130_1,Cellpose-SAM cpsam_v2,82,89,0.581267217630854,0.7203791469194313,0.2142359424765607,0.423753793522497,0.14715876579164008,0.05828797049480737,0.6201017379639095,0.4718446554539479
GT_sfGFP_00130_1,Cellpose-SAM cpsam_v2,143,159,0.5809128630705395,0.6275862068965518,0.12628964650398783,0.4392185442390363,0.21742972878417485,0.0275828287999695,0.5826927751945324,13.62712858881882
GT_sfGFP_00130_1,Cellpose-SAM cpsam_v2,95,103,0.5797101449275363,0.725,0.24108810760007027,0.3955937571371423,0.11070961642449441,0.08093989641190044,0.5853786786894717,19.982659321716294
GT_sfGFP_00130_1,Cellpose-SAM cpsam_v2,20,17,0.5767790262172284,0.7337662337662337,0.32035305493748195,0.2958901817107891,0.018877273376975246,0.05164655353512861,0.6442231831566276,5.072314731335603
GT_sfGFP_00130_1,Cellpose-SAM cpsam_v2,45,49,0.5762081784386617,0.7354838709677419,0.1560656764611211,0.4579285767883541,0.20704916902870624,0.061739893555930715,0.6283352815061589,1.89702955025534
GT_sfGFP_00130_1,Cellpose-SAM cpsam_v2,81,90,0.5749318801089919,0.6883720930232559,0.18830276412276165,0.3963922790514136,0.14901938234004686,0.04975960912823841,0.6043593576113928,7.494644927817109
GT_sfGFP_00130_1,Cellpose-SAM cpsam_v2,141,158,0.5709219858156028,0.7177914110429447,0.3006243973792131,0.2924684051855472,0.006310399666980515,0.07840690310028552,0.5831047063307979,2.4737070743764766
GT_sfGFP_00130_1,Cellpose-SAM cpsam_v2,30,32,0.5708502024291497,0.75177304964539,0.19310644893206305,0.44128029851431233,0.17218985775221488,0.07326952838495293,0.6234214644604016,4.92448794287394
GT_sfGFP_00130_1,Cellpose-SAM cpsam_v2,22,22,0.5707317073170731,0.7521367521367521,0.21122145118261978,0.4429621817605937,0.1606006959206798,0.06145132250735874,0.6444656315042004,3.1594607075085457
GT_sfGFP_00130_1,Cellpose-SAM cpsam_v2,110,124,0.5697115384615384,0.015197568389057751,0.043230694332900145,0.01587026609267947,0.058177665395108255,0.05092523162780168,0.0349537235483518,1.0100185429626123
GT_sfGFP_00130_1,Cellpose-SAM cpsam_v2,40,44,0.5689655172413793,0.4052863436123348,0.25393573166825567,0.12266126743515288,0.11693149843230469,0.0023371758035807427,0.408570744851728,3.4262882041167093
GT_sfGFP_00130_1,Cellpose-SAM cpsam_v2,32,36,0.5688888888888889,0.6148148148148148,0.16202736012429111,0.30529488217839706,0.10975874035069211,0.04601478316963909,0.5405094612519902,21.67153946912261
GT_sfGFP_00130_1,Cellpose-SAM cpsam_v2,91,99,0.5667574931880109,0.7251184834123223,0.37186752265431156,0.2733022952333643,0.07740913354976936,0.05058834088887013,0.637847601499769,3.6038666571887767
GT_sfGFP_00130_1,Cellpose-SAM cpsam_v2,101,113,0.5660377358490566,0.7666666666666667,0.38723737718841383,0.26592334721948413,0.09583047049048256,0.07836487095940706,0.6282220613050475,35.96725859096212
GT_sfGFP_00130_1,Cellpose-SAM cpsam_v2,113,127,0.5658153241650294,0.33958333333333335,0.31174238789979064,0.16110624589208333,0.17956522058969726,0.03074124727223172,0.3598853653860364,10.160652349190478
GT_sfGFP_00130_1,Cellpose-SAM cpsam_v2,16,14,0.5645161290322581,0.7714285714285715,0.18834330590210085,0.47102356959165725,0.19216569301335248,0.04597902111751644,0.6899800197346851,5.569513637351752
GT_sfGFP_00130_1,Cellpose-SAM cpsam_v2,72,77,0.5637254901960784,0.2949640287769784,0.13536048935645995,0.15437974714203426,0.016475737583461075,0.030541766989996274,0.33451451840431173,11.137889579927474
GT_sfGFP_00130_1,Cellpose-SAM cpsam_v2,67,73,0.5622775800711743,0.5672514619883041,0.11777625606687,0.3663622780361287,0.18193273187148515,0.060645289071700706,0.47220504402797786,5.356022141863774
GT_sfGFP_00130_1,Cellpose-SAM cpsam_v2,136,153,0.5596330275229358,0.7868852459016393,0.36044832672814975,0.31879818394289333,0.0315818927356515,0.06940852883973928,0.6628601697781709,6.9857255214620695
GT_sfGFP_00130_1,Cellpose-SAM cpsam_v2,124,139,0.5596330275229358,0.7868852459016393,0.32552323007266637,0.33285545908933484,0.005501143403560263,0.0890452273543611,0.6277716429241744,38.35811136816658
GT_sfGFP_00130_1,Cellpose-SAM cpsam_v2,149,166,0.558974358974359,0.6206896551724138,0.4717512684677538,0.09725397828474001,0.34130410788616056,0.02543887000367914,0.5794611417181752,38.2826669262226
GT_sfGFP_00130_1,Cellpose-SAM cpsam_v2,48,52,0.5581395348837209,0.7916666666666666,0.4676583325529459,0.21437649454699098,0.20856945036674046,0.05716197359966547,0.689251463967266,25.40302292913369
GT_sfGFP_00130_1,Cellpose-SAM cpsam_v2,66,68,0.5552147239263804,0.7258064516129032,0.21779431323304768,0.41099902427584667,0.13692760074157775,0.039555492167915464,0.6575413280327911,1.4094192064935502
GT_sfGFP_00130_1,Cellpose-SAM cpsam_v2,131,145,0.5545851528384279,0.8031496062992126,0.39780783889083743,0.2419534103336059,0.1254913648615587,0.028184965751124454,0.7523278964015158,7.974110980803466
GT_sfGFP_00130_1,Cellpose-SAM cpsam_v2,54,58,0.5541666666666667,0.7426470588235294,0.3978694421526366,0.2511232371326521,0.11729156702124739,0.019396666166221196,0.7088455155779821,12.516416634298878
GT_sfGFP_00130_1,Cellpose-SAM cpsam_v2,109,119,0.5523809523809524,0.8103448275862069,0.19750111295117578,0.5167766805982146,0.2104960946005031,0.04740757668418248,0.7245207663476007,5.5048073856970765
GT_sfGFP_00130_1,Cellpose-SAM cpsam_v2,74,81,0.550351288056206,0.648,0.5657756025718171,0.043953522567475804,0.4998518312587171,0.06143471448804492,0.5467555905237019,5.892924762694824
GT_sfGFP_00130_1,Cellpose-SAM cpsam_v2,145,163,0.5496535796766744,0.3055555555555556,0.10410825528675681,0.3983513306703258,0.8351378662848152,0.023377888054613587,0.3217902000379261,76.0027283971041
GT_sfGFP_00130_1,Cellpose-SAM cpsam_v2,123,142,0.5490909090909091,0.1958762886597938,0.1043334137015028,0.3359216261858102,0.32955154797836844,0.048281941176239386,0.13813706003666218,9.28643383790853
GT_sfGFP_00130_1,Cellpose-SAM cpsam_v2,4,4,0.5481481481481482,0.8243243243243243,0.27877627168053826,0.4257860188838593,0.10310786138750612,0.05730212386976437,0.7197866659132677,0.03604405704846177
GT_sfGFP_00130_1,Cellpose-SAM cpsam_v2,11,12,0.5477178423236515,0.4064516129032258,0.3532073536151913,0.030677507524826376,0.3129299356351735,0.01748795527171806,0.43104757580151315,3.58046010952046
GT_sfGFP_00130_1,Cellpose-SAM cpsam_v2,18,19,0.546916890080429,0.7345971563981043,0.40813082707443626,0.23952115507548724,0.13602807125036975,0.028264481699861985,0.6855696668144574,1.3606488124810996
GT_sfGFP_00130_1,Cellpose-SAM cpsam_v2,50,54,0.5445544554455446,0.8363636363636363,0.24772925750354874,0.48348453665170893,0.1589199437698693,0.033185688048922836,0.7754226455828872,4.8212931367613745
GT_sfGFP_00130_1,Cellpose-SAM cpsam_v2,130,143,0.5414012738853503,0.8470588235294118,0.38170109030657334,0.36885770303749865,0.009382558348157802,0.05073760017384824,0.7533434914435979,5.341631705429819
GT_sfGFP_00130_1,Cellpose-SAM cpsam_v2,44,48,0.5396825396825397,0.8529411764705882,0.22458095807108713,0.5295036466296414,0.19936055022194346,0.042505916545129856,0.7741802134604947,7.008519435237935
GT_sfGFP_00130_1,Cellpose-SAM cpsam_v2,98,107,0.532871972318339,0.2559055118110236,0.3484044435879671,0.06656128637134508,0.3890688095112741,0.012770889615695993,0.2464027632387144,32.81952484834273
GT_sfGFP_00130_1,Cellpose-SAM cpsam_v2,29,31,0.5303430079155673,0.22629969418960244,0.38803940982477847,0.1553234828380277,0.47031234172445513,0.03549638766686893,0.19883612819658153,1.6631939905614694
GT_sfGFP_00130_1,Cellpose-SAM cpsam_v2,57,61,0.5287958115183246,0.8910891089108911,0.46543941730114435,0.2913510951226379,0.13481099201915614,0.08802678046249442,0.7246226230857779,2.2097285989548427
GT_sfGFP_00130_1,Cellpose-SAM cpsam_v2,3,3,0.5277777777777778,0.8350515463917526,0.3487897053164864,0.34724164299772664,0.0011490606208662479,0.04565741463233382,0.751267837066439,12.015716818788057
GT_sfGFP_00130_1,Cellpose-SAM cpsam_v2,43,47,0.5245901639344263,0.4051724137931034,0.1136354576496042,0.2133610855121672,0.08218957163973001,0.0025644037844474213,0.4087758432488356,47.105815147252954
GT_sfGFP_00130_1,Cellpose-SAM cpsam_v2,96,104,0.5232067510548524,0.8650793650793651,0.27827830036566126,0.4441704097747533,0.11487017618299372,0.045014804470598774,0.781123182138169,8.360199073477899
GT_sfGFP_00130_1,Cellpose-SAM cpsam_v2,94,100,0.51931330472103,0.9256198347107438,0.46739456618190556,0.30199146177842673,0.12703854768567385,0.08339978759569379,0.7650235495058127,7.527118678372805
GT_sfGFP_00130_1,Cellpose-SAM cpsam_v2,106,114,0.5166666666666667,0.4931506849315068,0.2100695683791154,0.2391375959868302,0.023458272674364036,0.04055400317026675,0.5537039225419051,3.1926530421851336
GT_sfGFP_00130_1,Cellpose-SAM cpsam_v2,99,108,0.5131578947368421,0.9487179487179487,0.26500066916454573,0.5018828658958779,0.1577234830427545,0.04297312488232552,0.8649754489472631,8.467621902700593
GT_sfGFP_00130_1,Cellpose-SAM cpsam_v2,138,154,0.5120967741935484,0.952755905511811,0.3750323480825553,0.4039586248824366,0.02060336842355555,0.07079771542013685,0.8145052486283941,0.3545837429773785
GT_sfGFP_00130_1,Cellpose-SAM cpsam_v2,146,162,0.5095785440613027,0.9402985074626866,0.38137311418333114,0.38215622918889,0.0005665893543875338,0.07913187708009904,0.7867590444714496,9.092620309063218
GT_sfGFP_00130_1,Cellpose-SAM cpsam_v2,140,156,0.50920245398773,0.8604651162790697,0.45896105043833985,0.27245525600224474,0.1465715934264379,0.063573619998507,0.742188613956266,9.270362122308399
GT_sfGFP_00130_1,Cellpose-SAM cpsam_v2,102,110,0.5057471264367817,0.9772727272727273,0.3567178254405015,0.45628687461678574,0.06837186471414512,0.09369441720904795,0.7920133114275643,0.627092399328667
GT_sfGFP_00130_1,Cellpose-SAM cpsam_v2,132,147,0.5043859649122807,0.3986013986013986,0.05954283442511512,0.31162491482081284,0.19219067703523757,0.01166535285769337,0.41491657742334737,17.594051251840025
GT_sfGFP_00130_1,Cellpose-SAM cpsam_v2,135,151,0.5,0.21621621621621623,0.06124202925493445,0.1693849297838855,0.13019616956963448,0.040530389094703176,0.18444915449334076,1.0119033979212
GT_sfGFP_00130_1,Cellpose-SAM cpsam_v2,56,59,0.5,1.0,0.4337440508578032,0.3921981521785714,0.029841943558263567,0.06319886552317726,0.8736022689536455,6.093257809573929
GT_sfGFP_00130_1,Cellpose-SAM cpsam_v2,19,21,0.5,1.0,0.2151515880572925,0.6364455964510041,0.25744455502057706,0.03644531082602974,0.9271093783479405,8.476130981344813
GT_sfGFP_00130_1,Cellpose-SAM cpsam_v2,12,11,0.5,0.25970873786407767,0.4139664502935017,0.24127933994317077,0.5278793976113961,0.036725073703254556,0.28689598902789476,2.378917343196707
GT_sfGFP_00130_1,MicroSAM DeepBacs,103,84,0.8695652173913043,0.09274193548387097,0.055217542963912104,0.1376883698522554,0.22370788711630363,0.01765877716311826,0.07672086749313868,2.700445551727616
GT_sfGFP_00130_1,MicroSAM DeepBacs,57,44,0.8099173553719008,0.16831683168316833,0.036985500666116417,0.1282250915154425,0.08087002455048412,0.012938247023462156,0.15320085991318283,22.35602888566855
GT_sfGFP_00130_1,MicroSAM DeepBacs,114,94,0.7983539094650206,0.1638655462184874,0.09543134755776991,0.08530161783679865,0.011074393394044452,0.030986033470111498,0.13795705604810005,1.6233515017202438
GT_sfGFP_00130_1,MicroSAM DeepBacs,87,68,0.7971311475409836,0.05868544600938967,0.04482224528320925,0.005371407015432825,0.04992548221323306,0.0069459681748632535,0.0660390414245618,1.2895761104388443
GT_sfGFP_00130_1,MicroSAM DeepBacs,85,66,0.7945945945945946,0.1282051282051282,0.026965362457954396,0.10327205036848451,0.06916398170790634,0.011847320371202804,0.11483892060684812,2.8069940596675367
GT_sfGFP_00130_1,MicroSAM DeepBacs,80,63,0.7877697841726619,0.11742424242424243,0.01259550206320807,0.11680651208370403,0.11799340851839756,0.030439002533338855,0.09055951670353048,1.8182149024446888
GT_sfGFP_00130_1,MicroSAM DeepBacs,109,87,0.7785714285714286,0.14655172413793102,3.561293779936725e-05,0.14091696283810531,0.12354323791038736,0.0028446000251895385,0.14329024307456717,3.789843929352883
GT_sfGFP_00130_1,MicroSAM DeepBacs,46,34,0.7783018867924528,0.2710843373493976,0.021597648239538025,0.24625876314746278,0.18026843345160254,0.03136965677955255,0.231210857948882,5.224562066385762
GT_sfGFP_00130_1,MicroSAM DeepBacs,15,13,0.7771428571428571,0.0440251572327044,0.004528139187793668,0.08730850935469388,0.10062178675244988,0.020033024927896808,0.02487408937710494,6.90289200257356
GT_sfGFP_00130_1,MicroSAM DeepBacs,104,85,0.7722007722007722,0.012987012987012988,0.0010388362300410847,0.027247205050089675,0.02907834490631027,0.006483656521212183,0.006587559797245118,2.0080591100852687
GT_sfGFP_00130_1,MicroSAM DeepBacs,82,64,0.7642585551330798,0.1990521327014218,0.12343539920185159,0.07231939698658497,0.04766863525821884,0.006447699718350013,0.19132100460311585,0.8899424619801173
GT_sfGFP_00130_1,MicroSAM DeepBacs,126,106,0.7523809523809524,0.25766871165644173,0.048716943666199324,0.17985654536505466,0.11114876822442857,0.01890919404716157,0.23388720994068637,0.46051503571939506
GT_sfGFP_00130_1,MicroSAM DeepBacs,141,116,0.7486631016042781,0.006134969325153374,0.038528391924517874,0.0579046395816834,0.1023601596587655,0.013060523517976241,0.019275618754282842,6.470983206927777
GT_sfGFP_00130_1,MicroSAM DeepBacs,119,100,0.74822695035461,0.08171206225680934,0.13938280688855761,0.19436787027599423,0.4142718057668435,0.016339230939760224,0.06670794357282718,3.9022309907506965
GT_sfGFP_00130_1,MicroSAM DeepBacs,52,38,0.7454545454545455,0.021052631578947368,0.07462569952743925,0.079303088204977,0.167187253221379,0.0025250302534642628,0.02363082036406351,10.211033061905631
GT_sfGFP_00130_1,MicroSAM DeepBacs,120,101,0.7424892703862661,0.15454545454545454,0.046588504891984586,0.19833304556365206,0.30551533788472174,0.028681612791995745,0.13029645463949452,8.758688656704996
GT_sfGFP_00130_1,MicroSAM DeepBacs,123,104,0.7392996108949417,0.30412371134020616,0.12635106071505847,0.14901603076732475,0.019725547290345785,0.014423933066891688,0.28531311821688865,9.181808278374888
GT_sfGFP_00130_1,MicroSAM DeepBacs,18,14,0.7384615384615385,0.14218009478672985,0.1986727529033271,0.043986163206323134,0.25382364435591304,0.006828993652424103,0.1499800354039536,1.2652802006296544
GT_sfGFP_00130_1,MicroSAM DeepBacs,91,72,0.73828125,0.10900473933649289,0.15608419702413276,0.035780464832084746,0.19898441678305664,0.010063130843390097,0.12016479913437575,2.4834064156396876
GT_sfGFP_00130_1,MicroSAM DeepBacs,151,126,0.7374301675977654,0.09202453987730061,0.08033440205890012,0.15924409449362908,0.28495606749052305,0.015359214541286536,0.07807874998705272,17.336815792387878
GT_sfGFP_00130_1,MicroSAM DeepBacs,112,93,0.7264957264957265,0.02,0.03172000172817601,0.0029533759771156022,0.028851836070606946,0.0167246287620016,0.03705912133724163,17.73482117207382
GT_sfGFP_00130_1,MicroSAM DeepBacs,93,73,0.7233009708737864,0.24257425742574257,0.08442877516370888,0.18363140762456104,0.12151696352280789,0.009459887389109486,0.23540909519537748,1.3774826073200932
GT_sfGFP_00130_1,MicroSAM DeepBacs,100,83,0.7198879551820728,0.019736842105263157,0.010559164734348005,0.026491912976827032,0.03609485592899311,0.019460464046408766,0.039581394257851045,0.1540328458477217
GT_sfGFP_00130_1,MicroSAM DeepBacs,143,118,0.7177914110429447,0.06896551724137931,0.0771255942287705,0.005320299185249582,0.072189364058304,0.03674137899940786,0.03475802644882717,4.991617110863083
GT_sfGFP_00130_1,MicroSAM DeepBacs,73,57,0.7157894736842105,0.2328767123287671,0.1275104089315175,0.11256825917212133,0.013430321812807221,0.007854483815350413,0.24256032251207585,15.64974521488441
GT_sfGFP_00130_1,MicroSAM DeepBacs,17,16,0.7150259067357513,0.19205298013245034,0.13559167009323486,0.03854135053999073,0.09344868117459416,0.016178188648668556,0.17276772214066,5.21853450380949
GT_sfGFP_00130_1,MicroSAM DeepBacs,77,60,0.7124183006535948,0.05204460966542751,0.025814857497382045,0.08428181326032344,0.12022986149231546,0.037651399900174645,0.01635276217641437,2.8612485338556692
GT_sfGFP_00130_1,MicroSAM DeepBacs,1,1,0.7123287671232876,0.031496062992125984,0.053029014241646306,0.020822254694680593,0.07234488530857436,0.012037426687162739,0.019837767854165224,16.840679849213846
GT_sfGFP_00130_1,MicroSAM DeepBacs,45,33,0.7009803921568627,0.23870967741935484,0.04682298172273817,0.13633340107766886,0.07877126490345299,0.00941984254908182,0.22704122729404058,7.839575441254172
GT_sfGFP_00130_1,MicroSAM DeepBacs,78,61,0.6987951807228916,0.18041237113402062,0.030162374903054026,0.16232582191741035,0.11370602332170103,0.019788942228347154,0.1570532589160232,4.038806600436482
GT_sfGFP_00130_1,MicroSAM DeepBacs,128,108,0.6959459459459459,0.2311111111111111,0.32440481785879793,0.06920755145738773,0.42287877381524086,0.02651009488430568,0.19847423874243256,1.8595761392027403
GT_sfGFP_00130_1,MicroSAM DeepBacs,84,67,0.688212927756654,0.4530386740331492,0.23269587538269632,0.18805922214700035,0.0375710675053984,0.04106839517450888,0.3933647075641114,2.360019503948042
GT_sfGFP_00130_1,MicroSAM DeepBacs,139,115,0.6875,0.07142857142857142,0.1108681734522273,0.12876106302340462,0.2750442230086755,0.029426433993118638,0.04410402557781841,12.545818882234995
GT_sfGFP_00130_1,MicroSAM DeepBacs,21,18,0.6862745098039216,0.05741626794258373,0.1077056233810179,0.030486344333759997,0.13410363802940356,0.015386304533519404,0.04114653922532159,5.457550911684936
GT_sfGFP_00130_1,MicroSAM DeepBacs,146,120,0.6844919786096256,0.35074626865671643,0.20017424560171326,0.10129303539125037,0.08978646648331322,0.024326884266695322,0.31788682050543393,8.650744721058926
GT_sfGFP_00130_1,MicroSAM DeepBacs,118,99,0.6815068493150684,0.04583333333333333,0.0889862461047817,0.03711996273595743,0.1309677259475244,0.02248650036795213,0.06935046496814994,2.1710337381258467
GT_sfGFP_00130_1,MicroSAM DeepBacs,89,71,0.6777777777777778,0.1494661921708185,0.052999881676794584,0.11778916811839273,0.15279182753459808,0.014818970007179808,0.16650009719686504,2.9622416590691154
GT_sfGFP_00130_1,MicroSAM DeepBacs,92,75,0.6754966887417219,0.17985611510791366,0.09316659666917892,0.2541013680556699,0.4655699177509244,0.02252802855568387,0.16137989024929525,10.38535219380387
GT_sfGFP_00130_1,MicroSAM DeepBacs,125,105,0.6713615023474179,0.1317365269461078,0.04320028911104952,0.08951978510351306,0.042513680454240435,0.0036573533258265397,0.1358756872968935,6.906740091510888
GT_sfGFP_00130_1,MicroSAM DeepBacs,39,29,0.6705882352941176,0.18461538461538463,0.12053747154549373,0.05739168364082263,0.0597184457581951,0.00822308162859849,0.1748741956091987,15.513207975391568
GT_sfGFP_00130_1,MicroSAM DeepBacs,53,40,0.6651982378854625,0.13559322033898305,0.18565112957932187,0.034567634314731366,0.22810377165855733,0.004959439911308707,0.1299613139990223,15.764930937169815
GT_sfGFP_00130_1,MicroSAM DeepBacs,70,56,0.6623376623376623,0.17142857142857143,0.11300847280628759,0.06752349939531656,0.04877868062248795,0.01888176599545773,0.1557836796037636,22.762801970793554
GT_sfGFP_00130_1,MicroSAM DeepBacs,102,81,0.6591760299625468,0.5170454545454546,0.21824446831810818,0.2361971815455818,0.014522532081029136,0.046911752388366354,0.4458781938199215,0.24988401151399883
GT_sfGFP_00130_1,MicroSAM DeepBacs,74,58,0.6569767441860465,0.28,0.31583338835797375,0.039280652616268126,0.36963348551405995,0.01035743262057872,0.2667424862456592,7.3867395618757765
GT_sfGFP_00130_1,MicroSAM DeepBacs,96,76,0.6566265060240963,0.18253968253968253,0.054655882814555586,0.10508173093918773,0.045630876624642325,0.007388285883746133,0.1912766237831601,9.573101184489257
GT_sfGFP_00130_1,MicroSAM DeepBacs,111,91,0.6561085972850679,0.09375,0.1641597128922108,0.05775967400151325,0.20980133044229335,0.037103538738983165,0.06012491801779651,7.341659689243765
GT_sfGFP_00130_1,MicroSAM DeepBacs,90,70,0.6527777777777778,0.2037037037037037,0.06741929408802048,0.07400104261491913,0.006128251524666784,0.0003250745030034346,0.2040949970869486,2.6948076961436622
GT_sfGFP_00130_1,MicroSAM DeepBacs,108,89,0.6518518518518519,0.18627450980392157,0.09523179058622125,0.06590337065179469,0.027515083207300887,0.0076439923483071,0.17720663652798863,11.017781683405524
GT_sfGFP_00130_1,MicroSAM DeepBacs,81,65,0.6492537313432836,0.05581395348837209,0.048634165873634644,0.08827691168317611,0.12580536818065746,0.020478986691278598,0.0774359533903267,7.662429745361481
GT_sfGFP_00130_1,MicroSAM DeepBacs,20,12,0.6481481481481481,0.3116883116883117,0.136215545370864,0.13476392130603593,0.0012792300121396507,0.010883389138209238,0.2974126973641671,7.467236154922356
GT_sfGFP_00130_1,MicroSAM DeepBacs,29,23,0.6388888888888888,0.1651376146788991,0.11887737546996434,0.006528106378304995,0.12622952159331297,0.0010957440126289442,0.1638609221137259,1.0450011192925963
GT_sfGFP_00130_1,MicroSAM DeepBacs,117,98,0.6383561643835617,0.182370820668693,0.09351414651326191,0.09679771766055503,0.0036354770260192044,0.04065842752100294,0.14912730394179394,10.51254184162551
GT_sfGFP_00130_1,MicroSAM DeepBacs,150,125,0.6377952755905512,0.056074766355140186,0.07059089324548558,0.11055697898584789,0.20366439215497661,0.03591592620569889,0.02217281731985432,12.73634562673112
GT_sfGFP_00130_1,MicroSAM DeepBacs,19,15,0.6323529411764706,0.3617021276595745,0.02563724550967469,0.3885143750355129,0.2982695951812491,0.005293607455236132,0.35449381112478484,15.032604296504397
GT_sfGFP_00130_1,MicroSAM DeepBacs,65,51,0.6294642857142857,0.03763440860215054,0.0940722385544544,0.12187502892148706,0.24591860451333614,0.03832038703155617,0.0007561866739324986,4.106388691265091
GT_sfGFP_00130_1,MicroSAM DeepBacs,34,25,0.6291390728476821,0.348993288590604,0.15682851408536033,0.23261600454797407,0.09876084321770523,0.04483194809362523,0.31980738949609633,3.160809145383536
GT_sfGFP_00130_1,MicroSAM DeepBacs,121,103,0.6277056277056277,0.13636363636363635,0.22357639002189933,0.07364326570924158,0.3208479462922021,0.0011124132257621926,0.1376277423020025,0.3744716675191651
GT_sfGFP_00130_1,MicroSAM DeepBacs,3,3,0.6230769230769231,0.17525773195876287,0.06473430188646495,0.09304041687075383,0.025896677329943586,0.02043748374391558,0.1992770427505812,7.351796873816996
GT_sfGFP_00130_1,MicroSAM DeepBacs,66,48,0.6190476190476191,0.1935483870967742,0.05101716065014492,0.13056902235767107,0.0703644449249369,0.03583889028301578,0.23632383678940594,1.503561910438261
GT_sfGFP_00130_1,MicroSAM DeepBacs,116,97,0.6187845303867403,0.3585434173669468,0.015434510996958318,0.3527066918331032,0.5210500040411098,0.09298900251218534,0.29889500959302395,2.3558419992695687
GT_sfGFP_00130_1,MicroSAM DeepBacs,10,10,0.6161137440758294,0.0625,0.011158109958395451,0.04387539115982451,0.03421863729782742,0.03290523342205276,0.03165134366682554,17.785967013520025
GT_sfGFP_00130_1,MicroSAM DeepBacs,142,117,0.6157407407407407,0.15432098765432098,0.024342331460351953,0.1902569171223315,0.18029657756706607,0.03491371195624675,0.19462261812233422,27.698324735158455
GT_sfGFP_00130_1,MicroSAM DeepBacs,71,54,0.6153846153846154,0.27906976744186046,0.26733410883355296,0.013251364706257452,0.2507598341117995,0.015179103421245793,0.29848489972484926,1.2290762701855606
GT_sfGFP_00130_1,MicroSAM DeepBacs,113,95,0.6120996441281139,0.1125,0.005204244232231421,0.22106240913981065,0.2904811066085196,0.026825856805967923,0.08869205208470347,4.501940591319432
GT_sfGFP_00130_1,MicroSAM DeepBacs,8,9,0.609375,0.25547445255474455,0.0921534356779104,0.20001672210945515,0.0898848194731294,0.014504942942384868,0.23726386725481607,35.894513375528184
GT_sfGFP_00130_1,MicroSAM DeepBacs,148,123,0.6020942408376964,0.125,0.028813435621442403,0.13676215168561623,0.1456554364178464,0.010489511984964808,0.13680070098308542,2.847872958429196
GT_sfGFP_00130_1,MicroSAM DeepBacs,51,39,0.6,0.15730337078651685,0.07717094929804692,0.06924014104661079,0.007417237669054691,0.004588895658557427,0.162614115200353,24.587805130595388
GT_sfGFP_00130_1,MicroSAM DeepBacs,30,22,0.6,0.6099290780141844,0.3491981696156654,0.18891600159200383,0.134813702405416,0.055636462429860284,0.5203583193505086,1.4792813023465217
GT_sfGFP_00130_1,MicroSAM DeepBacs,61,47,0.5974025974025974,0.26380368098159507,0.26848061337598267,0.03828986792816574,0.31898434993428404,0.006023966060911286,0.2561905704997072,9.149178571791976
GT_sfGFP_00130_1,MicroSAM DeepBacs,138,114,0.591715976331361,0.11811023622047244,0.016315696589479605,0.11920465872099358,0.1210863037912506,0.0037278756271880106,0.12227841211858817,6.7734174887774135
GT_sfGFP_00130_1,MicroSAM DeepBacs,135,112,0.5888888888888889,0.2084942084942085,0.47645876135508647,0.1142529043240997,0.6669078211635827,0.025800586322237,0.2396740676403868,2.9346108432791316
GT_sfGFP_00130_1,MicroSAM DeepBacs,27,21,0.588495575221239,0.41150442477876104,0.03317075808514689,0.3916899239936186,0.5893691063974928,0.08868318705164019,0.3593147616023533,11.239281615676235
GT_sfGFP_00130_1,MicroSAM DeepBacs,2,2,0.5882352941176471,0.45454545454545453,0.283954028027961,0.13208496091577374,0.13414988481901227,0.00022893618452956687,0.4542124564588661,13.396450287243134
GT_sfGFP_00130_1,MicroSAM DeepBacs,122,102,0.5856697819314641,0.04980842911877394,0.26288661488074844,0.24762433215616073,0.6785319739272446,0.028258790423896205,0.022957164654688663,8.350590569532889
GT_sfGFP_00130_1,MicroSAM DeepBacs,98,78,0.5833333333333334,0.05511811023622047,0.012631858586059289,0.10745509795256088,0.13454444282091416,0.04748170756946365,0.010253504658774506,1.4459385666769908
GT_sfGFP_00130_1,MicroSAM DeepBacs,115,96,0.5798816568047337,0.4107142857142857,0.18760085663415574,0.2890780166336141,0.1427402195652183,0.09913340140991599,0.35229638845487093,26.26352776669601
GT_sfGFP_00130_1,MicroSAM DeepBacs,158,134,0.5798319327731093,0.336283185840708,0.17881114713664978,0.19228621336742532,0.01668297168351453,0.11203244414071356,0.2619253689331547,23.59322930539779
GT_sfGFP_00130_1,MicroSAM DeepBacs,155,131,0.5714285714285714,0.6052631578947368,0.3455307603751817,0.20158571874437198,0.11979589918997113,0.028790863494947132,0.5590462454423217,13.373704320583204
GT_sfGFP_00130_1,MicroSAM DeepBacs,79,62,0.5714285714285714,0.2631578947368421,0.2104967450713346,0.0747836498631554,0.146682551803269,0.0614451847715528,0.2178824954314874,17.743850429602467
GT_sfGFP_00130_1,MicroSAM DeepBacs,68,53,0.567398119122257,0.015873015873015872,0.12950874018940806,0.20315472003254695,0.4174755985698284,0.026463470203595352,0.010170399247982726,7.71246531687564
GT_sfGFP_00130_1,MicroSAM DeepBacs,54,41,0.5670103092783505,0.23529411764705882,0.24793898624728886,0.0024044542214925074,0.25094683063507206,0.020701103261351158,0.26086606873461027,18.985632568459497
GT_sfGFP_00130_1,MicroSAM DeepBacs,67,52,0.5660377358490566,0.05847953216374269,0.07668358785064262,0.017425108565661006,0.0603093767218878,0.011706738459533496,0.06950166603499937,10.269554944125916
GT_sfGFP_00130_1,MicroSAM DeepBacs,105,86,0.5603112840466926,0.03553299492385787,0.09656014517101023,0.05453053158818222,0.1598049242277403,0.03259589754481969,0.06928712233067623,13.554137472317453
GT_sfGFP_00130_1,MicroSAM DeepBacs,7,6,0.56,0.022222222222222223,0.14507853046718558,0.17314500039761518,0.2712567762356273,0.028255348620580083,0.0511054674788152,15.337760458857922
GT_sfGFP_00130_1,MicroSAM DeepBacs,56,42,0.5517241379310345,0.4418604651162791,0.23232195053365043,0.17101197952251282,0.05235639949314353,0.025416970841505324,0.4052127397168993,1.580415724400892
GT_sfGFP_00130_1,MicroSAM DeepBacs,147,122,0.5473251028806584,0.24299065420560748,0.08789171379448331,0.1681580056123396,0.09649223333205512,0.10685261126380813,0.16210222885636955,2.1855868179520823
GT_sfGFP_00130_1,MicroSAM DeepBacs,62,46,0.5424836601307189,0.7441860465116279,0.29694877864538194,0.32306823229110504,0.01974157719779352,0.036211981591629555,0.6810256135029717,6.616521909686556
GT_sfGFP_00130_1,MicroSAM DeepBacs,26,19,0.5391566265060241,0.7180851063829787,0.4185295933111608,0.2974401270971569,0.09332952148237068,0.04803358914802119,0.6355593122616444,6.2918096478385
GT_sfGFP_00130_1,MicroSAM DeepBacs,5,4,0.5303867403314917,0.30833333333333335,0.27290506290649624,0.05924282428800402,0.2017122360608017,0.011054780370483432,0.2938699956819508,7.026358090756616
GT_sfGFP_00130_1,MicroSAM DeepBacs,127,107,0.5299401197604791,0.5172413793103449,0.6952463605277979,0.08917747082536569,0.8612257670701116,0.019044476300105605,0.5461364468001603,6.795161024644055
GT_sfGFP_00130_1,MicroSAM DeepBacs,60,45,0.5260416666666666,0.14556962025316456,0.26519572316559364,0.11702411582913683,0.3421768908820908,0.01876432809924018,0.16160243223669254,32.27105670972033
GT_sfGFP_00130_1,MicroSAM DeepBacs,42,31,0.5054945054945055,0.42528735632183906,0.12044063033231256,0.32248455089131123,0.29821300875839696,0.11137828200498412,0.36127684942242294,16.10211615031451
GT_sfGFP_00130_1,MicroSAM DeepBacs,11,11,0.5054945054945055,0.23225806451612904,0.10194292747286951,0.14465275019731474,0.04993272934974381,0.08478904865635045,0.16716195619286642,5.4813484339553025
GT_sfGFP_00130_1,MicroSAM DeepBacs,156,130,0.5045045045045045,0.9821428571428571,0.2727149665648917,0.5773784403326903,0.19314545322651994,0.017766858063258006,0.9469264063388994,8.148736062534518
GT_sfGFP_00130_1,MicroSAM DeepBacs,63,55,0.5041322314049587,0.3148148148148148,0.21972673289807795,0.1445724341262835,0.08785582996151561,0.0028934021607699627,0.3167973311101572,34.52810237468902
GT_sfGFP_00130_1,Omnipose bact_fluor,97,103,0.7720891824938068,0.24008350730688935,0.08008818310356315,0.14042281695806844,0.052905495187688625,0.028101895035424155,0.2052348107493905,8.07365600775573
GT_sfGFP_00130_1,Omnipose bact_fluor,41,42,0.7632850241545893,0.15976331360946747,0.05448761550856084,0.09363085651035485,0.03579200492449105,0.022368288856257978,0.13382139280575997,7.693501204680302
GT_sfGFP_00130_1,Omnipose bact_fluor,42,43,0.7372881355932204,0.3563218390804598,0.30525445356675573,0.07324606976300752,0.21617445461969406,0.03883344452733833,0.30365119018131126,0.2787911753965638
GT_sfGFP_00130_1,Omnipose bact_fluor,116,128,0.7295597484276729,0.31092436974789917,0.21412272815602262,0.07295989825941199,0.13156393834066787,0.05033862575408489,0.24493423850725005,1.6764073838591103
GT_sfGFP_00130_1,Omnipose bact_fluor,129,147,0.722972972972973,0.023809523809523808,0.010520882559503585,0.0038905286376679374,0.006604658309540464,0.005083748443204831,0.018604733736718865,0.7493933516578366
GT_sfGFP_00130_1,Omnipose bact_fluor,36,39,0.7037037037037037,0.3359375,0.14966955987231165,0.15651650803355246,0.005920320301249141,0.0642302125642457,0.250129950402453,11.760928330354393
GT_sfGFP_00130_1,Omnipose bact_fluor,103,114,0.7014492753623188,0.36693548387096775,0.2861350523036432,0.07461617159440741,0.1968320283096106,0.06811282448205541,0.27382964717977104,4.1129382884241235
GT_sfGFP_00130_1,Omnipose bact_fluor,139,156,0.70042194092827,0.08095238095238096,0.05715385071334138,0.018442420447004323,0.03943877676943448,0.039616718768134176,0.044542729894048116,2.771172612348484
GT_sfGFP_00130_1,Omnipose bact_fluor,10,12,0.6692015209125475,0.4943181818181818,0.24255753628263915,0.21074582917292106,0.026274471770387314,0.04264836679544288,0.4305879518909007,5.525328497507031
GT_sfGFP_00130_1,Omnipose bact_fluor,77,78,0.6614583333333334,0.37174721189591076,0.20668562433488566,0.13577002940380473,0.06243833971240321,0.02570082347830222,0.33649217894612077,1.70569831484781
GT_sfGFP_00130_1,Omnipose bact_fluor,115,125,0.6608695652173913,0.27380952380952384,0.25315256039687506,0.002843311387687543,0.2567258232412981,0.017915231031032024,0.2509889319009473,24.518663791810127
GT_sfGFP_00130_1,Omnipose bact_fluor,117,130,0.6604938271604939,0.45288753799392095,0.07495844223660722,0.3769687134742239,0.21932979905957045,0.031037122564193043,0.407794089405215,8.651575851006884
GT_sfGFP_00130_1,Omnipose bact_fluor,158,174,0.6582278481012658,0.3185840707964602,0.12975481508722117,0.1919545834936028,0.05218300199331008,0.03585865467762412,0.27130141993835405,21.531624276256878
GT_sfGFP_00130_1,Omnipose bact_fluor,14,16,0.651685393258427,0.4297520661157025,0.3327732102265515,0.061873751364035924,0.255114563774206,0.06324452014679802,0.33932808276532184,59.20287653848119
GT_sfGFP_00130_1,Omnipose bact_fluor,80,81,0.6501240694789082,0.5189393939393939,0.22843440968309492,0.22026709294289284,0.006693056616404458,0.06841093145471704,0.4150273351767366,2.529487561135997
GT_sfGFP_00130_1,Omnipose bact_fluor,28,29,0.6449086161879896,0.52,0.10566464247757269,0.3307619978300819,0.1691492210624808,0.07190232729740678,0.4107084625079417,1.4327866110880416
GT_sfGFP_00130_1,Omnipose bact_fluor,27,28,0.6448275862068965,0.11061946902654868,0.29795038746466523,0.12662012089590424,0.4861235282819772,0.0008122599753679554,0.109717357283994,11.98216919316363
GT_sfGFP_00130_1,Omnipose bact_fluor,15,18,0.6385542168674698,0.5660377358490566,0.19275308799479976,0.2731751261188952,0.06316651690270705,0.067202174017675,0.46079659540628254,4.23452001644546
GT_sfGFP_00130_1,Omnipose bact_fluor,55,60,0.6282051282051282,0.5231788079470199,0.06966804893446243,0.4039278758999804,0.23808903057163286,0.0168654947704395,0.49748964372714516,9.174316044930686
GT_sfGFP_00130_1,Omnipose bact_fluor,114,124,0.6239782016348774,0.5042016806722689,0.09008077178013288,0.39258486552464206,0.21722488965190917,0.05373895167802201,0.42336745924062236,2.632866537919235
GT_sfGFP_00130_1,Omnipose bact_fluor,76,77,0.6176470588235294,0.46794871794871795,0.10173064069311534,0.2872768184685952,0.14413852181088313,0.018101231033468123,0.4413770390598449,3.22978298467369
GT_sfGFP_00130_1,Omnipose bact_fluor,119,133,0.6148325358851675,0.6264591439688716,0.35892463577313427,0.2001246794914862,0.13231954895630874,0.07062239455506636,0.5115947045758065,0.3361639831720303
GT_sfGFP_00130_1,Omnipose bact_fluor,127,144,0.6132930513595166,0.6305418719211823,0.2685957887636506,0.26142631117818227,0.005683627748950273,0.06685778746832344,0.5215274499900736,6.455803825847396
GT_sfGFP_00130_1,Omnipose bact_fluor,89,89,0.6088888888888889,0.5765124555160143,0.12163413927010856,0.34632173807479544,0.1668899732139691,0.050512777618562196,0.4968784324376404,1.9427063890954663
GT_sfGFP_00130_1,Omnipose bact_fluor,24,25,0.6084507042253521,0.5043859649122807,0.244959496432775,0.21908968701834342,0.021220595736236636,0.029524039444167573,0.45997041434495844,2.496265235791006
GT_sfGFP_00130_1,Omnipose bact_fluor,52,54,0.6070287539936102,0.6473684210526316,0.2347953092041108,0.2951009986937313,0.04656446836999302,0.06647095243465818,0.5378662730944842,2.6044279886056816
GT_sfGFP_00130_1,Omnipose bact_fluor,53,55,0.6040955631399317,0.655367231638418,0.3185929572885591,0.2720953153406384,0.03655201099099213,0.056521346350763786,0.561803647001278,10.053535821963527
GT_sfGFP_00130_1,Omnipose bact_fluor,17,20,0.604,0.6556291390728477,0.2703042353059458,0.2854248001423883,0.011763087840508068,0.07500850797392361,0.5314428675928417,3.5560836294376643
GT_sfGFP_00130_1,Omnipose bact_fluor,111,120,0.5967213114754099,0.5364583333333334,0.025902028867466894,0.47145079258142497,0.3027955579352497,0.05581081379831899,0.4507073433827911,5.911137951399099
GT_sfGFP_00130_1,Omnipose bact_fluor,104,111,0.5938303341902313,0.683982683982684,0.195376960970971,0.3802602866544964,0.1339481599747027,0.10078974752005158,0.5142544944359304,2.9681478003323707
GT_sfGFP_00130_1,Omnipose bact_fluor,46,48,0.5928571428571429,0.6867469879518072,0.1832458264328241,0.4302676522391059,0.17271020946293897,0.09105406113411259,0.5331618245930632,4.079541173321496
GT_sfGFP_00130_1,Omnipose bact_fluor,105,113,0.5927051671732523,0.6598984771573604,0.441585148540697,0.15186502328528842,0.25152263450893253,0.05505941878037149,0.5685054317706524,3.0924990051961556
GT_sfGFP_00130_1,Omnipose bact_fluor,143,160,0.5916666666666667,0.6344827586206897,0.18045259472857458,0.376984798950585,0.14272648788264755,0.046336491150136105,0.558746562740812,13.172994984049282
GT_sfGFP_00130_1,Omnipose bact_fluor,78,79,0.5914634146341463,0.6907216494845361,0.15891063686515236,0.45275104403660854,0.2022648053688486,0.08969760197883642,0.5390679719120703,1.768946951765916
GT_sfGFP_00130_1,Omnipose bact_fluor,5,5,0.5911330049261084,0.6916666666666667,0.34059482198421687,0.263139371467469,0.061319797534901445,0.07138695837051692,0.5709037287565422,5.519333923380743
GT_sfGFP_00130_1,Omnipose bact_fluor,83,86,0.5897435897435898,0.6956521739130435,0.20915001806409736,0.37093255753410254,0.11800911618949635,0.08155392088718216,0.5573650906695606,4.943603130387709
GT_sfGFP_00130_1,Omnipose bact_fluor,1,1,0.5879629629629629,0.7007874015748031,0.2818498666713834,0.34264464951871754,0.04527987570585161,0.06497191358230353,0.5902839894978145,8.479320867231415
GT_sfGFP_00130_1,Omnipose bact_fluor,157,172,0.5877192982456141,0.22549019607843138,0.037851598137846824,0.16404302968109263,0.15095445821225134,0.03726082499824586,0.19663132181508408,37.98959395655864
GT_sfGFP_00130_1,Omnipose bact_fluor,120,134,0.5866666666666667,0.7045454545454546,0.392431847780002,0.2230808129974184,0.13846266982764055,0.06041372439593892,0.601567515234195,5.2263451764429565
GT_sfGFP_00130_1,Omnipose bact_fluor,93,94,0.5852941176470589,0.6683168316831684,0.2607775505581251,0.29791675924889693,0.028614476564940997,0.07567517131316644,0.5420666696409054,1.1061001069545284
GT_sfGFP_00130_1,Omnipose bact_fluor,70,71,0.582089552238806,0.5238095238095238,0.18611697516674303,0.283648898961425,0.07598021847998548,0.07694588363667283,0.4065586535060224,3.6884232194088167
GT_sfGFP_00130_1,Omnipose bact_fluor,113,123,0.5784148397976391,0.05,0.2263283793959195,0.04399966846154428,0.25893499396970476,0.09236885511596432,0.1377504123601661,13.154500630244591
GT_sfGFP_00130_1,Omnipose bact_fluor,85,87,0.5777777777777777,0.7307692307692307,0.12447279682693041,0.5509994250588482,0.27500115173526546,0.0821205199759955,0.5886375615800078,4.446062892931965
GT_sfGFP_00130_1,Omnipose bact_fluor,88,88,0.5777027027027027,0.7309941520467836,0.1869931041711546,0.45150981404755514,0.1822355641804392,0.03984984992404014,0.6620142948683282,6.699168477580573
GT_sfGFP_00130_1,Omnipose bact_fluor,100,108,0.5597345132743363,0.3190789473684211,0.10866875238130813,0.23693847030044562,0.103699352068807,0.03149968488001716,0.27752837619445103,3.4942868222418966
GT_sfGFP_00130_1,Omnipose bact_fluor,118,132,0.5566037735849056,0.75,0.28690106783901126,0.3606009401850096,0.05416714788979707,0.09173222228205184,0.5894686110064092,4.8254135879761195
GT_sfGFP_00130_1,Omnipose bact_fluor,79,80,0.553030303030303,0.6973684210526315,0.325311366798772,0.28016836587753113,0.03526333107778069,0.046510341698720835,0.6184232358008555,10.313371545209007
GT_sfGFP_00130_1,Omnipose bact_fluor,82,82,0.548051948051948,0.8246445497630331,0.2854412345452142,0.43935646682678436,0.10693336628479022,0.08084252618914334,0.6771356749629375,1.142142679693812
GT_sfGFP_00130_1,Omnipose bact_fluor,68,67,0.5431034482758621,0.8412698412698413,0.3765342495862221,0.2797408284530292,0.07563517470189524,0.05487279995933981,0.7402342095986759,5.958160185545596
GT_sfGFP_00130_1,Omnipose bact_fluor,148,164,0.5413533834586466,0.8472222222222222,0.1411993265730763,0.5914422008736788,0.28291500253884533,0.0823947672110517,0.6950207772351407,5.465768116798198
GT_sfGFP_00130_1,Omnipose bact_fluor,95,95,0.5405405405405406,0.85,0.21387663593287137,0.532949808473955,0.2081432612974587,0.10805781732543338,0.6500930379479483,19.543527449236844
GT_sfGFP_00130_1,Omnipose bact_fluor,4,4,0.5401459854014599,0.8513513513513513,0.39606604026038283,0.3346982053128149,0.04597880981879727,0.08308823014587163,0.6975258441893998,7.398077700416926
GT_sfGFP_00130_1,Omnipose bact_fluor,57,58,0.5401069518716578,0.8514851485148515,0.46127972197156686,0.2670389150957058,0.15330295270464442,0.08345334725446668,0.6969725154793538,4.050838565344404
GT_sfGFP_00130_1,Omnipose bact_fluor,7,10,0.5378486055776892,0.8592592592592593,0.167799764192927,0.5358152207893861,0.2396222225270724,0.06116951516405091,0.745529271806098,3.4272430897998363
GT_sfGFP_00130_1,Omnipose bact_fluor,3,3,0.5359116022099447,0.865979381443299,0.29716188946325117,0.41578410979491864,0.08378552881826756,0.052757329171775724,0.7675352929887483,11.288844277741054
GT_sfGFP_00130_1,Omnipose bact_fluor,106,112,0.5347985347985348,0.8698630136986302,0.31868118094603143,0.42066015506004517,0.07178280727504714,0.0076871411486643506,0.8554891127836619,0.5092063763203132
GT_sfGFP_00130_1,Omnipose bact_fluor,26,27,0.5340909090909091,0.8723404255319149,0.2148117356328895,0.5519052089516727,0.21721266954603055,0.10441574171013562,0.6768386112661291,3.8077133463014983
GT_sfGFP_00130_1,Omnipose bact_fluor,74,75,0.5340659340659341,0.792,0.5654075292973753,0.1912070078687037,0.3141355943650697,0.07666320293941403,0.6546195403325701,8.78325102921284
GT_sfGFP_00130_1,Omnipose bact_fluor,66,66,0.5269121813031161,0.8978494623655914,0.2491123341720975,0.5026076576499069,0.16870360149387134,0.06730858019241893,0.7701079096348178,1.8888975502221175
GT_sfGFP_00130_1,Omnipose bact_fluor,81,83,0.524390243902439,0.9069767441860465,0.25806081491783556,0.5051311867228212,0.16415205131915542,0.07413150729136214,0.7656096837699605,9.458563796382066
GT_sfGFP_00130_1,Omnipose bact_fluor,91,91,0.5235732009925558,0.909952606635071,0.4541198053500867,0.32405567176457034,0.09823161998330472,0.07407150980662686,0.7684795334025089,5.178740160481541
GT_sfGFP_00130_1,Omnipose bact_fluor,71,73,0.5222672064777328,0.9147286821705426,0.40388539364016685,0.37297895811489484,0.02251049467481039,0.054337282357947485,0.8106875291285812,5.433308127734779
GT_sfGFP_00130_1,Omnipose bact_fluor,150,168,0.5219512195121951,0.9158878504672897,0.33927769755725684,0.4949260271898195,0.10411774683269945,0.04844705776868909,0.8230687210973714,7.725042160026966
GT_sfGFP_00130_1,Omnipose bact_fluor,107,115,0.5198237885462555,0.923728813559322,0.2891164021339218,0.5358553934267832,0.1606524887361565,0.08854510982374031,0.7533920344916182,0.20962377385589717
GT_sfGFP_00130_1,Omnipose bact_fluor,92,93,0.5186567164179104,0.9280575539568345,0.4800965113153674,0.29025447887144334,0.14713534078174612,0.09149672238172235,0.7516466072064634,4.546108148524616
GT_sfGFP_00130_1,Omnipose bact_fluor,128,143,0.5184331797235023,0.9288888888888889,0.48216641240072744,0.3215702198658845,0.12151922774950263,0.08436366382206009,0.7661607551165597,8.249032774781922
GT_sfGFP_00130_1,Omnipose bact_fluor,51,53,0.5174418604651163,0.9325842696629213,0.2240359197307418,0.5858268082116949,0.22814022729817338,0.07393189462887877,0.7897046530767736,12.24479624568866
GT_sfGFP_00130_1,Omnipose bact_fluor,35,38,0.5155709342560554,0.9395973154362416,0.4565704432077668,0.35426004554299645,0.07554708418186307,0.0921043751742049,0.7609519166084213,13.210893287285241
GT_sfGFP_00130_1,Omnipose bact_fluor,54,57,0.5152671755725191,0.9191176470588235,0.5022207021328058,0.3008144879150694,0.15483085104667624,0.029838331660967395,0.861854378209467,12.647370165988368
GT_sfGFP_00130_1,Omnipose bact_fluor,123,138,0.5145888594164456,0.9432989690721649,0.3883150959000648,0.3994072058641143,0.007926291873851236,0.07392659682827817,0.7996374896687584,6.801359980233119
GT_sfGFP_00130_1,Omnipose bact_fluor,33,36,0.508695652173913,0.940677966101695,0.3529294184155219,0.425722765729774,0.0510571543528605,0.09039396138921373,0.7652523969650005,38.31794503652637
GT_sfGFP_00130_1,Omnipose bact_fluor,22,21,0.508695652173913,0.9658119658119658,0.2510088276621903,0.5680374244193129,0.20218177947795274,0.08664331500589603,0.7954875004157599,7.45476735486067
GT_sfGFP_00130_1,Omnipose bact_fluor,141,158,0.5078864353312302,0.9325153374233128,0.4268208305306217,0.3158239241476384,0.08435544022722076,0.10372667061406095,0.7320619555617841,3.5712514301981795
GT_sfGFP_00130_1,Omnipose bact_fluor,96,96,0.5060240963855421,0.9761904761904762,0.32158551047186146,0.48599678303795574,0.11064039602425903,0.06110559611159436,0.8554341791128016,5.193999573048838
GT_sfGFP_00130_1,Omnipose bact_fluor,29,32,0.5024752475247525,0.1437308868501529,0.3582300210733387,0.2319636977458724,0.4790674594544387,0.006067961165048544,0.13853507912472907,0.82043323888292
GT_sfGFP_00130_1,Omnipose bact_fluor,18,19,0.5023809523809524,0.990521327014218,0.4956371229583427,0.3557580731103057,0.10317404898584452,0.046259347149133455,0.8984411099401135,3.0489774827162845
GT_sfGFP_00130_1,Omnipose bact_fluor,126,141,0.5,1.0,0.3200650547016555,0.4964334945151871,0.11785919017448311,0.07862310436644299,0.842753791267114,3.3069129471975622
GT_sfGFP_00130_1,Omnipose bact_fluor,124,142,0.5,1.0,0.3442338553977016,0.4828938702445814,0.09350636456809276,0.10782258506383212,0.7843548298723357,0.8606925849515981
GT_sfGFP_00130_3,Cellpose-SAM cpsam_v2,52,59,0.8779220779220779,0.08222811671087533,0.015170773826501624,0.09391703155396744,0.12039494083809889,0.03035152366574804,0.05437234167546732,2.5945905120451362
GT_sfGFP_00130_3,Cellpose-SAM cpsam_v2,145,157,0.8384279475982532,0.02403846153846154,0.09973045841845213,0.1372797294329668,0.20840096039484424,0.0033448249655673246,0.02746369095031654,1.6444591737215764
GT_sfGFP_00130_3,Cellpose-SAM cpsam_v2,7,9,0.8275862068965517,0.1511627906976744,0.030014280479820504,0.12355405633743854,0.10672623512492573,0.04765061604430985,0.11071517475308583,0.02460078576982888
GT_sfGFP_00130_3,Cellpose-SAM cpsam_v2,8,10,0.8199052132701422,0.021052631578947368,0.040616550811174726,0.018225331483065137,0.05993420301129399,0.016489866734946998,0.03788965340305114,5.315738572203483
GT_sfGFP_00130_3,Cellpose-SAM cpsam_v2,104,118,0.7927927927927928,0.05862068965517241,0.003943554916108138,0.0056118147792181055,0.0016776746625760976,0.006808415984299328,0.05141315963041416,4.968400093034601
GT_sfGFP_00130_3,Cellpose-SAM cpsam_v2,11,12,0.7727272727272727,0.2033898305084746,0.034180875811553046,0.215063497253372,0.2051286814461444,0.026923901365019966,0.17098988140819632,5.178992989771039
GT_sfGFP_00130_3,Cellpose-SAM cpsam_v2,111,122,0.7711864406779662,0.2967032967032967,0.11084020358436412,0.18753480121568475,0.0645830316322588,0.0320718584645652,0.25511561210089345,1.8446734182321438
GT_sfGFP_00130_3,Cellpose-SAM cpsam_v2,91,105,0.7668918918918919,0.2543103448275862,0.11136975848794547,0.12150868172392561,0.009040432233119329,0.025771974157195007,0.2219842910355873,7.23752855926033
GT_sfGFP_00130_3,Cellpose-SAM cpsam_v2,80,91,0.7604790419161677,0.19402985074626866,0.13658582576136913,0.04174804110461822,0.09103716149654532,0.008500364629871075,0.18388016163597484,4.188654321673453
GT_sfGFP_00130_3,Cellpose-SAM cpsam_v2,131,144,0.7598684210526315,0.20164609053497942,0.06369726172575717,0.1325060712663071,0.06075800500001881,0.016955070192535036,0.18127209672337355,0.330135491228291
GT_sfGFP_00130_3,Cellpose-SAM cpsam_v2,148,160,0.7596153846153846,0.23170731707317074,0.08710003139304921,0.05108316762913775,0.03426642617172952,0.024486579229341332,0.2015470182662991,9.179385488091464
GT_sfGFP_00130_3,Cellpose-SAM cpsam_v2,95,108,0.7430555555555556,0.008,0.007889584888079124,0.01701151054174007,0.025332031551603077,0.01084800952277593,0.01893479359895814,2.906169189781702
GT_sfGFP_00130_3,Cellpose-SAM cpsam_v2,32,39,0.7377777777777778,0.35542168674698793,0.1304932351863049,0.18522263760431606,0.04617647409151362,0.055186672280197316,0.28062047431900966,5.605954684069361
GT_sfGFP_00130_3,Cellpose-SAM cpsam_v2,34,42,0.7255639097744361,0.3065326633165829,0.2089989344118979,0.06415597903854323,0.136110643765042,0.04923960516137277,0.24219951084443758,2.0938902999426197
GT_sfGFP_00130_3,Cellpose-SAM cpsam_v2,38,47,0.7226890756302521,0.25274725274725274,0.25993202421620193,0.020289149863110922,0.28602436529120734,0.032229404160658504,0.21237195522730692,12.482532014407823
GT_sfGFP_00130_3,Cellpose-SAM cpsam_v2,5,6,0.7191358024691358,0.3905579399141631,0.21432160304215836,0.1350822850896154,0.06980931602353994,0.06605943366190764,0.2986984699293645,2.968814150285342
GT_sfGFP_00130_3,Cellpose-SAM cpsam_v2,25,32,0.7190635451505016,0.39069767441860465,0.17539660352120265,0.18304686841090514,0.006466578031670384,0.03720046838621305,0.3389630695466153,0.5479860956384952
GT_sfGFP_00130_3,Cellpose-SAM cpsam_v2,71,79,0.7142857142857143,0.31970260223048325,0.03400039699651435,0.2550275024651569,0.17611335610932463,0.025105758098966497,0.28657046793630814,9.076576672856858
GT_sfGFP_00130_3,Cellpose-SAM cpsam_v2,31,38,0.7107438016528925,0.3522727272727273,0.28388240237820217,0.058158686764813644,0.21331745270032243,0.03639019757721082,0.303063255548999,3.7180858494654023
GT_sfGFP_00130_3,Cellpose-SAM cpsam_v2,28,31,0.70995670995671,0.40853658536585363,0.09708260071246164,0.27779656375956374,0.14142623964757042,0.06589327300485467,0.3157234996090157,5.334113892815226
GT_sfGFP_00130_3,Cellpose-SAM cpsam_v2,43,49,0.7092651757188498,0.4099099099099099,0.177075614633128,0.20773911614188992,0.025389176436311885,0.06367200469915223,0.32013811950074483,1.755570625979999
GT_sfGFP_00130_3,Cellpose-SAM cpsam_v2,1,1,0.7033333333333334,0.31221719457013575,0.15018181191605912,0.10225143487585339,0.04348406862868283,0.042627094791828794,0.2562811878297269,2.303664306511206
GT_sfGFP_00130_3,Cellpose-SAM cpsam_v2,30,36,0.7008547008547008,0.38323353293413176,0.16493718591175388,0.13160897350616735,0.02945205736776964,0.0703231673749954,0.2859601696788986,8.532630420642704
GT_sfGFP_00130_3,Cellpose-SAM cpsam_v2,41,48,0.6977777777777778,0.43312101910828027,0.15254441595624538,0.2410004833558356,0.07127802816030562,0.044343890003559816,0.3695708582751531,0.8283927141929835
GT_sfGFP_00130_3,Cellpose-SAM cpsam_v2,46,53,0.6972111553784861,0.4342857142857143,0.13326116959800735,0.25944171487405865,0.10018768140347735,0.05862532930985758,0.35020024196128996,1.4686101468964727
GT_sfGFP_00130_3,Cellpose-SAM cpsam_v2,143,155,0.69375,0.3162393162393162,0.1285030247524123,0.1739098878800318,0.038680024417904864,0.042539790174943165,0.26024677190648504,27.661846710671394
GT_sfGFP_00130_3,Cellpose-SAM cpsam_v2,147,158,0.6911764705882353,0.15625,0.026337120148208593,0.13580215365905005,0.09637684975168756,0.006197870753373568,0.14908371194141182,7.5555534942878015
GT_sfGFP_00130_3,Cellpose-SAM cpsam_v2,137,148,0.6909090909090909,0.4473684210526316,0.16885961309749406,0.23398426173817263,0.052775915106846635,0.061187927623724124,0.35880694686039927,8.244052484918855
GT_sfGFP_00130_3,Cellpose-SAM cpsam_v2,125,135,0.6868131868131868,0.2740740740740741,0.23889737097292346,0.04051732439750985,0.1906552076778554,0.05683848673140221,0.20165763171999126,0.4139285389051804
GT_sfGFP_00130_3,Cellpose-SAM cpsam_v2,50,57,0.6860986547085202,0.45751633986928103,0.07582023433039903,0.324005113216612,0.1874500909465967,0.053061107645966055,0.38017890846372265,6.077820692709031
GT_sfGFP_00130_3,Cellpose-SAM cpsam_v2,144,154,0.68,0.45454545454545453,0.204782646155587,0.2060394957050337,0.001042129676451411,0.026844020943213035,0.41549960590078105,5.103356108837806
GT_sfGFP_00130_3,Cellpose-SAM cpsam_v2,20,25,0.6721854304635762,0.45145631067961167,0.1982951762861835,0.20895479814485568,0.008817221185630265,0.060964445388258896,0.3629690816937407,0.9088742339421704
GT_sfGFP_00130_3,Cellpose-SAM cpsam_v2,93,106,0.6721311475409836,0.026490066225165563,0.03159477874941192,0.01309277767853039,0.04528040267333867,0.020995148063384456,0.04804137715115623,59.373272468180645
GT_sfGFP_00130_3,Cellpose-SAM cpsam_v2,48,56,0.6649484536082474,0.25874125874125875,0.09988407815003245,0.28283746550503047,0.29833985516192596,0.03609126294519198,0.21331169699206604,0.26967042009416486
GT_sfGFP_00130_3,Cellpose-SAM cpsam_v2,27,33,0.6625,0.5094339622641509,0.11228575599811412,0.34051237427969455,0.17025327230135767,0.04879995820474842,0.4357736479928326,3.3006679345280463
GT_sfGFP_00130_3,Cellpose-SAM cpsam_v2,21,26,0.6609442060085837,0.3597560975609756,0.14823727263639683,0.17376394878556986,0.021747708451587886,0.004114304354144386,0.35416164712820614,4.009387258301394
GT_sfGFP_00130_3,Cellpose-SAM cpsam_v2,134,145,0.6608391608391608,0.5132275132275133,0.1375331624263615,0.3264084079888574,0.1423959953999949,0.06460401685564998,0.4154669374565297,5.180138853934768
GT_sfGFP_00130_3,Cellpose-SAM cpsam_v2,69,77,0.6564625850340136,0.49743589743589745,0.08660637357851747,0.373549355970982,0.20890620431300075,0.043536164116106744,0.4322432824517786,3.3772909177990926
GT_sfGFP_00130_3,Cellpose-SAM cpsam_v2,122,132,0.6519607843137255,0.5338345864661654,0.16686919623228733,0.31757843860482654,0.11438350686136306,0.055005898783789524,0.44946463645193185,6.572379329595745
GT_sfGFP_00130_3,Cellpose-SAM cpsam_v2,68,76,0.6509803921568628,0.536144578313253,0.2818057942557675,0.2088303713944541,0.06036862126249531,0.061124637697350645,0.44224829751310596,1.1574828341376109
GT_sfGFP_00130_3,Cellpose-SAM cpsam_v2,36,43,0.6504854368932039,0.5373134328358209,0.1863606092534345,0.30655008478688234,0.09198994889893757,0.057583802480216204,0.4487890797692199,5.845055672652616
GT_sfGFP_00130_3,Cellpose-SAM cpsam_v2,19,23,0.6462264150943396,0.475177304964539,0.08051736409424314,0.33439877896354286,0.19025902816435059,0.029008357136903994,0.4323848348618721,0.3361234195944268
GT_sfGFP_00130_3,Cellpose-SAM cpsam_v2,9,8,0.6457142857142857,0.5043478260869565,0.36090431779635285,0.09021398456426274,0.2482910117322334,0.04997428518585465,0.42916911880736647,14.69546143771172
GT_sfGFP_00130_3,Cellpose-SAM cpsam_v2,82,92,0.6416040100250626,0.5,0.027223797638350682,0.44820851600965855,0.29069344208199654,0.0984458255085912,0.3523312617371132,0.04535528762350255
GT_sfGFP_00130_3,Cellpose-SAM cpsam_v2,22,27,0.64,0.5426356589147286,0.18975615137009685,0.2819338925561133,0.07190522204091078,0.03768751409915278,0.484497555769524,0.3115532707024687
GT_sfGFP_00130_3,Cellpose-SAM cpsam_v2,17,20,0.6398305084745762,0.5629139072847682,0.20146972638810076,0.2981027973309324,0.07444177082240466,0.039842028287252064,0.5006442471801889,10.519873911991258
GT_sfGFP_00130_3,Cellpose-SAM cpsam_v2,142,153,0.6389684813753582,0.5650224215246636,0.29398004158406016,0.21699028042124427,0.06326242896218283,0.04916703122815598,0.4880749152527962,0.07500580597848655
GT_sfGFP_00130_3,Cellpose-SAM cpsam_v2,139,151,0.6380090497737556,0.5673758865248227,0.18319549780195513,0.323230000163334,0.10582778681264284,0.03975615076612762,0.5050630544729489,0.20609152707635756
GT_sfGFP_00130_3,Cellpose-SAM cpsam_v2,6,7,0.6376811594202898,0.1941747572815534,0.08950594491384163,0.021442529018330804,0.06663460151881866,0.040662973542225686,0.1456160607214198,18.205581937547365
GT_sfGFP_00130_3,Cellpose-SAM cpsam_v2,42,50,0.6356877323420075,0.5730994152046783,0.22112800691981374,0.281663702783748,0.0472321216029228,0.07923355336696515,0.4484571587385168,8.87388573541038
GT_sfGFP_00130_3,Cellpose-SAM cpsam_v2,59,66,0.6333333333333333,0.4855072463768116,0.24451187711362352,0.18387180415754897,0.051221823801460134,0.04986225456728551,0.4114365058964237,4.32476168456789
GT_sfGFP_00130_3,Cellpose-SAM cpsam_v2,72,80,0.6287625418060201,0.2863849765258216,0.16609122948205846,0.09229146947883783,0.06756416402156147,0.015288461349667553,0.26671812953141355,5.752353236263691
GT_sfGFP_00130_3,Cellpose-SAM cpsam_v2,88,101,0.6271186440677966,0.5945945945945946,0.22894522152341915,0.26897898720083574,0.03154801307287572,0.04032099458943197,0.5302989545736084,1.858948035167418
GT_sfGFP_00130_3,Cellpose-SAM cpsam_v2,13,14,0.6242424242424243,0.39285714285714285,0.06389541942950204,0.2769036615495092,0.1668162199969918,0.0655964452847809,0.301490665496198,5.701361071147229
GT_sfGFP_00130_3,Cellpose-SAM cpsam_v2,29,35,0.6203703703703703,0.5925925925925926,0.24463423857159391,0.2802052549931144,0.027785401038454373,0.02784518554674356,0.5482465563514825,4.9696731959901
GT_sfGFP_00130_3,Cellpose-SAM cpsam_v2,56,63,0.6176470588235294,0.5,0.026973571445304736,0.4459527586072308,0.2897599417877904,0.054095888900938714,0.41885616664859193,87.27693195629091
GT_sfGFP_00130_3,Cellpose-SAM cpsam_v2,126,136,0.6118421052631579,0.5925925925925926,0.08420302242007949,0.4552246205770699,0.2549583019079637,0.03787248003410953,0.5322771614271589,4.819635848232115
GT_sfGFP_00130_3,Cellpose-SAM cpsam_v2,86,96,0.6115384615384616,0.6352201257861635,0.3073222858861325,0.2425400812890654,0.052136913386213846,0.06651174592916353,0.5264587802416194,0.08691226018753805
GT_sfGFP_00130_3,Cellpose-SAM cpsam_v2,130,142,0.604982206405694,0.622093023255814,0.1594960778558042,0.3944112692401988,0.16846908553198778,0.08647703594313316,0.4818192265806154,8.16441322430383
GT_sfGFP_00130_3,Cellpose-SAM cpsam_v2,96,109,0.6046511627906976,0.6538461538461539,0.2356452261896414,0.359018010800082,0.0907808311810441,0.08968295486911228,0.5055243438703143,4.252435879878036
GT_sfGFP_00130_3,Cellpose-SAM cpsam_v2,150,161,0.6021897810218978,0.425414364640884,0.4268565286473515,0.013035457975825126,0.4084961364515256,0.012582769088496875,0.4433500244465867,1.7966931363920877
GT_sfGFP_00130_3,Cellpose-SAM cpsam_v2,3,3,0.6020066889632107,0.5614973262032086,0.25646149280384456,0.2459651742672643,0.008424247124525858,0.03511306631719986,0.506668367034105,5.628593068323368
GT_sfGFP_00130_3,Cellpose-SAM cpsam_v2,98,111,0.6015037593984962,0.6625,0.22326459998676637,0.3427104453508391,0.08895875188701806,0.12073232510639946,0.4617825095106109,4.107389585060227
GT_sfGFP_00130_3,Cellpose-SAM cpsam_v2,75,81,0.6,0.19607843137254902,0.009924611862512402,0.1743318228036883,0.14000064355631422,0.018799471371114415,0.2185640736007447,21.000443352243156
GT_sfGFP_00130_3,Cellpose-SAM cpsam_v2,140,152,0.5989010989010989,0.6697247706422018,0.32150170875892625,0.26425305433915014,0.045282591347743324,0.06995263461013342,0.5529231238619791,8.90305851006858
GT_sfGFP_00130_3,Cellpose-SAM cpsam_v2,24,29,0.5957446808510638,0.5,0.18475505377689946,0.2343485626749643,0.040177880379744936,0.01587708826422445,0.47618436760366334,3.372979815646612
GT_sfGFP_00130_3,Cellpose-SAM cpsam_v2,133,147,0.5892857142857143,0.6488095238095238,0.26175308436368455,0.28913297282005024,0.021238994761316812,0.02714856859461227,0.6040467053529309,7.659510537939659
GT_sfGFP_00130_3,Cellpose-SAM cpsam_v2,76,84,0.5872093023255814,0.7029702970297029,0.16012169117412772,0.442040595299854,0.19549997763211713,0.06596163144447094,0.5906395979361485,1.8592065884970166
GT_sfGFP_00130_3,Cellpose-SAM cpsam_v2,90,103,0.5870307167235495,0.7034883720930233,0.4195464423983502,0.20435945275966497,0.17867339285261277,0.0869219664275951,0.5554178130041548,2.4755035232329266
GT_sfGFP_00130_3,Cellpose-SAM cpsam_v2,89,102,0.5763358778625954,0.7350993377483444,0.3185165018571987,0.3268513116111214,0.0062816456380498965,0.07793990152070508,0.5998658662355978,1.5806858176386542
GT_sfGFP_00130_3,Cellpose-SAM cpsam_v2,149,159,0.575,0.27710843373493976,0.026094378869173224,0.27963650001370316,0.19813604968427737,0.023135269384092737,0.30665468138209434,2.158158113088196
GT_sfGFP_00130_3,Cellpose-SAM cpsam_v2,51,58,0.5737704918032787,0.6422018348623854,0.39953639319352635,0.15307773952064538,0.2137398418387108,0.053251489030455804,0.5547521418674166,76.83406236886476
GT_sfGFP_00130_3,Cellpose-SAM cpsam_v2,92,104,0.5701357466063348,0.753968253968254,0.24768706435778454,0.4085957398387624,0.11423339637488648,0.02926880807937943,0.7026316937655329,0.24851244898234406
GT_sfGFP_00130_3,Cellpose-SAM cpsam_v2,62,70,0.5696969696969697,0.7553191489361702,0.1818685868497212,0.44836871125321726,0.18400019437930537,0.10228123768921878,0.5757829338433926,2.373685290546656
GT_sfGFP_00130_3,Cellpose-SAM cpsam_v2,45,52,0.5680933852140078,0.6339869281045751,0.15987112512129387,0.3847203339390145,0.16237878747552462,0.03845685560568368,0.5711489287488829,4.545423414593548
GT_sfGFP_00130_3,Cellpose-SAM cpsam_v2,84,94,0.5665236051502146,0.7651515151515151,0.5627354564280512,0.12930375783169176,0.3838043534261901,0.04048875588087107,0.6936827263617957,0.08039009519159482
GT_sfGFP_00130_3,Cellpose-SAM cpsam_v2,132,143,0.5621301775147929,0.7216494845360825,0.07223007946754255,0.5574237825715419,0.3115360819152712,0.0838870579342059,0.5772253744844084,7.275967903126834
GT_sfGFP_00130_3,Cellpose-SAM cpsam_v2,39,45,0.5606936416184971,0.7551020408163265,0.2650614392728674,0.38681655404563436,0.08779467941710226,0.06659399476739779,0.6382227846939549,10.655115762677772
GT_sfGFP_00130_3,Cellpose-SAM cpsam_v2,58,65,0.5526315789473685,0.8095238095238095,0.49304969507264546,0.2382220036569149,0.20580129464920885,0.06384556055962855,0.6939937475587674,0.7792102624856266
GT_sfGFP_00130_3,Cellpose-SAM cpsam_v2,103,114,0.5524193548387096,0.8102189781021898,0.4153551911111717,0.2635789638929934,0.12011613959650527,0.08771568120912064,0.6514343873002779,1.0979749386846405
GT_sfGFP_00130_3,Cellpose-SAM cpsam_v2,10,11,0.5506329113924051,0.8160919540229885,0.31240409329403884,0.40350714644078584,0.06491100054444265,0.05818458310780813,0.7104234007927163,6.2410293818757
GT_sfGFP_00130_3,Cellpose-SAM cpsam_v2,79,90,0.5468277945619335,0.8287292817679558,0.4728530348447706,0.2526426072569192,0.17579669277742038,0.05108057610514954,0.7353167365148923,2.72038657620806
GT_sfGFP_00130_3,Cellpose-SAM cpsam_v2,2,2,0.5459459459459459,0.8316831683168316,0.3018175072248802,0.39575138993673203,0.0672998668596059,0.0432625721903826,0.752439843017616,11.478477818665812
GT_sfGFP_00130_3,Cellpose-SAM cpsam_v2,127,137,0.5427631578947368,0.8424242424242424,0.39191415724874507,0.3086249743158479,0.0636463345630714,0.04988887401142503,0.7505077715183442,2.8646448709433026
GT_sfGFP_00130_3,Cellpose-SAM cpsam_v2,118,129,0.5357142857142857,0.8289473684210527,0.11819130208183891,0.6637528217174232,0.32791019946846656,0.0721886217907958,0.696918178566834,18.85344797571427
GT_sfGFP_00130_3,Cellpose-SAM cpsam_v2,115,126,0.5314009661835749,0.8818181818181818,0.39180996489595754,0.3273361528558046,0.04857383858748638,0.0812800653918018,0.7288638769445185,2.4406393157312416
GT_sfGFP_00130_3,Cellpose-SAM cpsam_v2,81,100,0.5303030303030303,0.2784090909090909,0.3945625589663051,0.09824103168701555,0.44872079665091513,0.021230740601269685,0.29372900032023436,37.86675192420474
GT_sfGFP_00130_3,Cellpose-SAM cpsam_v2,40,46,0.5283018867924528,0.8928571428571429,0.2959334563741217,0.4178930344275068,0.08601465349791208,0.08522034995839238,0.7315471947216144,5.067683972544961
GT_sfGFP_00130_3,Cellpose-SAM cpsam_v2,116,127,0.5232558139534884,0.7872340425531915,0.23398451668248124,0.39412716973069783,0.11486947283234657,0.036831831171686084,0.7214069400335823,1.7564217930667305
GT_sfGFP_00130_3,Cellpose-SAM cpsam_v2,61,69,0.52046783625731,0.9213483146067416,0.4238039944122976,0.3555873424511927,0.05032257961169395,0.06590398707446338,0.7947238001153569,57.078621239993694
GT_sfGFP_00130_3,Cellpose-SAM cpsam_v2,83,93,0.5169811320754717,0.9343065693430657,0.2017214136746006,0.5688233406900147,0.2339982568425785,0.07378927995565318,0.7915754803777512,6.197366420009676
GT_sfGFP_00130_3,Cellpose-SAM cpsam_v2,12,13,0.5161290322580645,0.8608695652173913,0.3732402699775528,0.35791946699017896,0.011282556410603821,0.039051980059057204,0.7881989240640153,5.13569264636652
GT_sfGFP_00130_3,Cellpose-SAM cpsam_v2,37,44,0.5141700404858299,0.9448818897637795,0.18517910706247795,0.6329563718743941,0.2742126320851633,0.1019147927863294,0.7466696549746192,4.350231507032431
GT_sfGFP_00130_3,Cellpose-SAM cpsam_v2,23,28,0.5118483412322274,0.8482142857142857,0.06649425050865153,0.7188832721503423,0.3795423646339549,0.05301564743701746,0.7502300087547981,0.6249254898101235
GT_sfGFP_00130_3,Cellpose-SAM cpsam_v2,112,121,0.5045317220543807,0.8457142857142858,0.8502866498409989,0.012771159974384667,0.8269543239045205,0.01705334880458897,0.8142386762063872,1.3935243458548958
GT_sfGFP_00130_3,Cellpose-SAM cpsam_v2,121,131,0.503448275862069,0.9863013698630136,0.28907947240095727,0.5375659499556232,0.1616102890167657,0.05228372208360813,0.8824501410668057,12.539164228017647
GT_sfGFP_00130_3,Cellpose-SAM cpsam_v2,141,149,0.5030864197530864,0.9877300613496932,0.3014688568951756,0.550261712624359,0.16048442253535022,0.08795710321035562,0.8128950831892318,2.8069330189435497
GT_sfGFP_00130_3,Cellpose-SAM cpsam_v2,65,74,0.5022026431718062,0.9912280701754386,0.38074925390993936,0.46376316207631346,0.05671266384967694,0.08702304879725732,0.8179453326580929,31.540775814668716
GT_sfGFP_00130_3,Cellpose-SAM cpsam_v2,35,41,0.5019762845849802,0.9921259842519685,0.19711338944066126,0.6380911443751375,0.26920220919861604,0.08737331836778543,0.8180673264011834,0.5779671926842787
GT_sfGFP_00130_3,Cellpose-SAM cpsam_v2,113,124,0.5,1.0,0.2866304193989742,0.563398665770215,0.17702985964548568,0.08436848624529457,0.8312630275094108,0.9876346450488842
GT_sfGFP_00130_3,MicroSAM DeepBacs,122,109,0.8881118881118881,0.03007518796992481,0.024172470584250556,0.06316866090897548,0.08215171750694018,0.0025477537195547667,0.02745081007835336,7.60777529685925
GT_sfGFP_00130_3,MicroSAM DeepBacs,13,13,0.8861788617886179,0.07142857142857142,0.00149386581730366,0.036508532573071704,0.03378135891351153,0.01208428359975296,0.0584811247145504,3.2619175801287574
GT_sfGFP_00130_3,MicroSAM DeepBacs,43,44,0.8801652892561983,0.04954954954954955,0.02945529229507697,0.06245974250351106,0.08651154591702956,0.016688022178916163,0.0320346433887952,0.2819113085214827
GT_sfGFP_00130_3,MicroSAM DeepBacs,11,11,0.8512820512820513,0.03954802259887006,0.0038036342802710457,0.015450106207049999,0.018960794203112852,0.0046953197269739766,0.034667012261224796,11.736029889757722
GT_sfGFP_00130_3,MicroSAM DeepBacs,134,124,0.8421052631578947,0.037037037037037035,0.042888095647793854,0.07368591276066336,0.10857365922658126,0.0054911518419406575,0.04273156487312364,4.278750167395335
GT_sfGFP_00130_3,MicroSAM DeepBacs,17,17,0.8417721518987342,0.0728476821192053,0.0028641892794992138,0.07596351390274839,0.07910869941076736,0.018732317168615925,0.05547997083704484,9.143203993703738
GT_sfGFP_00130_3,MicroSAM DeepBacs,46,47,0.8415300546448088,0.07428571428571429,0.050086478607162505,0.03576904176317399,0.014848555443779951,0.0199382063921675,0.05582863179696494,1.7149631994334131
GT_sfGFP_00130_3,MicroSAM DeepBacs,148,136,0.8372093023255814,0.07317073170731707,0.12696762567307726,0.0015337161965495625,0.12830455908926044,0.0026338785787108645,0.07072957595143871,0.08914894174368598
GT_sfGFP_00130_3,MicroSAM DeepBacs,31,33,0.8367346938775511,0.045454545454545456,0.14153332015194706,0.08506396095749207,0.24766461418065455,0.00095097420075958,0.04446034515375135,1.355738431253874
GT_sfGFP_00130_3,MicroSAM DeepBacs,6,6,0.8362068965517241,0.06796116504854369,0.028315630677597157,0.023426140765850378,0.05298295766796835,0.0047096569433624745,0.06293143433233134,20.672328372622992
GT_sfGFP_00130_3,MicroSAM DeepBacs,20,20,0.8354978354978355,0.05825242718446602,0.04665913977585163,0.005204016586198844,0.05213446498253227,0.012266015364085461,0.04527188665354063,0.7554187415317598
GT_sfGFP_00130_3,MicroSAM DeepBacs,82,77,0.819935691318328,0.16030534351145037,0.000851063615064167,0.1470993871692294,0.12897788320626724,0.03148687927365352,0.12377094923973027,0.27638317746858354
GT_sfGFP_00130_3,MicroSAM DeepBacs,68,63,0.8181818181818182,0.04819277108433735,0.13644727796082853,0.08317381065293893,0.23954495537499398,0.006410601057564139,0.05491231677118169,5.729973635522719
GT_sfGFP_00130_3,MicroSAM DeepBacs,137,125,0.8125,0.09868421052631579,0.004974533443106112,0.09948121866372531,0.09500458064557364,0.01183255431100366,0.08568396993462098,10.236571773493422
GT_sfGFP_00130_3,MicroSAM DeepBacs,51,53,0.8099173553719008,0.009174311926605505,0.06057502229007208,0.0636070052125452,0.13261742472860397,0.016417713114371086,0.025742646262209352,85.19519097975008
GT_sfGFP_00130_3,MicroSAM DeepBacs,29,30,0.8074534161490683,0.15555555555555556,0.05960673078298701,0.08845699383667688,0.026505652696480284,0.01092511526405321,0.14293097791709405,4.36981478874527
GT_sfGFP_00130_3,MicroSAM DeepBacs,36,38,0.8,0.08208955223880597,0.0036878094401865953,0.07425577966354904,0.06569010058802191,0.000589379372108835,0.08145179097794193,12.254879769174485
GT_sfGFP_00130_3,MicroSAM DeepBacs,34,37,0.7982062780269058,0.01507537688442211,0.12398219275990374,0.11720110252418349,0.2732029865167499,0.010908498604489412,0.026148325216617394,4.2013279544079545
GT_sfGFP_00130_3,MicroSAM DeepBacs,106,99,0.7961783439490446,0.13636363636363635,0.15496265335004009,0.028665429476075376,0.1890472020645461,0.012193142042854894,0.1502194795941533,9.110567925792633
GT_sfGFP_00130_3,MicroSAM DeepBacs,32,34,0.7808988764044944,0.09036144578313253,0.12799475047513573,0.018669012344706033,0.14397587542420737,0.01058805130050653,0.08073014610616575,2.2946778994807504
GT_sfGFP_00130_3,MicroSAM DeepBacs,141,127,0.7799043062200957,0.2822085889570552,0.1256221412428863,0.14453898816034036,0.01652791832618977,0.029934442353333788,0.2438263898659708,4.2272810902999325
GT_sfGFP_00130_3,MicroSAM DeepBacs,25,28,0.7792792792792793,0.16279069767441862,0.03338725148275573,0.17511306536873394,0.2527622975925686,0.01615032055555302,0.14926949906976955,3.473183987543085
GT_sfGFP_00130_3,MicroSAM DeepBacs,142,130,0.7786259541984732,0.08968609865470852,0.1490285762230124,0.043684902942630055,0.20151671740687943,0.0018378645889239355,0.08768340316094836,1.4683952458035325
GT_sfGFP_00130_3,MicroSAM DeepBacs,91,86,0.7777777777777778,0.13793103448275862,0.04568207875844328,0.10730418260790163,0.06902922882452825,0.015951282044977103,0.12417992927157147,7.458222379114064
GT_sfGFP_00130_3,MicroSAM DeepBacs,59,58,0.7777777777777778,0.028985507246376812,0.002577225843770316,0.04864798194210838,0.048426613097839265,0.003203008311406231,0.025875339755591052,8.541563805654334
GT_sfGFP_00130_3,MicroSAM DeepBacs,62,61,0.7773109243697479,0.25,0.08725465926097523,0.12440183055143242,0.03303727393634645,0.028523543210712578,0.21434557098660928,1.1615476943331795
GT_sfGFP_00130_3,MicroSAM DeepBacs,38,42,0.7771739130434783,0.2032967032967033,0.025292030832027215,0.20079068755555368,0.21959035510578528,0.04799432498456131,0.1650594663584539,13.33184646204224
GT_sfGFP_00130_3,MicroSAM DeepBacs,145,134,0.7741935483870968,0.11538461538461539,0.045557512551158155,0.05981426319057731,0.013452121880771054,0.021467034185568896,0.09144061571609623,9.05539885862139
GT_sfGFP_00130_3,MicroSAM DeepBacs,104,98,0.7702265372168284,0.11379310344827587,0.086859910468065,0.090125289771067,0.003588823017380369,0.03253219914606716,0.08496284420503702,3.4074260891651247
GT_sfGFP_00130_3,MicroSAM DeepBacs,30,31,0.7680412371134021,0.05389221556886228,0.06223984123328243,0.05659021637113,0.12595805096204016,0.01145823396204288,0.04181647199209852,7.023396320847094
GT_sfGFP_00130_3,MicroSAM DeepBacs,96,90,0.7668393782383419,0.1858974358974359,0.04239140207379032,0.14898145846562816,0.0927691701258437,0.02699901551281747,0.15387937262903056,6.4000502129654535
GT_sfGFP_00130_3,MicroSAM DeepBacs,50,51,0.7666666666666667,0.0784313725490196,0.048210102740668365,0.10599632860629304,0.1394276159499397,0.0033861053221484736,0.08208305475917972,1.1336362669831455
GT_sfGFP_00130_3,MicroSAM DeepBacs,52,54,0.7662337662337663,0.1962864721485411,0.003477977881073454,0.19295118240592227,0.24339191880929562,0.06859496698205761,0.14115576924253725,1.4281531194470856
GT_sfGFP_00130_3,MicroSAM DeepBacs,132,120,0.7639484978540773,0.11855670103092783,0.09245175630982005,0.20136008598124355,0.24456600957496,0.005700361641388038,0.11218052331865358,1.8840324617077258
GT_sfGFP_00130_3,MicroSAM DeepBacs,86,81,0.7626262626262627,0.1949685534591195,0.11696492287868725,0.06610770691528274,0.047703637853399136,0.01870143043773843,0.17262093218131885,0.6017464484178516
GT_sfGFP_00130_3,MicroSAM DeepBacs,37,39,0.7544910179640718,0.30708661417322836,0.05821796331362426,0.21895418582605286,0.13186403917510817,0.03254283117831853,0.264550315152749,2.5186093826251983
GT_sfGFP_00130_3,MicroSAM DeepBacs,41,43,0.7530120481927711,0.1464968152866242,0.01968196449854405,0.12697230229034762,0.12289454054353,0.024534373114523708,0.125556649698432,4.281129290199928
GT_sfGFP_00130_3,MicroSAM DeepBacs,14,15,0.7525083612040134,0.22972972972972974,0.1352684216769003,0.14981028041819175,0.017104251446893794,0.041895359408573946,0.19745897991501737,3.9834366036425135
GT_sfGFP_00130_3,MicroSAM DeepBacs,42,45,0.7513227513227513,0.06432748538011696,0.061674281365448405,0.00768802628505601,0.05440451844824834,0.01980071619243036,0.04580049946907101,13.007864467034132
GT_sfGFP_00130_3,MicroSAM DeepBacs,3,2,0.7389380530973452,0.10160427807486631,0.1219084686157188,0.024768057396514193,0.15040168354275232,0.009247442385144942,0.11179130016759282,7.067572536497984
GT_sfGFP_00130_3,MicroSAM DeepBacs,5,5,0.7351778656126482,0.11587982832618025,0.06510971839666428,0.1708989448724418,0.28465608843399165,0.029755691785226017,0.08957222099675297,2.1028075228631473
GT_sfGFP_00130_3,MicroSAM DeepBacs,18,18,0.7338709677419355,0.22797927461139897,0.051195937091139704,0.18019804837109885,0.10930547754930363,0.018908376902013867,0.20476017965918505,0.7034971809412269
GT_sfGFP_00130_3,MicroSAM DeepBacs,28,26,0.7272727272727273,0.03048780487804878,0.12138254014730568,0.09555256652450878,0.19801432929869495,0.01854152021040009,0.012511574917965769,2.243506077763642
GT_sfGFP_00130_3,MicroSAM DeepBacs,15,14,0.7251184834123223,0.3184713375796178,0.08915958941108292,0.20144156320635762,0.09345604250249279,0.011845051462441816,0.30285397673423275,0.670235893858899
GT_sfGFP_00130_3,MicroSAM DeepBacs,27,27,0.7238095238095238,0.27672955974842767,0.08756515142169959,0.1684359410841603,0.06921285696451872,0.022668393970889433,0.2477881510937701,3.722809324128557
GT_sfGFP_00130_3,MicroSAM DeepBacs,144,131,0.7233009708737864,0.3051948051948052,0.1571792296135245,0.11323191336869376,0.039477233554905865,0.02412250363223265,0.2737102387657223,2.9959648093537963
GT_sfGFP_00130_3,MicroSAM DeepBacs,139,126,0.7230769230769231,0.3829787234042553,0.1638247135149331,0.18780875365654767,0.020191836495380217,0.022087478175545967,0.3524322110338194,2.4976530844353726
GT_sfGFP_00130_3,MicroSAM DeepBacs,39,41,0.7165354330708661,0.22448979591836735,0.10329535728271824,0.0924097770850864,0.009964740728225776,0.019792206562369737,0.20025444094403705,5.645246436504309
GT_sfGFP_00130_3,MicroSAM DeepBacs,126,113,0.7142857142857143,0.031746031746031744,0.06470537619716096,0.09083976313371951,0.14259210618068854,0.025523349033347454,0.05807964582805689,1.7913482358360966
GT_sfGFP_00130_3,MicroSAM DeepBacs,76,72,0.7112676056338029,0.40594059405940597,0.07644501881071498,0.2548052925908903,0.14214179270148092,0.020151434143364733,0.3776088747687347,1.1426997245026635
GT_sfGFP_00130_3,MicroSAM DeepBacs,22,22,0.7105263157894737,0.015503875968992248,0.025325700372435277,0.026646326100113686,0.05062310666417454,0.028026953750331398,0.04396535613405747,2.50119451668991
GT_sfGFP_00130_3,MicroSAM DeepBacs,125,112,0.7094594594594594,0.1259259259259259,0.08314427246776043,0.19419469458129096,0.34417614923116174,0.042990814994787775,0.08834876911566698,0.3242728327470266
GT_sfGFP_00130_3,MicroSAM DeepBacs,127,114,0.7045454545454546,0.2727272727272727,0.28079435435705413,0.013817420729299982,0.29873958562949354,0.007410623635841284,0.26329556991802017,4.867729494557263
GT_sfGFP_00130_3,MicroSAM DeepBacs,77,74,0.6970443349753694,0.3515358361774744,0.01660489586634302,0.1425612099185595,0.11024032056995398,0.025524485216382016,0.31703857970755195,3.3430137198942287
GT_sfGFP_00130_3,MicroSAM DeepBacs,88,84,0.695906432748538,0.04054054054054054,0.002258489845596551,0.0633440986286587,0.07003915565813189,0.009497346325889144,0.03142822176840366,1.1999174774033612
GT_sfGFP_00130_3,MicroSAM DeepBacs,19,19,0.6958762886597938,0.3333333333333333,0.057941356203737956,0.23919693940662243,0.1462685852740058,0.005669821113325201,0.3408930948177669,3.6260092769782974
GT_sfGFP_00130_3,MicroSAM DeepBacs,95,89,0.693069306930693,0.052,0.0023852342189333805,0.033124956798074624,0.03437163218577493,0.0012751207359306335,0.05334142701419903,2.193538160442863
GT_sfGFP_00130_3,MicroSAM DeepBacs,26,25,0.6815642458100558,0.3700787401574803,0.07782394284383129,0.4853915571787585,0.37916971945923744,0.030460386786296263,0.328345611804602,1.012568670642437
GT_sfGFP_00130_3,MicroSAM DeepBacs,35,36,0.68,0.31496062992125984,0.018103022184911877,0.2588305268229484,0.19123106685821112,0.02618231297620815,0.2805319191572696,2.3816956027140965
GT_sfGFP_00130_3,MicroSAM DeepBacs,131,121,0.6791044776119403,0.14814814814814814,0.11118100196449025,0.05285813454256933,0.06157775255109581,0.04479110441151691,0.10999276290870781,0.7171174897794352
GT_sfGFP_00130_3,MicroSAM DeepBacs,21,21,0.6766169154228856,0.054878048780487805,0.023902265974852382,0.016639920007532588,0.007143479047395568,0.030450714206925866,0.08699983876706203,1.4216666625036605
GT_sfGFP_00130_3,MicroSAM DeepBacs,80,79,0.6742671009771987,0.08208955223880597,0.037153156360417966,0.12566741617973148,0.18622269780765643,0.027412067663385317,0.056927728935847806,2.0044098158023336
GT_sfGFP_00130_3,MicroSAM DeepBacs,8,8,0.6729857819905213,0.14210526315789473,0.06328851695032117,0.08378342449901746,0.022369064363946572,0.07500645678358193,0.07775761865408497,0.7430756335025771
GT_sfGFP_00130_3,MicroSAM DeepBacs,9,7,0.6708860759493671,0.2956521739130435,0.41400045421736603,0.09254870341448204,0.5582108478304556,0.012406532506776579,0.2795776230999156,14.278109288136582
GT_sfGFP_00130_3,MicroSAM DeepBacs,147,135,0.6666666666666666,0.125,0.10594478198961842,0.01991086851343033,0.08778172383739684,0.05392248401674048,0.07781782648535208,3.273878429333411
GT_sfGFP_00130_3,MicroSAM DeepBacs,98,92,0.6666666666666666,0.25,0.11570493877230935,0.1094827329546252,0.005608204285535964,0.04919155773965288,0.1885105528254339,12.953527782984025
GT_sfGFP_00130_3,MicroSAM DeepBacs,79,76,0.6628352490421456,0.39779005524861877,0.2969603046762609,0.07608128503902693,0.20526239300707033,0.010716699283781519,0.41276975093257856,3.8127124518533537
GT_sfGFP_00130_3,MicroSAM DeepBacs,110,101,0.65625,0.4537037037037037,0.11592839970921764,0.2724231695415378,0.12298956320380924,0.02493447864058666,0.417456359753962,16.28309744485295
GT_sfGFP_00130_3,MicroSAM DeepBacs,112,105,0.6538461538461539,0.03428571428571429,0.06918046028114042,0.09196971511871127,0.1774722474382226,0.006606586522142051,0.027905639301474248,6.197673328039591
GT_sfGFP_00130_3,MicroSAM DeepBacs,70,65,0.6482412060301508,0.30985915492957744,0.06274743983078943,0.19436747168069576,0.11020061661985212,0.015645416515031547,0.28936586287467697,10.136821359981877
GT_sfGFP_00130_3,MicroSAM DeepBacs,71,66,0.6474576271186441,0.19330855018587362,0.10055475248003523,0.1116632910720693,0.012504873974464302,0.034572983795691604,0.16541881976332684,10.062025101466133
GT_sfGFP_00130_3,MicroSAM DeepBacs,103,96,0.6443298969072165,0.3284671532846715,0.3340702084811938,0.01304497405292974,0.35170314088125326,0.03677488814952762,0.2796129223123064,1.68205054710719
GT_sfGFP_00130_3,MicroSAM DeepBacs,40,40,0.6436781609195402,0.5535714285714286,0.1788124085232281,0.27326018771117444,0.07417790966803624,0.05195032799464175,0.4728628832940387,4.213473258338503
GT_sfGFP_00130_3,MicroSAM DeepBacs,128,116,0.6422018348623854,0.5034965034965035,0.1319246668641935,0.2706117148400984,0.1091498263050079,0.05264202019533341,0.4243494101958274,0.6058814660724763
GT_sfGFP_00130_3,MicroSAM DeepBacs,84,80,0.640625,0.38636363636363635,0.414267422031201,0.030988877850553737,0.45949555139686504,0.0021551868465452604,0.3833757636900168,2.27004324935119
GT_sfGFP_00130_3,MicroSAM DeepBacs,135,123,0.6388888888888888,0.30726256983240224,0.017940312557825123,0.29530776001420145,0.2418329313248245,0.01609784788401444,0.32830668382603007,9.162008408235227
GT_sfGFP_00130_3,MicroSAM DeepBacs,45,48,0.6313131313131313,0.1111111111111111,0.07481044483648848,0.16730062287870442,0.20741106701212736,0.026561306180677747,0.1406236735340864,7.7190323525426034
GT_sfGFP_00130_3,MicroSAM DeepBacs,74,71,0.6303317535545023,0.3401360544217687,0.5047671846663457,0.11327021252885541,0.6969850409083194,0.019567805375892817,0.36635957591191076,0.9838735822824008
GT_sfGFP_00130_3,MicroSAM DeepBacs,143,132,0.6283783783783784,0.05982905982905983,0.04810994222047215,0.1189750390403419,0.1493196679383571,0.012486556419757542,0.07306267517991398,26.21475304190688
GT_sfGFP_00130_3,MicroSAM DeepBacs,94,88,0.6258992805755396,0.12206572769953052,0.06799083752643686,0.2311897495882587,0.24300120043620344,0.002964852258178453,0.11873896859293591,43.705501937986064
GT_sfGFP_00130_3,MicroSAM DeepBacs,69,64,0.6256410256410256,0.37435897435897436,0.2522516542531788,0.17239577464314768,0.09649042037647673,0.04948590951480025,0.3433985591753557,0.22154682175701765
GT_sfGFP_00130_3,MicroSAM DeepBacs,24,24,0.624390243902439,0.22,0.10902547382318212,0.0721398330641216,0.03440375930595101,0.01107457043009901,0.23351097592472078,7.193238125271912
GT_sfGFP_00130_3,MicroSAM DeepBacs,78,75,0.6230031948881789,0.41904761904761906,0.26348104586110943,0.1195425597017514,0.1285690167935229,0.0060582218959093674,0.4276445244046714,3.4635294083988426
GT_sfGFP_00130_3,MicroSAM DeepBacs,140,129,0.6193548387096774,0.30275229357798167,0.24460184736935406,0.04348532782888554,0.1927353592588782,0.034163807826801215,0.258245314574259,18.17800642717149
GT_sfGFP_00130_3,MicroSAM DeepBacs,133,122,0.6137339055793991,0.23809523809523808,0.08491330316705155,0.11076412434407637,0.023273006942216685,0.01524325594298536,0.25696784069131523,5.246992569678964
GT_sfGFP_00130_3,MicroSAM DeepBacs,12,12,0.6120218579234973,0.5652173913043478,0.32344351196895854,0.18062616730729772,0.12096745660600618,0.03063710114063971,0.5172636677798683,8.889425113083474
GT_sfGFP_00130_3,MicroSAM DeepBacs,7,9,0.6007751937984496,0.3992248062015504,0.2320068108036952,0.22047367235370333,0.014795059564973333,0.12077504410205545,0.32666615567512175,4.1686890421902225
GT_sfGFP_00130_3,MicroSAM DeepBacs,49,50,0.5985915492957746,0.18269230769230768,0.005591123480055131,0.1919570182933097,0.16573428298297355,0.024744854490251156,0.2119578567528932,22.26962741173009
GT_sfGFP_00130_3,MicroSAM DeepBacs,10,10,0.5954198473282443,0.40229885057471265,0.18420633509966636,0.1978682460052585,0.01140518663146214,0.022649654846187754,0.3705372656179896,19.6133012512304
GT_sfGFP_00130_3,MicroSAM DeepBacs,55,55,0.5934959349593496,0.41975308641975306,0.06122174506155028,0.2786510826415295,0.17004587141223715,0.010918705423446655,0.4042512206951066,56.65013525557127
GT_sfGFP_00130_3,MicroSAM DeepBacs,93,87,0.5876288659793815,0.039735099337748346,0.16699976632560554,0.11196990120868737,0.31414438307214493,0.003422973885160834,0.04329408543026656,46.88457477757993
GT_sfGFP_00130_3,MicroSAM DeepBacs,33,35,0.5783582089552238,0.27419354838709675,0.2391487041421917,0.02094622882169775,0.21372572733074044,0.016010692660428722,0.25379282709396983,2.8650700963915154
GT_sfGFP_00130_3,MicroSAM DeepBacs,73,70,0.5704225352112676,0.6235294117647059,0.3936902348802556,0.15460928887064435,0.2070665361123701,0.0087757971935226,0.6092816469093397,13.145465510851638
GT_sfGFP_00130_3,MicroSAM DeepBacs,60,59,0.5703125,0.48148148148148145,0.10163537414453039,0.338141313123126,0.17674212481087492,0.010870608083546066,0.4975860860496979,25.421103655670063
GT_sfGFP_00130_3,MicroSAM DeepBacs,48,49,0.5550935550935551,0.6153846153846154,0.3539737644969847,0.21020941792474307,0.1187929497514302,0.016923501682893766,0.5880466511276331,5.647806836077949
GT_sfGFP_00130_3,MicroSAM DeepBacs,101,94,0.5545454545454546,0.4782608695652174,0.10581687468618774,0.6619671528113472,0.46197304573605347,0.028499586179454202,0.4361310465173286,6.398233494648954
GT_sfGFP_00130_3,MicroSAM DeepBacs,129,119,0.5544217687074829,0.510989010989011,0.4515681952484535,0.10459023930869052,0.31412368459540213,0.005968368019227066,0.5019708724984207,4.826946753478025
GT_sfGFP_00130_3,MicroSAM DeepBacs,99,93,0.5526315789473685,0.8095238095238095,0.4360089234839394,0.2679872712569779,0.13251051965245564,0.03387291042813649,0.7482299716062292,2.856419255377321
GT_sfGFP_00130_3,MicroSAM DeepBacs,44,46,0.5519125683060109,0.272,0.03837557194407486,0.20087752015011462,0.13531933563526638,0.014602018634312803,0.2905737677028459,0.8080620363962986
GT_sfGFP_00130_3,MicroSAM DeepBacs,105,97,0.5498154981549815,0.07920792079207921,0.4091623084975145,0.268563095170441,0.9265671436497734,0.09364686747313489,0.02185652034229408,32.255365100806074
GT_sfGFP_00130_3,MicroSAM DeepBacs,1,1,0.5382653061224489,0.7285067873303167,0.5556991380221167,0.1859489210628201,0.3117758365410333,0.024784019276099543,0.7713461328663802,13.166552744493718
GT_sfGFP_00130_3,MicroSAM DeepBacs,54,56,0.5317796610169492,0.7283018867924528,0.37567973127135346,0.34128129428369763,0.025645952966209154,0.01888363800417934,0.695665259600324,42.60715142146828
GT_sfGFP_00130_3,MicroSAM DeepBacs,130,118,0.53,0.6686046511627907,0.6030542347019261,0.08137182647689734,0.48242648407501665,0.05756461569012438,0.5725520656798506,10.735024637818372
GT_sfGFP_00130_3,MicroSAM DeepBacs,97,91,0.5047619047619047,0.7478260869565218,0.4178776536645806,0.21041099415639541,0.17140183004763637,0.020904305272662887,0.7112889968712588,2.911973660599591
GT_sfGFP_00130_3,MicroSAM DeepBacs,114,103,0.5028571428571429,0.5047619047619047,0.23860374417090877,0.2158203209528655,0.018739136717329626,0.03337348113236735,0.5549810477991813,1.7641241406639379
GT_sfGFP_00130_3,Omnipose bact_fluor,52,58,0.8753315649867374,0.1246684350132626,0.011254318563406916,0.11454760716181214,0.11665594834219581,0.04418260021387216,0.08599401042287053,1.5383466853739804
GT_sfGFP_00130_3,Omnipose bact_fluor,43,48,0.8212927756653993,0.15765765765765766,0.04715683180533626,0.10460702521497746,0.052009621610418666,0.025660790095702383,0.12795124750182202,0.3919924879084134
GT_sfGFP_00130_3,Omnipose bact_fluor,82,87,0.8152866242038217,0.17557251908396945,0.012906046289274617,0.18400935485917297,0.16631236935781543,0.0418989248857875,0.12631729440907424,2.6647764534864424
GT_sfGFP_00130_3,Omnipose bact_fluor,25,29,0.8134920634920635,0.12558139534883722,0.1451578069645449,0.007433590296271451,0.15373419427558857,0.007728624369714698,0.1168821995466467,2.1504398025567153
GT_sfGFP_00130_3,Omnipose bact_fluor,5,5,0.8100358422939068,0.16738197424892703,0.15854984033478386,0.0026774212242280716,0.15545619738823072,0.0251769806538608,0.13799082086759598,3.2257243500502484
GT_sfGFP_00130_3,Omnipose bact_fluor,38,43,0.8075117370892019,0.11538461538461539,0.12397342941740344,0.021880444552327065,0.14911661172439714,0.005176838675863206,0.1096104491692295,10.630588790626097
GT_sfGFP_00130_3,Omnipose bact_fluor,145,146,0.8071748878923767,0.0625,0.14425487834533612,0.08820050456192673,0.21361447815248139,0.013790847552691216,0.04957108041935199,3.297360485949512
GT_sfGFP_00130_3,Omnipose bact_fluor,13,12,0.7971014492753623,0.21428571428571427,0.04853883523747461,0.1311019464400086,0.07299351880914927,0.03243119841102803,0.1749049733580374,7.827227573189551
GT_sfGFP_00130_3,Omnipose bact_fluor,69,72,0.7729468599033816,0.11794871794871795,0.022134096695150887,0.08159690445225978,0.06474587035406819,0.012275515943329783,0.10712108337306296,0.3923033017857841
GT_sfGFP_00130_3,Omnipose bact_fluor,28,27,0.7725118483412322,0.2804878048780488,0.08983947295710239,0.16902326646583202,0.06773500218530001,0.04076187961627433,0.22829271512550237,4.307298352192313
GT_sfGFP_00130_3,Omnipose bact_fluor,131,133,0.768976897689769,0.205761316872428,0.056744534194651586,0.13598720924996005,0.06975666135152075,0.013328901589513156,0.18968984293939362,0.22815573394045313
GT_sfGFP_00130_3,Omnipose bact_fluor,104,109,0.7677053824362606,0.15172413793103448,0.009374767090914974,0.06695855150002179,0.05397002941506079,0.02665036934964109,0.12103026426627543,6.784556278989387
GT_sfGFP_00130_3,Omnipose bact_fluor,20,22,0.7635658914728682,0.2087378640776699,0.13971176463490245,0.07045175871686568,0.0647016601673463,0.02510555687906451,0.178391826879189,0.7858985647607676
GT_sfGFP_00130_3,Omnipose bact_fluor,41,46,0.7621359223300971,0.31210191082802546,0.20891601665259096,0.1007264878235264,0.09828920265468347,0.042104103608093815,0.2568570360301444,2.391628974326125
GT_sfGFP_00130_3,Omnipose bact_fluor,46,51,0.7610619469026548,0.2742857142857143,0.10240557378806325,0.14174852994453097,0.034458512644968374,0.032040194295186814,0.23345735241241908,6.378196620101934
GT_sfGFP_00130_3,Omnipose bact_fluor,91,97,0.7587548638132295,0.05172413793103448,0.12793827343895128,0.08205153124663814,0.19406636248059175,0.02199027684543359,0.030871289198295734,5.285047879850808
GT_sfGFP_00130_3,Omnipose bact_fluor,80,84,0.7584097859327217,0.1455223880597015,0.12031786703885998,0.018703250204582817,0.09974898658060638,0.002787995521298472,0.14232867677224392,1.9441226838750385
GT_sfGFP_00130_3,Omnipose bact_fluor,71,74,0.7533333333333333,0.04460966542750929,0.04122842242463267,0.013274818100279135,0.028329675614982255,0.01753325262184291,0.027858565338982795,9.419075772583632
GT_sfGFP_00130_3,Omnipose bact_fluor,147,147,0.7525252525252525,0.16875,0.059082126975630776,0.11374225507988904,0.04907789738150631,0.014206569031279141,0.1521460724446925,6.818082295929806
GT_sfGFP_00130_3,Omnipose bact_fluor,8,9,0.7432432432432432,0.03684210526315789,0.07892109605803894,0.034594890848133,0.11758378511783367,0.01748946563733079,0.05497591963449561,7.651969208485392
GT_sfGFP_00130_3,Omnipose bact_fluor,148,149,0.7395833333333334,0.036585365853658534,2.3958946877187023e-05,0.01878721759302412,0.01917135291873829,0.0009869023682127602,0.0376083744060742,18.021290360105564
GT_sfGFP_00130_3,Omnipose bact_fluor,134,135,0.736,0.2962962962962963,0.07979594816744279,0.1910218852802294,0.09338698011129905,0.03204341540899877,0.25475853558092754,3.8544547009105834
GT_sfGFP_00130_3,Omnipose bact_fluor,30,33,0.7351598173515982,0.2754491017964072,0.10355387911801074,0.09892940086379974,0.004208166830895655,0.04960803613381666,0.21217657666764703,1.3682170684254376
GT_sfGFP_00130_3,Omnipose bact_fluor,32,37,0.7312775330396476,0.3674698795180723,0.15280071408577622,0.1700664502526375,0.0147562013791039,0.05923201157535957,0.28647188778550225,3.1775900715415166
GT_sfGFP_00130_3,Omnipose bact_fluor,96,101,0.7289719626168224,0.3717948717948718,0.12339163604876148,0.23089199410827943,0.0873353296423027,0.045353115445355745,0.309579700607012,3.6972210195243593
GT_sfGFP_00130_3,Omnipose bact_fluor,34,40,0.7262357414448669,0.2814070351758794,0.18757672262957995,0.06144420930173621,0.11883103437986554,0.05481242965490115,0.21117000220100607,2.1706010054452567
GT_sfGFP_00130_3,Omnipose bact_fluor,27,30,0.7227272727272728,0.3836477987421384,0.05372374257030254,0.29764977931957903,0.18797524620023343,0.031580591053545944,0.33995138344792386,1.0672110016775513
GT_sfGFP_00130_3,Omnipose bact_fluor,86,90,0.7194570135746606,0.389937106918239,0.24783120620722524,0.10508196971077621,0.12917524709394151,0.03753597569480005,0.33776446145565525,0.04764253894234329
GT_sfGFP_00130_3,Omnipose bact_fluor,122,119,0.7189189189189189,0.39097744360902253,0.2009110094392471,0.16689342678455232,0.029152261786607524,0.03984011834090648,0.33556073764610755,1.2062497328870894
GT_sfGFP_00130_3,Omnipose bact_fluor,9,7,0.7169811320754716,0.3739130434782609,0.350787031542821,0.003305324207147133,0.3552666271326212,0.024982282825196253,0.3395895592488608,16.49123259751548
GT_sfGFP_00130_3,Omnipose bact_fluor,56,61,0.7142857142857143,0.3181818181818182,0.04601560997871359,0.3669624658175444,0.30211369084612466,0.043503287426053056,0.2608365756656573,13.932466177115222
GT_sfGFP_00130_3,Omnipose bact_fluor,68,69,0.7124463519313304,0.4036144578313253,0.22665002632232867,0.14567090058050905,0.07068271150186989,0.036205965957690454,0.3527952405533622,3.8607898238704954
GT_sfGFP_00130_3,Omnipose bact_fluor,6,6,0.7062937062937062,0.36893203883495146,0.20711880592014784,0.07938952695320126,0.11833473994090771,0.05115387056752936,0.2989058665046443,9.839814018618675
GT_sfGFP_00130_3,Omnipose bact_fluor,95,100,0.7,0.164,0.02670118918430432,0.14550932140958492,0.1390397054082192,0.04940830774214554,0.12269465472756633,3.7796717028372977
GT_sfGFP_00130_3,Omnipose bact_fluor,98,103,0.6960352422907489,0.40625,0.11322658310441044,0.2500744740597967,0.10947179051737056,0.08308041615443275,0.28941816478282895,1.1605362405068267
GT_sfGFP_00130_3,Omnipose bact_fluor,143,144,0.6838709677419355,0.23076923076923078,0.05869497262808451,0.1687974286583287,0.09420148721291391,0.02048444958172012,0.205557600514806,36.52931158503915
GT_sfGFP_00130_3,Omnipose bact_fluor,88,93,0.6757990867579908,0.4797297297297297,0.19059220273594396,0.22240961043831964,0.02602843386593382,0.03360444526397861,0.43000423302154517,1.6313734401447204
GT_sfGFP_00130_3,Omnipose bact_fluor,137,138,0.6696035242290749,0.4934210526315789,0.1690273296023367,0.272203598258648,0.08110043769529951,0.06196466346947188,0.40088171968703873,8.312095603436111
GT_sfGFP_00130_3,Omnipose bact_fluor,42,47,0.6679841897233202,0.4678362573099415,0.2341460462588119,0.18931938528980652,0.03769102019478343,0.06431463480713696,0.3734329044643779,11.323237036108669
GT_sfGFP_00130_3,Omnipose bact_fluor,50,53,0.6636771300448431,0.42483660130718953,0.12032229718902204,0.2406892642628998,0.09701620747511555,0.04179092916330443,0.36529135583267736,10.627487428777828
GT_sfGFP_00130_3,Omnipose bact_fluor,51,55,0.6560509554140127,0.3853211009174312,0.29128601122772174,0.057893770034742865,0.22061973309977417,0.02321087235831345,0.3531665896687584,82.68706811775081
GT_sfGFP_00130_3,Omnipose bact_fluor,17,19,0.6506550218340611,0.5033112582781457,0.1577729198805466,0.3034663875927759,0.11177385861195395,0.029679116556548524,0.458694308222937,12.57054971155848
GT_sfGFP_00130_3,Omnipose bact_fluor,31,36,0.6484375,0.3977272727272727,0.3316789034816823,0.06767525273005985,0.24726961693320287,0.043865213073115916,0.3364156680909857,5.027894414575759
GT_sfGFP_00130_3,Omnipose bact_fluor,144,143,0.6468085106382979,0.512987012987013,0.3347270950546141,0.142742680824369,0.1680031886896431,0.0255856275330567,0.47427629081037526,2.195825882805599
GT_sfGFP_00130_3,Omnipose bact_fluor,18,20,0.6390728476821192,0.5647668393782384,0.19484594662683502,0.32941540973181915,0.10122453983900379,0.06528259556797619,0.46261479864492844,1.728797338329248
GT_sfGFP_00130_3,Omnipose bact_fluor,132,132,0.6381578947368421,0.5670103092783505,0.11227157550229123,0.3675775700742335,0.18668483613553563,0.06227683748471686,0.46942186291054677,6.409654516678527
GT_sfGFP_00130_3,Omnipose bact_fluor,29,31,0.6367924528301887,0.5703703703703704,0.29641169293191794,0.2325962039044158,0.0517732318380974,0.02753402792251871,0.5271317487438966,1.6373964513409334
GT_sfGFP_00130_3,Omnipose bact_fluor,79,83,0.6353790613718412,0.5027624309392266,0.38563894446279706,0.08460789556806105,0.2775482735510346,0.011216638617525422,0.4859064878233872,3.135525041346751
GT_sfGFP_00130_3,Omnipose bact_fluor,126,126,0.6338983050847458,0.5502645502645502,0.07923329147611717,0.42723526293033653,0.2438294375797001,0.027384721222050514,0.507810987735128,4.235364231754735
GT_sfGFP_00130_3,Omnipose bact_fluor,133,136,0.625,0.5535714285714286,0.11464515734601277,0.38419793059464025,0.19473571466244707,0.015323623632269032,0.5297650847141535,2.9245609705248743
GT_sfGFP_00130_3,Omnipose bact_fluor,115,117,0.625,0.36363636363636365,0.1607707462168542,0.15265046744687039,0.007044875267322225,0.052792298450143514,0.2916468657498043,15.26906751863031
GT_sfGFP_00130_3,Omnipose bact_fluor,92,95,0.6237623762376238,0.6031746031746031,0.22049058687578263,0.33452372697070965,0.08544856699833685,0.020914048832561326,0.5696457312366874,2.0393249643454254
GT_sfGFP_00130_3,Omnipose bact_fluor,19,21,0.6123348017621145,0.5957446808510638,0.08557422469207074,0.4363931236110062,0.24423599163228915,0.046030473621602785,0.522291797412336,3.743332660009469
GT_sfGFP_00130_3,Omnipose bact_fluor,24,24,0.6108597285067874,0.37333333333333335,0.23862677506138602,0.09072423010206004,0.1356003111304188,0.0005548402843048913,0.37257135267622127,1.5654529344785144
GT_sfGFP_00130_3,Omnipose bact_fluor,45,50,0.6058091286307054,0.5294117647058824,0.15452776949576058,0.2948270499936041,0.10835368360472275,0.03261642733808241,0.47952781701234454,5.139363082226318
GT_sfGFP_00130_3,Omnipose bact_fluor,62,66,0.6045016077170418,0.6542553191489362,0.1729972886532432,0.4079921802154062,0.16690070787624087,0.08676757265103191,0.5107196005613248,1.939664290314595
GT_sfGFP_00130_3,Omnipose bact_fluor,90,94,0.6042402826855123,0.6395348837209303,0.4638609608297871,0.15859965686987995,0.2634743607508167,0.08289838760100758,0.5036200854448597,8.111336758198735
GT_sfGFP_00130_3,Omnipose bact_fluor,103,106,0.6008771929824561,0.6642335766423357,0.3642304960685292,0.20039802218761185,0.13648179258272033,0.06880862213844477,0.5497199573170408,4.152757679204565
GT_sfGFP_00130_3,Omnipose bact_fluor,7,8,0.5975975975975976,0.06201550387596899,0.337564446698858,0.16339450527167643,0.5987995000358131,0.009447562034913525,0.05198204652106083,12.176211235180329
GT_sfGFP_00130_3,Omnipose bact_fluor,22,23,0.5944700460829493,0.6821705426356589,0.1901972857599122,0.39023941589222616,0.14389041761122207,0.06479074942386506,0.5731814525195448,0.39278648956939793
GT_sfGFP_00130_3,Omnipose bact_fluor,55,60,0.5923076923076923,0.5555555555555556,0.13951983622962127,0.31059487537468217,0.1305323577555977,0.04021120381820081,0.4930047940605765,20.99862596762946
GT_sfGFP_00130_3,Omnipose bact_fluor,77,80,0.5836653386454184,0.7133105802047781,0.031313759120778675,0.447499537918723,0.28752049164475324,0.06640239270138781,0.5995426582385779,2.649442526288096
GT_sfGFP_00130_3,Omnipose bact_fluor,36,41,0.5826086956521739,0.7164179104477612,0.2446033129262909,0.39045723139912164,0.1048963716245108,0.08375821712256364,0.5726538064314206,6.767211331675177
GT_sfGFP_00130_3,Omnipose bact_fluor,139,141,0.5761316872427984,0.7163120567375887,0.18371056148046586,0.44310644807814537,0.17974826939698696,0.04302220047858673,0.6424725353488085,4.451268288696726
GT_sfGFP_00130_3,Omnipose bact_fluor,89,92,0.5741444866920152,0.7417218543046358,0.3884501645589966,0.25686170265530284,0.10469605496427663,0.07798103541016346,0.6059005807094504,0.4699987189061317
GT_sfGFP_00130_3,Omnipose bact_fluor,125,124,0.5673913043478261,0.6703703703703704,0.23919976088433553,0.44624569714465806,0.14316096958428026,0.03337852235510429,0.6146158756216591,24.116102622629896
GT_sfGFP_00130_3,Omnipose bact_fluor,65,68,0.5595854922279793,0.6403508771929824,0.33909722514987806,0.22179482985926002,0.09600825967165887,0.04481475517925079,0.5668389542235097,30.573846047809834
GT_sfGFP_00130_3,Omnipose bact_fluor,35,39,0.5545851528384279,0.8031496062992126,0.1932728171287579,0.4818928935738367,0.19476446489261603,0.07490589157510867,0.6680830773960639,0.08632626260119577
GT_sfGFP_00130_3,Omnipose bact_fluor,58,63,0.5520833333333334,0.6607142857142857,0.5048300053429535,0.12697620500444431,0.3352810810562049,0.055791976536677564,0.5680597532515891,3.395494775593099
GT_sfGFP_00130_3,Omnipose bact_fluor,84,88,0.5413223140495868,0.8257575757575758,0.5875631730377292,0.1633268290616131,0.3646751139731922,0.04384511175181513,0.7457070308167618,2.555950885914777
GT_sfGFP_00130_3,Omnipose bact_fluor,70,71,0.5408560311284046,0.7887323943661971,0.2258269632079774,0.4512016814729975,0.15530213418458857,0.05488490111963965,0.6905579937719122,7.82827577122751
GT_sfGFP_00130_3,Omnipose bact_fluor,140,142,0.5396039603960396,0.8532110091743119,0.42211129697051974,0.3087984538020318,0.08657776362687207,0.08363295873535712,0.6982214893161272,11.311005238444073
GT_sfGFP_00130_3,Omnipose bact_fluor,37,42,0.538135593220339,0.8582677165354331,0.19179245308329235,0.5454050616947823,0.22881548493422021,0.0945453162487348,0.6825772076007763,8.921335976837733
GT_sfGFP_00130_3,Omnipose bact_fluor,135,134,0.5343283582089552,0.8715083798882681,0.1540164753888767,0.6060836506425671,0.2814717496643627,0.03770122309855018,0.8009502249272944,6.945060943724728
GT_sfGFP_00130_3,Omnipose bact_fluor,127,127,0.5221518987341772,0.9151515151515152,0.3930384790792286,0.3720527841771994,0.01529510755274189,0.0472179503679139,0.8247219859620558,0.8050933106969619
GT_sfGFP_00130_3,Omnipose bact_fluor,63,67,0.521505376344086,0.2283464566929134,0.13125176884678205,0.3815611328369307,0.371183648334613,0.009140133807854183,0.23957370766949018,12.682834321861806
GT_sfGFP_00130_3,Omnipose bact_fluor,40,45,0.5194174757281553,0.7946428571428571,0.2931589856037526,0.33878422912737893,0.03407960934329565,0.07987761756861758,0.6512910613277488,14.626169708853222
GT_sfGFP_00130_3,Omnipose bact_fluor,39,44,0.5187165775401069,0.8979591836734694,0.3308450640205259,0.4164124227905014,0.06041133033936374,0.08198495042048803,0.7423550940998901,9.537803430827143
GT_sfGFP_00130_3,Omnipose bact_fluor,141,139,0.5141955835962145,0.9447852760736196,0.22087642891909512,0.5943622391377982,0.23425404908026257,0.0860478525681741,0.777440679361281,1.7851688499214409
GT_sfGFP_00130_3,Omnipose bact_fluor,49,52,0.5049019607843137,0.9519230769230769,0.3548977438056715,0.44800366928512175,0.06429950935512235,0.039210226861987774,0.8753877302597739,10.804976396515416
GT_sfGFP_00130_4,Cellpose-SAM cpsam_v2,148,153,0.9013452914798207,0.018691588785046728,0.03626666821184006,0.0621770314748146,0.104970450704003,0.004518706205223547,0.01425734437805166,0.24582389786000916
GT_sfGFP_00130_4,Cellpose-SAM cpsam_v2,24,30,0.8676470588235294,0.026595744680851064,0.04094782894850366,0.027592096662190334,0.07048474757910678,0.000693355499698551,0.02730754048639266,6.549932464281417
GT_sfGFP_00130_4,Cellpose-SAM cpsam_v2,84,85,0.8623376623376623,0.0603448275862069,0.010075544936090915,0.045968952357573235,0.0343159396276343,0.011181163664290667,0.048488938528381445,1.2454392835596473
GT_sfGFP_00130_4,Cellpose-SAM cpsam_v2,137,140,0.8538812785388128,0.09278350515463918,0.08828034907729279,0.005913713014014635,0.0818824070073399,0.00860319494055167,0.08338207563197446,0.7107392090795469
GT_sfGFP_00130_4,Cellpose-SAM cpsam_v2,110,115,0.8482490272373541,0.1689497716894977,0.05225502481109948,0.08916746868912208,0.0338905126522452,0.027255998696295254,0.13708887823629412,0.8861526350645174
GT_sfGFP_00130_4,Cellpose-SAM cpsam_v2,78,77,0.8417508417508418,0.041044776119402986,0.006966816534100673,0.048513838373244016,0.0529136124644976,0.00131605632226868,0.03967470256002626,5.491593742061284
GT_sfGFP_00130_4,Cellpose-SAM cpsam_v2,140,146,0.833810888252149,0.02531645569620253,0.04552351560661447,0.03710646649852672,0.0858142455320734,0.0003923476973582117,0.024914175145746644,9.376255855858986
GT_sfGFP_00130_4,Cellpose-SAM cpsam_v2,68,67,0.831275720164609,0.09829059829059829,0.06350202979894055,0.03734264559200119,0.027174138427505747,0.0174288824498128,0.0825748111243141,8.936193565592825
GT_sfGFP_00130_4,Cellpose-SAM cpsam_v2,107,110,0.8272058823529411,0.027777777777777776,0.020456400752812184,0.052826263119423775,0.07736982247162504,0.012900921358209678,0.015235215346185035,2.8302848831423466
GT_sfGFP_00130_4,Cellpose-SAM cpsam_v2,160,170,0.823321554770318,0.12345679012345678,0.02056627483665391,0.08444584820677517,0.058905268046119307,0.009467381051160299,0.1128205965968446,0.2982665931403781
GT_sfGFP_00130_4,Cellpose-SAM cpsam_v2,142,147,0.8142076502732241,0.18421052631578946,0.022539729986179265,0.12231204451188865,0.08889890740600762,0.02682088909453154,0.15244894712489687,0.291450256586761
GT_sfGFP_00130_4,Cellpose-SAM cpsam_v2,27,31,0.8122270742358079,0.08755760368663594,0.04035092072244279,0.05364305811474237,0.014045585554452768,0.0043097358325048345,0.08362521799614767,0.3226347809706869
GT_sfGFP_00130_4,Cellpose-SAM cpsam_v2,109,112,0.8072289156626506,0.14285714285714285,0.010719360939376525,0.09587847031142321,0.09727158087201698,0.008840544327445653,0.1327536636257764,1.4517216627790703
GT_sfGFP_00130_4,Cellpose-SAM cpsam_v2,113,117,0.8008130081300813,0.18226600985221675,0.15218926648832795,0.002904441424013122,0.15554548064965787,0.0233527093973605,0.15465689529376098,4.209628475505988
GT_sfGFP_00130_4,Cellpose-SAM cpsam_v2,85,84,0.7958115183246073,0.24183006535947713,0.12312065759426276,0.09966914771483758,0.02132596874992675,0.029476536881762206,0.20522521563702734,0.14458405194148585
GT_sfGFP_00130_4,Cellpose-SAM cpsam_v2,69,68,0.7950819672131147,0.25773195876288657,0.09804489502952504,0.10927627238128004,0.010124959517654318,0.018241849418109107,0.2347886017627906,0.44140754461593423
GT_sfGFP_00130_4,Cellpose-SAM cpsam_v2,123,126,0.7928730512249443,0.14666666666666667,0.10653763659643321,0.005917546784287381,0.11312460351447143,0.019188891888644394,0.12466340396768777,0.26595005750352485
GT_sfGFP_00130_4,Cellpose-SAM cpsam_v2,94,92,0.7862903225806451,0.2717948717948718,0.04434147025720186,0.21379790096848608,0.139608439408303,0.018813471092318148,0.2478679957390005,0.9718654649038518
GT_sfGFP_00130_4,Cellpose-SAM cpsam_v2,15,19,0.783625730994152,0.08904109589041095,0.06209381956346294,0.081437738779337,0.13272290506969908,0.004407135042726807,0.08424154471374272,0.6089332496508957
GT_sfGFP_00130_4,Cellpose-SAM cpsam_v2,63,63,0.782608695652174,0.0044444444444444444,0.10931222521254857,0.0431278205048124,0.14613745575646603,0.019013708367320015,0.014653769293396993,6.229051876911031
GT_sfGFP_00130_4,Cellpose-SAM cpsam_v2,95,96,0.7789473684210526,0.13924050632911392,0.051527355130871116,0.0745793067906032,0.02145207107010119,0.0043468101585696734,0.13428844412314847,9.822213174731631
GT_sfGFP_00130_4,Cellpose-SAM cpsam_v2,173,181,0.775,0.0547945205479452,0.12297156882567632,0.052135969228515405,0.16643052150625576,0.02807028261913893,0.028262335606567313,8.160207165853592
GT_sfGFP_00130_4,Cellpose-SAM cpsam_v2,57,58,0.7735849056603774,0.017167381974248927,0.0847664950344699,0.08660792085734768,0.1577150438555619,0.004648334947730537,0.021895516663571403,6.100833591686833
GT_sfGFP_00130_4,Cellpose-SAM cpsam_v2,36,35,0.773109243697479,0.22105263157894736,0.03072807345557468,0.23445074760476967,0.21481522982984633,0.03271981194514779,0.1811000190985564,2.5107879689067594
GT_sfGFP_00130_4,Cellpose-SAM cpsam_v2,146,151,0.7709677419354839,0.06390977443609022,0.04987725619706064,0.03509043435618859,0.014285536171599597,0.005176949325763618,0.06941758142553046,5.06094531219714
GT_sfGFP_00130_4,Cellpose-SAM cpsam_v2,8,8,0.7671232876712328,0.015625,0.09191500436553168,0.0812090714629736,0.18842597423569202,0.008112067646562277,0.007386181296460188,1.5006931795256209
GT_sfGFP_00130_4,Cellpose-SAM cpsam_v2,4,6,0.7596153846153846,0.14035087719298245,0.18968604343026307,0.048256002306406684,0.2500063528777552,0.0024326224935892755,0.13757683399853854,3.5407920123978003
GT_sfGFP_00130_4,Cellpose-SAM cpsam_v2,11,13,0.7594339622641509,0.14367816091954022,0.2134748348748721,0.08281213441337797,0.32303847489167165,0.007944622401027114,0.1527642520563471,10.738082229340606
GT_sfGFP_00130_4,Cellpose-SAM cpsam_v2,129,134,0.7581699346405228,0.28936170212765955,0.08196440974503906,0.16043828420287848,0.06762434118738528,0.04384397867380708,0.23283095515675087,4.330916828940327
GT_sfGFP_00130_4,Cellpose-SAM cpsam_v2,155,161,0.7543103448275862,0.2994350282485876,0.12258475726592202,0.14406783273753293,0.01877779870814655,0.026725729078961955,0.2647066797279025,2.663347906311158
GT_sfGFP_00130_4,Cellpose-SAM cpsam_v2,91,93,0.7540106951871658,0.21621621621621623,0.05283122754057438,0.1372078401739824,0.07419629873506604,0.042345343944326694,0.16471512222987295,4.851041507521541
GT_sfGFP_00130_4,Cellpose-SAM cpsam_v2,101,104,0.7539267015706806,0.2789115646258503,0.21656752309859525,0.03436100571177168,0.17615369912503837,0.03139343482049367,0.23876213778059313,1.6927395186072265
GT_sfGFP_00130_4,Cellpose-SAM cpsam_v2,168,176,0.7525773195876289,0.1888412017167382,0.005109007991912971,0.1920344222138975,0.15681209429742696,0.004055437537409892,0.18401993048127666,5.788092210156266
GT_sfGFP_00130_4,Cellpose-SAM cpsam_v2,108,111,0.7522935779816514,0.32926829268292684,0.2075449439233309,0.10297769106694066,0.09480450393809803,0.02870284181578538,0.2911145151473097,2.6582983362301755
GT_sfGFP_00130_4,Cellpose-SAM cpsam_v2,105,107,0.7515151515151515,0.10948905109489052,0.12118394734941286,0.02994186998810712,0.1557904755003365,0.002743286380674855,0.10644540489151402,2.2201238971020167
GT_sfGFP_00130_4,Cellpose-SAM cpsam_v2,102,103,0.75,0.3333333333333333,0.16172434358413007,0.14926451718031936,0.010841565381641181,0.044024278567796664,0.2746342952429378,2.2814824212755926
GT_sfGFP_00130_4,Cellpose-SAM cpsam_v2,44,42,0.7478632478632479,0.29775280898876405,0.12950106456062482,0.14479857690652578,0.013362623481973557,0.017802387398895628,0.27464971073514105,5.119739879669008
GT_sfGFP_00130_4,Cellpose-SAM cpsam_v2,143,150,0.746606334841629,0.13526570048309178,0.06820810130459326,0.07465032596386623,0.006961935406724392,0.07731891325321295,0.0684053841916661,6.139655017706106
GT_sfGFP_00130_4,Cellpose-SAM cpsam_v2,19,24,0.744,0.24742268041237114,0.2693796186180137,0.021528572434784052,0.2973088256411131,0.025787329859919703,0.21525498027783213,0.7463092432914439
GT_sfGFP_00130_4,Cellpose-SAM cpsam_v2,121,125,0.7429906542056075,0.15346534653465346,0.10117840587406338,0.23330545048913742,0.43626742433032234,0.021227500768977843,0.13549553152725144,1.2132708455083336
GT_sfGFP_00130_4,Cellpose-SAM cpsam_v2,169,177,0.740909090909091,0.3496932515337423,0.15487547689968098,0.16789313246662052,0.01114627289523136,0.03253429858718844,0.30578192828723033,4.365955221199403
GT_sfGFP_00130_4,Cellpose-SAM cpsam_v2,81,80,0.7372262773722628,0.3564356435643564,0.1144619209471825,0.19391063550868923,0.0665449424760806,0.05184031782973003,0.2861175886864058,31.030484978052723
GT_sfGFP_00130_4,Cellpose-SAM cpsam_v2,161,169,0.734982332155477,0.043824701195219126,0.10813121309462086,0.15832711895827792,0.31658181943929153,0.0013956567861491461,0.04249020865069404,3.151890747037084
GT_sfGFP_00130_4,Cellpose-SAM cpsam_v2,66,65,0.7341269841269841,0.051643192488262914,0.06173752106911858,0.017361004928397695,0.08049601775853873,0.006345618927274392,0.0583165194352557,11.545442544339426
GT_sfGFP_00130_4,Cellpose-SAM cpsam_v2,145,149,0.7304347826086957,0.09569377990430622,0.09699245314463051,0.0048632769155854145,0.09257941556361401,0.018023317571641502,0.0793951817175108,7.153038788637722
GT_sfGFP_00130_4,Cellpose-SAM cpsam_v2,104,105,0.7297297297297297,0.34554973821989526,0.22075300739985465,0.11586342700325183,0.09399858249525471,0.0045173577588163115,0.33947140867007436,17.426598794307214
GT_sfGFP_00130_4,Cellpose-SAM cpsam_v2,172,179,0.7213930348258707,0.0,0.08120672121908422,0.10273950735274133,0.20500872386469898,0.017633505250575093,0.017633505250575093,1.3266766857191534
GT_sfGFP_00130_4,Cellpose-SAM cpsam_v2,100,100,0.7205387205387206,0.3878504672897196,0.13604771675137986,0.1925896066104783,0.047411020141118886,0.029583054724362606,0.3467936109666556,2.8342234510200153
GT_sfGFP_00130_4,Cellpose-SAM cpsam_v2,120,124,0.7161016949152542,0.0049504950495049506,0.28236211936962335,0.22913149683211673,0.6635290118869271,0.031164538092028328,0.03626931303307797,7.831804309976438
GT_sfGFP_00130_4,Cellpose-SAM cpsam_v2,144,148,0.7159090909090909,0.2706766917293233,0.12782194875262967,0.10494901227431422,0.020700445200847874,0.012094427367752519,0.2553085847733069,5.027748647445168
GT_sfGFP_00130_4,Cellpose-SAM cpsam_v2,138,143,0.7147335423197492,0.28870292887029286,0.05837696725102984,0.3283841959785399,0.29115158430853383,0.0267093904148545,0.25428245921432974,4.704116868422534
GT_sfGFP_00130_4,Cellpose-SAM cpsam_v2,16,18,0.7135678391959799,0.14465408805031446,0.06766783824570764,0.040752861094452614,0.025861064770892297,0.02143673315632691,0.1691917322921478,0.26523280336682653
GT_sfGFP_00130_4,Cellpose-SAM cpsam_v2,125,128,0.7101449275362319,0.3918918918918919,0.12596092042675333,0.23151833928573803,0.0857132334060135,0.06297707999545377,0.30423460487119275,9.596281907742599
GT_sfGFP_00130_4,Cellpose-SAM cpsam_v2,18,22,0.7077625570776256,0.294478527607362,0.12873037585966854,0.10089814163875449,0.025281389047931466,0.039101469481828584,0.2438625149652403,8.330805000730999
GT_sfGFP_00130_4,Cellpose-SAM cpsam_v2,17,21,0.7038834951456311,0.4206896551724138,0.13105630101296387,0.2193339306464454,0.07239823924745539,0.04441869394546821,0.3575844761878176,2.820514031786094
GT_sfGFP_00130_4,Cellpose-SAM cpsam_v2,139,144,0.7021276595744681,0.42424242424242425,0.1792892944826233,0.18355050873735462,0.0036003653610670585,0.03697042747869185,0.3715875729848934,3.648272848974496
GT_sfGFP_00130_4,Cellpose-SAM cpsam_v2,21,25,0.696,0.12,0.09689876380696164,0.1437620813587648,0.21041163113208525,0.03519437733671878,0.08058229738287497,14.22175908384165
GT_sfGFP_00130_4,Cellpose-SAM cpsam_v2,48,49,0.6940639269406392,0.29012345679012347,0.03585632732703636,0.2477365143863283,0.16981164261550885,0.019290196935945535,0.2652367212369592,1.3195643068646488
GT_sfGFP_00130_4,Cellpose-SAM cpsam_v2,116,120,0.69,0.4492753623188406,0.12469034572037921,0.28689353132733336,0.12604242826495055,0.03037340804399846,0.4052559303710167,0.7554347103074527
GT_sfGFP_00130_4,Cellpose-SAM cpsam_v2,154,160,0.68,0.47058823529411764,0.19788486016014,0.24603215155281433,0.03864048879691661,0.044760821456966256,0.40476349785740257,6.456238343354443
GT_sfGFP_00130_4,Cellpose-SAM cpsam_v2,87,88,0.676056338028169,0.4536082474226804,0.0915072663424539,0.2891316545666578,0.15330039218580474,0.04331592996821949,0.39064385437609334,23.86271982655784
GT_sfGFP_00130_4,Cellpose-SAM cpsam_v2,93,94,0.6752577319587629,0.48091603053435117,0.15048782865722968,0.2881036707509599,0.10683599869993426,0.02384335158942229,0.445606028943909,10.77611085053129
GT_sfGFP_00130_4,Cellpose-SAM cpsam_v2,98,99,0.6709677419354839,0.19491525423728814,0.2819726853682943,0.06301290461639684,0.3681860632706513,0.0385731897690251,0.14882356137769034,13.9953811555642
GT_sfGFP_00130_4,Cellpose-SAM cpsam_v2,158,164,0.6666666666666666,0.5,0.1683986190339019,0.2773543212932904,0.08529794783100864,0.04197048629322326,0.4370442705601651,2.8934774284612677
GT_sfGFP_00130_4,Cellpose-SAM cpsam_v2,118,122,0.6666666666666666,0.06763285024154589,0.08720788176163473,0.17639914095063977,0.32006647372435043,0.017521555502597787,0.05129632747825424,0.26618861851222664
GT_sfGFP_00130_4,Cellpose-SAM cpsam_v2,80,79,0.6666666666666666,0.018018018018018018,0.16254884436183678,0.1596304753391296,0.2778292969635402,0.008241474714845215,0.026110997692956113,2.0449933818188826
GT_sfGFP_00130_4,Cellpose-SAM cpsam_v2,126,130,0.6631205673758865,0.5080213903743316,0.03422400772798608,0.28346843578172093,0.1941959935321103,0.05009498526071659,0.43247708105068405,1.1172359655045243
GT_sfGFP_00130_4,Cellpose-SAM cpsam_v2,39,39,0.6601941747572816,0.3916083916083916,0.2047850589977596,0.1682736786581417,0.031252420564293025,0.008486586478149812,0.379798386649288,2.307039867061882
GT_sfGFP_00130_4,Cellpose-SAM cpsam_v2,56,56,0.6587677725118484,0.41379310344827586,0.20649808176987516,0.21827481590870795,0.009666730351024071,0.03685966652039358,0.36168116112634013,7.391053515508897
GT_sfGFP_00130_4,Cellpose-SAM cpsam_v2,73,73,0.6569767441860465,0.4782608695652174,0.12312006636721225,0.308751178755954,0.1418383535403537,0.025980844963005848,0.43985440309816526,3.156384176883301
GT_sfGFP_00130_4,Cellpose-SAM cpsam_v2,133,137,0.6538461538461539,0.34615384615384615,0.05979742536932656,0.30974694035124195,0.3621128678648735,0.03439526823077406,0.32366463231064774,8.290744810341515
GT_sfGFP_00130_4,Cellpose-SAM cpsam_v2,162,167,0.6531365313653137,0.5310734463276836,0.20764090051238404,0.25287023219126936,0.03610057172463832,0.056830866724395815,0.44406121535417364,4.7794454161763325
GT_sfGFP_00130_4,Cellpose-SAM cpsam_v2,82,82,0.6527777777777778,0.4536082474226804,0.3324879646533997,0.08541277341466255,0.22763247060512187,0.0017360985417118509,0.4510846402641096,4.226196214672099
GT_sfGFP_00130_4,Cellpose-SAM cpsam_v2,65,64,0.651685393258427,0.5344827586206896,0.4082467548964199,0.10137118364802014,0.27863047063929003,0.00968620848729365,0.5196194387005322,18.147084151535466
GT_sfGFP_00130_4,Cellpose-SAM cpsam_v2,25,29,0.6459854014598541,0.33678756476683935,0.2713738254229856,0.000993559066802928,0.27263826671163716,0.013609456632679508,0.31859461237703984,21.41776202599801
GT_sfGFP_00130_4,Cellpose-SAM cpsam_v2,35,36,0.64453125,0.4619883040935672,0.1775441288663059,0.1980736028414662,0.01713540297229701,0.005974588403625857,0.4532535257256932,23.015128503719474
GT_sfGFP_00130_4,Cellpose-SAM cpsam_v2,164,171,0.640926640926641,0.47093023255813954,0.1604141199112166,0.2682815049995804,0.08505003397364805,0.035736673924014806,0.41836407847223406,19.675255054030156
GT_sfGFP_00130_4,Cellpose-SAM cpsam_v2,58,57,0.6376811594202898,0.1941747572815534,0.01181927021423181,0.21017718249425285,0.18344128109483582,0.011319796403179283,0.18065694215931016,8.066456807305908
GT_sfGFP_00130_4,Cellpose-SAM cpsam_v2,99,98,0.6352941176470588,0.5740740740740741,0.23670075108318167,0.2413068793038249,0.003710708687304258,0.03577627380037568,0.5177595690179272,7.486367276394543
GT_sfGFP_00130_4,Cellpose-SAM cpsam_v2,151,156,0.6348684210526315,0.23873873873873874,0.050441885397491844,0.11066947591466116,0.054226384917592574,0.016460109477819895,0.2591285139927949,0.7712585281354332
GT_sfGFP_00130_4,Cellpose-SAM cpsam_v2,96,97,0.6336633663366337,0.5384615384615384,0.10926420222264409,0.3896629704671409,0.20177465630406746,0.05243985486594232,0.457784838667781,7.582781890309101
GT_sfGFP_00130_4,Cellpose-SAM cpsam_v2,167,175,0.6325088339222615,0.03524229074889868,0.2502368811792642,0.29154139442394,0.419481929067284,0.04315099605013217,0.00942944525013683,17.555601258356088
GT_sfGFP_00130_4,Cellpose-SAM cpsam_v2,166,174,0.6301369863013698,0.5869565217391305,0.31381214239701355,0.20628239774568533,0.08914143558115499,0.04905366788286436,0.5091104835771935,1.114712984023773
GT_sfGFP_00130_4,Cellpose-SAM cpsam_v2,134,138,0.6264705882352941,0.13804713804713806,0.23362415100923423,0.012340498083156204,0.2429663236412245,0.027639785271839325,0.11422294602831358,44.71576800232567
GT_sfGFP_00130_4,Cellpose-SAM cpsam_v2,117,121,0.6254826254826255,0.19270833333333334,0.09748937322134787,0.20139225384220144,0.24877938583979453,0.008019649621212122,0.20227343626696653,1.1745646714370104
GT_sfGFP_00130_4,Cellpose-SAM cpsam_v2,119,123,0.625,0.5789473684210527,0.06231934830340986,0.44299312233232846,0.26380844658055663,0.06262721816162818,0.48006228711321863,3.4157585029426496
GT_sfGFP_00130_4,Cellpose-SAM cpsam_v2,131,133,0.6209677419354839,0.6103896103896104,0.1693609164909038,0.357060305952447,0.138313226492766,0.063495324637123,0.508137399285672,0.6322898360123008
GT_sfGFP_00130_4,Cellpose-SAM cpsam_v2,51,50,0.6150234741784038,0.6060606060606061,0.23125626428916146,0.30914195551031926,0.0594936942424987,0.009757305477756007,0.5903897821114827,5.6127100997374475
GT_sfGFP_00130_4,Cellpose-SAM cpsam_v2,165,173,0.6051502145922747,0.6524822695035462,0.2449829662227124,0.309438328443991,0.049223671570597066,0.04638468351981755,0.5758324024105143,0.6649298035017186
GT_sfGFP_00130_4,Cellpose-SAM cpsam_v2,79,78,0.6005434782608695,0.2727272727272727,0.3892105119316125,0.078080102184937,0.4334470260321984,0.01867311326368119,0.25914682671732275,14.507803940285907
GT_sfGFP_00130_4,Cellpose-SAM cpsam_v2,86,90,0.6,0.3880597014925373,0.16502459972207356,0.1796372965942105,0.012387449018716133,0.008313057291878905,0.3765206816694815,26.03345069274251
GT_sfGFP_00130_4,Cellpose-SAM cpsam_v2,37,37,0.6,0.21862348178137653,0.3380618470950389,0.11725125043122385,0.40752972740064175,0.013435661658362226,0.20812517125480198,14.255506534073673
GT_sfGFP_00130_4,Cellpose-SAM cpsam_v2,76,75,0.5970149253731343,0.4883720930232558,0.2545214206416557,0.19121510462138688,0.05314431942196536,0.013590242086794489,0.46814475596384075,19.131521063928528
GT_sfGFP_00130_4,Cellpose-SAM cpsam_v2,159,166,0.5964912280701754,0.6764705882352942,0.07640518097051185,0.5014661750381467,0.28309728259901407,0.07161734673578987,0.5564062128252935,3.0332570775855916
GT_sfGFP_00130_4,Cellpose-SAM cpsam_v2,6,16,0.5951557093425606,0.3236363636363636,0.08574959067645081,0.3057525677945586,0.3168941891786568,0.10737043143619592,0.25101490819224564,43.715214552153995
GT_sfGFP_00130_4,Cellpose-SAM cpsam_v2,112,118,0.5945945945945946,0.08906882591093117,0.31341303499732015,0.15727760484501838,0.40672232649431855,0.04141264328962134,0.12679289368487773,17.995424682258975
GT_sfGFP_00130_4,Cellpose-SAM cpsam_v2,60,59,0.593939393939394,0.6836734693877551,0.28064428928506524,0.3034716134216926,0.017512712898061666,0.04386859143327202,0.609813085852144,5.381207682951014
GT_sfGFP_00130_4,Cellpose-SAM cpsam_v2,10,11,0.5938864628820961,0.3548387096774194,0.07712579352334005,0.35034510549241965,0.31656418590851804,0.01053525787028457,0.34056513449832415,6.341542193316025
GT_sfGFP_00130_4,Cellpose-SAM cpsam_v2,40,40,0.59375,0.5,0.23746969798399928,0.16209857258881752,0.0648577729746942,0.008729914797402583,0.4869051278038961,8.339889946661284
GT_sfGFP_00130_4,Cellpose-SAM cpsam_v2,115,119,0.5925925925925926,0.6219512195121951,0.4460199578613588,0.14557349047277612,0.26226730095210987,0.03882645468117147,0.5589766039927341,56.781762854144986
GT_sfGFP_00130_4,Cellpose-SAM cpsam_v2,67,66,0.589041095890411,0.5777777777777777,0.4402550660151363,0.01945995265957586,0.41276276940333606,0.03541335385590327,0.5219033750273526,7.362157280637453
GT_sfGFP_00130_4,Cellpose-SAM cpsam_v2,157,163,0.5885416666666666,0.6991150442477876,0.27230163141952485,0.3353146171105037,0.04718961725090157,0.05775423799080236,0.6009839496085482,4.153113353649962
GT_sfGFP_00130_4,Cellpose-SAM cpsam_v2,124,127,0.5882352941176471,0.1797752808988764,0.04520977896733936,0.1319424805565836,0.09991584618131721,0.04101111130149651,0.14613695365158152,4.428704325473054
GT_sfGFP_00130_4,Cellpose-SAM cpsam_v2,75,74,0.5874125874125874,0.7023809523809523,0.2895570023548729,0.306403207505837,0.01289510394201082,0.04547914693273875,0.6249581189121233,60.75632147931163
GT_sfGFP_00130_4,Cellpose-SAM cpsam_v2,128,132,0.5849056603773585,0.7096774193548387,0.23422017808717258,0.3536424237686727,0.08822288928343193,0.07507457450635587,0.5813241145536496,1.385110645373391
GT_sfGFP_00130_4,Cellpose-SAM cpsam_v2,5,7,0.5803108808290155,0.10344827586206896,0.11864768517954646,0.0028723946941375694,0.1154436906409402,0.05803339407192117,0.1674851244931544,3.379105546305282
GT_sfGFP_00130_4,Cellpose-SAM cpsam_v2,34,34,0.5794392523364486,0.38028169014084506,0.15326962503898406,0.21106191390603093,0.04772034212573791,0.0050595666065569546,0.37329806299376644,81.5141570476501
GT_sfGFP_00130_4,Cellpose-SAM cpsam_v2,42,41,0.579136690647482,0.04888888888888889,0.04573126349527403,0.05954529130620018,0.014688668878177564,0.05156243128461187,0.0979304901995864,18.956405656684595
GT_sfGFP_00130_4,Cellpose-SAM cpsam_v2,132,136,0.5787671232876712,0.727810650887574,0.07357511344245861,0.5127440284309448,0.2903127738299538,0.057400359598591244,0.6286336982083512,3.5377732761266936
GT_sfGFP_00130_4,Cellpose-SAM cpsam_v2,163,168,0.5740740740740741,0.7419354838709677,0.36017896534448823,0.27468604543695807,0.06706978570415222,0.025324912335083404,0.6978211204485644,9.25632635260788
GT_sfGFP_00130_4,Cellpose-SAM cpsam_v2,147,152,0.573170731707317,0.30357142857142855,0.15511385273311692,0.11813768424360932,0.03306942339084198,0.00337978265224359,0.30797721667167466,14.027489514955345
GT_sfGFP_00130_4,Cellpose-SAM cpsam_v2,13,20,0.5708333333333333,0.2863636363636364,0.360091304862974,0.04936646557626956,0.3901952119409362,0.023525149742051627,0.30315203867955504,50.13312377557782
GT_sfGFP_00130_4,Cellpose-SAM cpsam_v2,28,32,0.5672131147540984,0.29285714285714287,0.45670916426479446,0.15562409313799627,0.5298723529898492,0.034164686115389815,0.2686978291041172,6.372073694237617
GT_sfGFP_00130_4,Cellpose-SAM cpsam_v2,149,154,0.5596330275229358,0.5757575757575758,0.26467760133160906,0.22571090186719572,0.03179110131520657,0.004651564202773217,0.5684278382259331,13.150424825347319
GT_sfGFP_00130_4,Cellpose-SAM cpsam_v2,47,45,0.5578512396694215,0.12994350282485875,0.12966571736432456,0.03358599158251663,0.0929576509011127,0.022233164546056745,0.15506572265091156,1.3198407816067055
GT_sfGFP_00130_4,Cellpose-SAM cpsam_v2,1,12,0.5504885993485342,0.31802120141342755,0.4122850597575912,0.12355468095627962,0.47691469742959647,0.07021863224385806,0.2701335829573689,2.965568028991453
GT_sfGFP_00130_4,Cellpose-SAM cpsam_v2,170,180,0.549618320610687,0.3360655737704918,0.20784259019943652,0.16420939558342665,0.05220589270259657,0.038541000800679334,0.31047687651758177,16.91462203302735
GT_sfGFP_00130_4,Cellpose-SAM cpsam_v2,59,61,0.5435897435897435,0.8130841121495327,0.6620325745453254,0.06749484659398228,0.5569466961347059,0.013858399104550887,0.8382105553858212,10.758437100791545
GT_sfGFP_00130_4,Cellpose-SAM cpsam_v2,92,91,0.5408163265306123,0.8490566037735849,0.20228433562859097,0.5405078049898644,0.21955323320383868,0.06410554059204905,0.730521830603381,1.965293359202499
GT_sfGFP_00130_4,Cellpose-SAM cpsam_v2,14,17,0.54,0.25,0.1250008889057906,0.31987640753968977,0.28652956726430784,0.018385928340713665,0.26378944625553524,36.78689998674622
GT_sfGFP_00130_4,Cellpose-SAM cpsam_v2,26,28,0.5379310344827586,0.08411214953271028,0.19628470003384532,0.13873254510369618,0.2942018708238763,0.011017931898379463,0.07216747569895311,20.98658103999064
GT_sfGFP_00130_4,Cellpose-SAM cpsam_v2,71,70,0.5321637426900585,0.8791208791208791,0.32404671844307026,0.4273796081148019,0.07239341874037812,0.059458690390456745,0.7673908125629879,1.1839484519624213
GT_sfGFP_00130_4,Cellpose-SAM cpsam_v2,52,53,0.525691699604743,0.19318181818181818,0.19848747814609205,0.041559299473876474,0.25045553416940436,0.0006984778763075803,0.19234840707940573,86.30363384810951
GT_sfGFP_00130_4,Cellpose-SAM cpsam_v2,61,60,0.5208333333333334,0.8627450980392157,0.3765990711359946,0.3625565309150674,0.010306023935386006,0.03908083063662094,0.7899474723435492,0.31618012476045315
GT_sfGFP_00130_4,Cellpose-SAM cpsam_v2,3,4,0.5202312138728323,0.33544303797468356,0.4182214160884505,0.07024803436237265,0.45640770622096133,0.0035096225885566813,0.3331106938493769,1.1209849306054704
GT_sfGFP_00130_4,Cellpose-SAM cpsam_v2,130,135,0.513595166163142,0.31313131313131315,0.12795671542458634,0.2284108529568392,0.13019122666150426,0.0494511567052476,0.2791648620610421,3.3950529304905035
GT_sfGFP_00130_4,Cellpose-SAM cpsam_v2,136,141,0.5128205128205128,0.038781163434903045,0.2284356694793664,0.07905476753458376,0.16220389299902502,0.07862932384546181,0.11436115062153808,17.745887866362523
GT_sfGFP_00130_4,Cellpose-SAM cpsam_v2,62,62,0.5108225108225108,0.9576271186440678,0.6367261870079785,0.23981148597604726,0.32014117107445444,0.06706445312843162,0.8263399265028161,8.403527330062776
GT_sfGFP_00130_4,Cellpose-SAM cpsam_v2,90,89,0.5102880658436214,0.2523809523809524,0.32780352576206295,0.007186226261721557,0.33259961592915593,0.010938625450657064,0.24420302763927068,25.507456899548554
GT_sfGFP_00130_4,Cellpose-SAM cpsam_v2,53,52,0.5100548446069469,0.41762452107279696,0.44121710188137003,0.036871972310090075,0.4198249017226851,0.0288627967116952,0.43443350613094894,0.9431248668824338
GT_sfGFP_00130_4,Cellpose-SAM cpsam_v2,141,145,0.5048076923076923,0.9809523809523809,0.2802738222429226,0.5142939933434604,0.15454077750373754,0.056828460663967545,0.8683779064942357,4.301789116776813
GT_sfGFP_00130_4,MicroSAM DeepBacs,158,147,0.88,0.10897435897435898,0.047993227277062345,0.054140166857986206,0.005831235517042854,0.004112522539399368,0.10441367692746095,1.2438831310574623
GT_sfGFP_00130_4,MicroSAM DeepBacs,137,125,0.88,0.061855670103092786,0.02531974891842337,0.08651404777087277,0.1224253054098911,0.008854568494278906,0.05354880687650123,1.7482202129576674
GT_sfGFP_00130_4,MicroSAM DeepBacs,131,120,0.8713450292397661,0.07792207792207792,0.028095569161488112,0.036423229950691124,0.008035000131750415,0.007173809139933039,0.0701892706673449,0.8824620553821065
GT_sfGFP_00130_4,MicroSAM DeepBacs,91,80,0.8701298701298701,0.05405405405405406,0.07946550749343716,0.009639953217377048,0.08825468963155186,0.009509544309096047,0.0450585391670713,1.7726915258462286
GT_sfGFP_00130_4,MicroSAM DeepBacs,162,151,0.8688524590163934,0.06779661016949153,0.0025069748073331443,0.08800817893669596,0.09924996217454701,0.015951153270880893,0.052926891018670354,3.9135434136205007
GT_sfGFP_00130_4,MicroSAM DeepBacs,102,89,0.8641975308641975,0.026143790849673203,0.07568444011739034,0.046223224186117004,0.11652165760164844,0.004490038032134364,0.021771139432758036,3.8428165689809206
GT_sfGFP_00130_4,MicroSAM DeepBacs,85,75,0.85,0.06535947712418301,0.004392577824313562,0.04309464681020343,0.040445033416187375,0.00541091820143764,0.06030221370715306,6.215316776125491
GT_sfGFP_00130_4,MicroSAM DeepBacs,148,138,0.8486238532110092,0.11682242990654206,0.019965813918440423,0.14580267949804113,0.19406346688031012,0.017372537715303542,0.10147939426078333,5.603995269096913
GT_sfGFP_00130_4,MicroSAM DeepBacs,17,16,0.8404907975460123,0.06896551724137931,0.024788393045135023,0.0629536409027454,0.08254549452727093,0.009737886539457433,0.058556052319890334,0.911301797180407
GT_sfGFP_00130_4,MicroSAM DeepBacs,94,82,0.8364485981308412,0.015384615384615385,0.0476685033817151,0.027949983635226192,0.07779279434584616,0.0021018929600058454,0.013250385609840218,3.8446539516429694
GT_sfGFP_00130_4,MicroSAM DeepBacs,100,88,0.8286852589641435,0.14485981308411214,0.04001317693161786,0.07701173317968567,0.03435297416754801,0.005617808060776442,0.13842821039770922,0.2347047550637686
GT_sfGFP_00130_4,MicroSAM DeepBacs,128,118,0.8284023668639053,0.0064516129032258064,0.011873717253174492,0.02179686450802467,0.010144260322636954,0.004781884930698777,0.0017005788430476667,0.08439544810555723
GT_sfGFP_00130_4,MicroSAM DeepBacs,97,85,0.8265765765765766,0.135632183908046,0.035787969856932875,0.09866334917004717,0.06975793035290252,0.022590323032097362,0.11610583572398021,0.33889493285403677
GT_sfGFP_00130_4,MicroSAM DeepBacs,84,76,0.8060941828254847,0.12643678160919541,0.0666390435123791,0.062390257785406335,0.0045315076579060375,0.01302335360957246,0.11506005891577578,2.846687696655293
GT_sfGFP_00130_4,MicroSAM DeepBacs,65,62,0.8015873015873016,0.04310344827586207,0.0014736576169439332,0.05918744832312827,0.061344622372774854,0.0135018346868188,0.030183589222095804,1.2102499517318357
GT_sfGFP_00130_4,MicroSAM DeepBacs,78,70,0.8006872852233677,0.04477611940298507,0.09542988229082575,0.0408903596239927,0.13096503455374717,0.017116580196138004,0.028425953245480116,5.8627515975744755
GT_sfGFP_00130_4,MicroSAM DeepBacs,79,73,0.7973333333333333,0.02346041055718475,0.0055946508540554276,0.10129797032902647,0.11894111468983407,0.0004211449493398975,0.02304914584126045,2.649438256236062
GT_sfGFP_00130_4,MicroSAM DeepBacs,24,27,0.7958115183246073,0.17553191489361702,0.11173877976554152,0.08970250485226869,0.024207772767403463,0.03243323385035491,0.14879174868720738,4.35034085249844
GT_sfGFP_00130_4,MicroSAM DeepBacs,107,98,0.7949640287769785,0.01984126984126984,0.07357844355214462,0.0928268725261438,0.18343281016454477,0.0052788712494773885,0.014667138100710655,3.2176727265530647
GT_sfGFP_00130_4,MicroSAM DeepBacs,154,142,0.7935779816513762,0.09090909090909091,0.08783167643058806,0.006495832197518159,0.09494425054778372,0.0075811344308442255,0.0991794193791028,2.90048974532365
GT_sfGFP_00130_4,MicroSAM DeepBacs,39,40,0.7926829268292683,0.055944055944055944,0.07639280293725755,0.022751237521103303,0.10145220364042346,0.011983157387451048,0.06859759975877698,0.25296510235277225
GT_sfGFP_00130_4,MicroSAM DeepBacs,144,133,0.7908496732026143,0.06015037593984962,0.08099797658003566,0.029851769557988357,0.11426062807692738,0.01876620768950416,0.08004537807684275,6.994078597260541
GT_sfGFP_00130_4,MicroSAM DeepBacs,155,143,0.785,0.01694915254237288,0.02167127217447928,0.02716789011046343,0.05020307387930315,0.017997531034358773,0.03525172647561909,0.16851202064649065
GT_sfGFP_00130_4,MicroSAM DeepBacs,36,37,0.780952380952381,0.031578947368421054,0.1221692440541047,0.08898851305533675,0.19390264872216464,0.005271408522303002,0.026474004378401302,0.3826022841095045
GT_sfGFP_00130_4,MicroSAM DeepBacs,119,109,0.7731958762886598,0.08906882591093117,0.09284059274628617,0.14368591800751762,0.20681072227056052,0.003454386351156839,0.08530676142323405,2.067858225866609
GT_sfGFP_00130_4,MicroSAM DeepBacs,99,86,0.773109243697479,0.046296296296296294,0.10570543470978322,0.166592678277502,0.3267287266261299,0.005358336401767418,0.05140656156835226,4.653780159424477
GT_sfGFP_00130_4,MicroSAM DeepBacs,4,5,0.7708333333333334,0.011695906432748537,0.05785932515618154,0.07496751637814425,0.14359154287669773,0.012657853356193741,0.0008139018549517086,2.9843881933296244
GT_sfGFP_00130_4,MicroSAM DeepBacs,19,20,0.7614213197969543,0.211340206185567,0.09608797084318194,0.1306987405854829,0.03981447095292573,0.02648327829275644,0.19045390938767146,5.478569534175386
GT_sfGFP_00130_4,MicroSAM DeepBacs,113,105,0.7605633802816901,0.15270935960591134,0.03759784296940638,0.20633412136949622,0.30734843327246875,0.026005668526583755,0.1306750000661458,7.277555464531798
GT_sfGFP_00130_4,MicroSAM DeepBacs,126,116,0.7601809954751131,0.08021390374331551,0.11719149826315092,0.06885526081661314,0.1740616956290443,0.007205440553128201,0.0724304866752305,0.3031023011421895
GT_sfGFP_00130_4,MicroSAM DeepBacs,108,97,0.7591623036649214,0.04878048780487805,0.1438009560247546,0.07669311698293077,0.23880908619156163,0.003226445465458278,0.05216432085401722,7.281365080393133
GT_sfGFP_00130_4,MicroSAM DeepBacs,125,114,0.7575757575757576,0.04054054054054054,0.0011384202740739658,0.036996765556349544,0.03723595518658025,0.007283833725018607,0.03355199737194161,11.675216022704262
GT_sfGFP_00130_4,MicroSAM DeepBacs,95,83,0.7560975609756098,0.17721518987341772,0.054978258963098665,0.13969556615980291,0.09847363777790383,0.049404158001113564,0.13656619911300782,9.383930307119341
GT_sfGFP_00130_4,MicroSAM DeepBacs,165,155,0.7555555555555555,0.24113475177304963,0.04909921241214817,0.1576909450303103,0.09380027811767937,0.007243432085370163,0.23214467648978881,1.5499609583107308
GT_sfGFP_00130_4,MicroSAM DeepBacs,141,130,0.7522123893805309,0.11428571428571428,0.06939596892442619,0.085397010164146,0.017495067715218623,0.012976018206830075,0.10279266958823623,6.159979908432004
GT_sfGFP_00130_4,MicroSAM DeepBacs,160,150,0.751937984496124,0.13991769547325103,0.10132123767554616,0.06253197930991772,0.0413766203321529,0.029930355123504244,0.11417512666332351,0.6726591396112255
GT_sfGFP_00130_4,MicroSAM DeepBacs,18,18,0.7513227513227513,0.03067484662576687,0.003403559213476097,0.02560776127928688,0.022787745205116613,0.011360376558210575,0.018965992259022228,1.8931235458901057
GT_sfGFP_00130_4,MicroSAM DeepBacs,132,121,0.7488584474885844,0.26627218934911245,0.05795915078119933,0.2687780275098476,0.2575211512232079,0.020130422742855807,0.24078159486999323,2.1180101243005063
GT_sfGFP_00130_4,MicroSAM DeepBacs,150,140,0.7475728155339806,0.10526315789473684,0.010537408775819797,0.06489189545081857,0.05104225781715432,0.012838521366697905,0.09107321322628126,6.61755690386959
GT_sfGFP_00130_4,MicroSAM DeepBacs,2,1,0.7469879518072289,0.05803571428571429,0.008202722928496707,0.07804216169120502,0.07575122837593004,0.038900671883468886,0.021392670681196716,2.561533493859864
GT_sfGFP_00130_4,MicroSAM DeepBacs,116,106,0.7446808510638298,0.01932367149758454,0.04788188232610659,0.02537624645441175,0.07144511981219906,0.02160158131697952,0.0018604879581973072,3.660770775670424
GT_sfGFP_00130_4,MicroSAM DeepBacs,172,160,0.7439613526570048,0.08670520231213873,0.01322963852519685,0.04566195449545598,0.031016061960395348,0.00985305906104602,0.0974125728524662,1.933784301912698
GT_sfGFP_00130_4,MicroSAM DeepBacs,169,159,0.7425742574257426,0.15950920245398773,0.08573144409554677,0.06781175903155719,0.016781689199828295,0.013770955968431595,0.14354165228200264,6.471958536168302
GT_sfGFP_00130_4,MicroSAM DeepBacs,37,36,0.7376425855513308,0.14979757085020243,0.21104118584619966,0.028218451687247032,0.23269339034019038,0.020911870958429307,0.13201824736327872,9.623589534733966
GT_sfGFP_00130_4,MicroSAM DeepBacs,142,132,0.734375,0.19078947368421054,0.11206543198052837,0.027613919911159746,0.08218214100940706,0.02825971041554735,0.1571381079920127,2.8077885671573606
GT_sfGFP_00130_4,MicroSAM DeepBacs,33,34,0.7310344827586207,0.2569444444444444,0.18192869157023803,0.09037407781739795,0.10065084065893741,0.03137773227191909,0.23362904615906013,6.784479041812067
GT_sfGFP_00130_4,MicroSAM DeepBacs,139,129,0.7291666666666666,0.11363636363636363,0.06923521678477962,0.06969634460341934,0.0004956745208565384,0.021572277449430462,0.09451548135164119,6.577119344744564
GT_sfGFP_00130_4,MicroSAM DeepBacs,62,59,0.7285714285714285,0.05084745762711865,0.09500660759627533,0.15636190944664685,0.21737875918380034,0.012238180422174304,0.0379869968444948,4.419271922647691
GT_sfGFP_00130_4,MicroSAM DeepBacs,35,35,0.7272727272727273,0.1111111111111111,0.11003502306995527,0.04269100100657102,0.07034721509376148,0.008864959289962865,0.10323114729781079,17.051200255928872
GT_sfGFP_00130_4,MicroSAM DeepBacs,145,135,0.7239819004524887,0.17703349282296652,0.16410539413421518,0.027430627927397706,0.14052958085196082,0.03862782449125081,0.14524408702155436,0.6476851899422463
GT_sfGFP_00130_4,MicroSAM DeepBacs,44,44,0.7214611872146118,0.11797752808988764,0.11969217530511374,0.23050526129912924,0.2845964561212159,0.02057414053311748,0.094976101314099,0.08188886144821517
GT_sfGFP_00130_4,MicroSAM DeepBacs,105,94,0.7185430463576159,0.10583941605839416,0.03861088854160385,0.1580081978251406,0.23351662790407074,0.052542446370399704,0.05885803153011706,4.215514048442369
GT_sfGFP_00130_4,MicroSAM DeepBacs,71,66,0.717741935483871,0.34065934065934067,0.012971540466398784,0.3162046554656364,0.2303844723083449,0.02099438234879706,0.3125130258620523,6.778234261002691
GT_sfGFP_00130_4,MicroSAM DeepBacs,57,56,0.7175572519083969,0.06866952789699571,0.1380698400744979,0.0469817269093362,0.1767476568383879,0.020819556249494303,0.049279640746179125,7.608609928440825
GT_sfGFP_00130_4,MicroSAM DeepBacs,70,65,0.7168141592920354,0.2823529411764706,0.0880823287131986,0.19302238089450033,0.08796151175522801,0.01865137808035818,0.2584352916381289,13.4192555295157
GT_sfGFP_00130_4,MicroSAM DeepBacs,129,119,0.7131782945736435,0.11914893617021277,0.07071654365852649,0.0710063819317227,0.0003119916730955171,0.01794149292241226,0.10334515304281133,5.1032030385595375
GT_sfGFP_00130_4,MicroSAM DeepBacs,25,28,0.7069767441860465,0.09844559585492228,0.002053808190766534,0.18284592286571666,0.22124605350924578,0.007176981836471389,0.09197515627178227,46.91109812786802
GT_sfGFP_00130_4,MicroSAM DeepBacs,64,61,0.7028301886792453,0.09883720930232558,0.2338491205873606,0.047501296296448545,0.2953814170978384,0.007253542616164639,0.10680767182822742,7.826427384317201
GT_sfGFP_00130_4,MicroSAM DeepBacs,69,64,0.7013574660633484,0.061855670103092786,0.06029421372050827,0.046424092687082495,0.014545376961662556,0.011615611858788873,0.050958549699486724,7.347574430679012
GT_sfGFP_00130_4,MicroSAM DeepBacs,11,11,0.7,0.05172413793103448,0.19213902473846328,0.13788428265207162,0.3828062761757371,0.007668534430030504,0.059789320693652774,10.36575558209541
GT_sfGFP_00130_4,MicroSAM DeepBacs,157,145,0.6993006993006993,0.1504424778761062,0.014311576361712387,0.1248830984509172,0.09829601159575906,0.002906063936310523,0.14709921848035074,3.0775143039031616
GT_sfGFP_00130_4,MicroSAM DeepBacs,16,15,0.6931216931216931,0.012578616352201259,0.03180314081946489,0.05181120446352298,0.08818322435004061,0.03615238888712074,0.049185752269348675,10.170163886323964
GT_sfGFP_00130_4,MicroSAM DeepBacs,168,158,0.6893939393939394,0.08583690987124463,0.040152779673764745,0.0440185552544644,0.004043776792894431,0.026896093083457116,0.061249494305680836,2.519857975139481
GT_sfGFP_00130_4,MicroSAM DeepBacs,146,136,0.6876971608832808,0.011278195488721804,0.06845048956896593,0.03866859777710775,0.11142784590036432,0.013418156651619826,0.02484768473415689,1.32863387382424
GT_sfGFP_00130_4,MicroSAM DeepBacs,101,90,0.6820809248554913,0.02040816326530612,0.017248024333708156,0.048005035833156545,0.06854349300468433,0.0103918165908808,0.03058790196657711,4.582764012869805
GT_sfGFP_00130_4,MicroSAM DeepBacs,110,102,0.680365296803653,0.319634703196347,0.12503135169995308,0.23668605245023955,0.14627624859823204,0.05697995234593667,0.2808675210066458,3.9882371079712766
GT_sfGFP_00130_4,MicroSAM DeepBacs,23,24,0.6802721088435374,0.03292181069958848,0.030654998234176587,0.0011535662003766705,0.03184530009638527,0.005413644616673279,0.03851368229952672,2.047622863384976
GT_sfGFP_00130_4,MicroSAM DeepBacs,138,128,0.6763636363636364,0.07112970711297072,0.11658580017770126,0.013406516902668886,0.12827262792593144,0.02108236485383861,0.051546924696434425,5.310311814408095
GT_sfGFP_00130_4,MicroSAM DeepBacs,159,148,0.6761133603238867,0.43529411764705883,0.006542320589257059,0.374902908462405,0.2774343022361075,0.043407939873732995,0.37299095688711265,5.659191877418245
GT_sfGFP_00130_4,MicroSAM DeepBacs,21,22,0.675,0.325,0.2479790324383263,0.16774873495159176,0.09640153263337838,0.018003730653702192,0.312847481808751,8.703655606837154
GT_sfGFP_00130_4,MicroSAM DeepBacs,109,99,0.6741071428571429,0.21428571428571427,0.22994331130330814,0.040583064235386726,0.1973701318051152,0.03335969344429348,0.1880745265794837,3.3990080091686496
GT_sfGFP_00130_4,MicroSAM DeepBacs,151,139,0.6702508960573477,0.0990990990990991,0.03937437139161208,0.009470308324107822,0.04931167649611679,0.03324714167290678,0.13564100255941106,0.08716597739584579
GT_sfGFP_00130_4,MicroSAM DeepBacs,83,74,0.6687116564417178,0.38596491228070173,0.05700116701851536,0.2816962558281755,0.26425716803537,0.02998426192204992,0.3444077773361062,7.290253512184745
GT_sfGFP_00130_4,MicroSAM DeepBacs,63,60,0.658008658008658,0.29777777777777775,0.32341844866960445,0.05009157329047907,0.28774023652567077,0.010487534730111863,0.2904131978339659,4.664246393525284
GT_sfGFP_00130_4,MicroSAM DeepBacs,173,161,0.657258064516129,0.1232876712328767,0.11027861041403544,0.03752785569541707,0.07558738728088917,0.03719472338634177,0.09067859867498804,13.540714335048506
GT_sfGFP_00130_4,MicroSAM DeepBacs,161,153,0.6547231270358306,0.02390438247011952,0.24654336564498044,0.1979080345576866,0.5541152627773481,0.005619314660061689,0.01815074156320377,6.081199962774921
GT_sfGFP_00130_4,MicroSAM DeepBacs,167,157,0.6491228070175439,0.3436123348017621,0.4120077382433099,0.042613765569076575,0.4360401894024929,0.05499571323451645,0.307513826995846,10.78751034181372
GT_sfGFP_00130_4,MicroSAM DeepBacs,166,156,0.6414141414141414,0.35507246376811596,0.4625306177942313,0.07363134120449133,0.5787781720679712,0.03413445082133374,0.40132711814195227,5.118264149445276
GT_sfGFP_00130_4,MicroSAM DeepBacs,27,29,0.6276595744680851,0.1152073732718894,0.2124031276005188,0.10657663075508604,0.3570309097972152,0.011941172758790565,0.12852425717800606,14.540058350899109
GT_sfGFP_00130_4,MicroSAM DeepBacs,51,48,0.6270270270270271,0.2803030303030303,0.0744355754789169,0.18895536776592087,0.09631967304390045,0.02052818213508673,0.30658532409719436,1.9563274083467956
GT_sfGFP_00130_4,MicroSAM DeepBacs,104,92,0.6239669421487604,0.05759162303664921,0.22150595669180478,0.13802450079579234,0.4171005531126145,0.014731258052521666,0.07317127814978731,12.557625667565178
GT_sfGFP_00130_4,MicroSAM DeepBacs,90,77,0.6214285714285714,0.1619047619047619,0.05865588554572346,0.014526036647850234,0.07426063489758862,0.01326565610137694,0.17731819089874273,1.5784697516194008
GT_sfGFP_00130_4,MicroSAM DeepBacs,134,123,0.6197604790419161,0.17845117845117844,0.10722986255072496,0.16940732738798495,0.07485915405649646,0.022181283687676263,0.1602281709771279,30.587536102140938
GT_sfGFP_00130_4,MicroSAM DeepBacs,140,131,0.616822429906542,0.3575949367088608,0.11219137047146285,0.2876551449448406,0.2463185818332203,0.10767995102429938,0.28842079095590895,8.123090860859701
GT_sfGFP_00130_4,MicroSAM DeepBacs,163,149,0.6153846153846154,0.3709677419354839,0.36448407175474795,0.006033862001054555,0.35630034265518346,0.031710173005017724,0.4144413662165566,12.074541395828183
GT_sfGFP_00130_4,MicroSAM DeepBacs,87,79,0.6148148148148148,0.24742268041237114,0.10076686627303293,0.10056209219154201,0.00018606317893705597,0.027814387400604938,0.21272638272708044,60.65595218122731
GT_sfGFP_00130_4,MicroSAM DeepBacs,143,134,0.6122448979591837,0.09178743961352658,0.039360798515369465,0.05978436392782188,0.021722214169691445,0.05573977154972188,0.04116387897899655,4.754780809569195
GT_sfGFP_00130_4,MicroSAM DeepBacs,117,107,0.5887850467289719,0.22916666666666666,0.24430915971831127,0.07366857303786875,0.18421115997332815,0.06653525483772263,0.17787907439592213,0.44372447410754207
GT_sfGFP_00130_4,MicroSAM DeepBacs,72,67,0.5879828326180258,0.7007299270072993,0.2068703070904596,0.2609806954327267,0.042911353471353705,0.02018397511021512,0.666402436491386,1.0509324534530236
GT_sfGFP_00130_4,MicroSAM DeepBacs,12,13,0.5875,0.2975871313672922,0.04916381152400285,0.37401759854973476,0.6760276472522522,0.06289790280171008,0.25340683502936184,89.32269375651822
GT_sfGFP_00130_4,MicroSAM DeepBacs,61,57,0.5741935483870968,0.39215686274509803,0.05983948361021911,0.31975269632412096,0.1969408461432453,0.021769244643035507,0.3618506594185192,4.5872390483159515
GT_sfGFP_00130_4,MicroSAM DeepBacs,49,47,0.572,0.4110429447852761,0.474182021974519,0.0773249509072659,0.5977261154120094,0.03770396477252022,0.3578410313025788,3.1127144595047254
GT_sfGFP_00130_4,MicroSAM DeepBacs,82,72,0.5666666666666667,0.422680412371134,0.46210676651356786,0.021057050551787106,0.4935566647042028,0.03592325564631405,0.47378772452774576,4.767944343378595
GT_sfGFP_00130_4,MicroSAM DeepBacs,164,154,0.5661375661375662,0.27906976744186046,0.16434739403091106,0.13804205116548238,0.03051812782862206,0.10642780513824426,0.2023427451328937,14.617931929220799
GT_sfGFP_00130_4,MicroSAM DeepBacs,10,10,0.5580357142857143,0.25161290322580643,0.03128747516697527,0.12139121596592234,0.08034996129458297,0.018897732921567642,0.27526554959215566,7.281650987639748
GT_sfGFP_00130_4,MicroSAM DeepBacs,38,39,0.5573122529644269,0.10576923076923077,0.2994595804185969,0.16997459853961425,0.40123450504324476,0.01595784921114572,0.09149923099387931,15.032327286541333
GT_sfGFP_00130_4,MicroSAM DeepBacs,54,53,0.5568181818181818,0.2833333333333333,0.001065660810998148,0.26069281390790494,0.20763065501063832,0.013945430201292495,0.30122996875832536,45.739390209122774
GT_sfGFP_00130_4,MicroSAM DeepBacs,9,9,0.5498652291105122,0.42032967032967034,0.35778708568926726,0.11082479273932613,0.2777431162422647,0.10538184009483086,0.35924294434063375,5.614478108631912
GT_sfGFP_00130_4,MicroSAM DeepBacs,121,111,0.5487364620938628,0.12376237623762376,0.5200359077894714,0.25816528455157556,1.0490223443784776,0.09798083654182708,0.23386955393561756,0.9859196399721339
GT_sfGFP_00130_4,MicroSAM DeepBacs,52,52,0.5473251028806584,0.13636363636363635,0.15047158488723034,0.05855861730375114,0.22203209465078708,0.02609705151309895,0.16601937671943062,86.55137179314252
GT_sfGFP_00130_4,MicroSAM DeepBacs,26,26,0.5418326693227091,0.19158878504672897,0.353881591273774,0.04862582101452684,0.38384274373377725,0.009103473345344061,0.18422943509932466,23.90829229763084
GT_sfGFP_00130_4,MicroSAM DeepBacs,6,12,0.5415282392026578,0.31272727272727274,0.1791162527386193,0.21311218482664349,0.04320302263231097,0.10041796442913388,0.24371274444688618,44.21134036768113
GT_sfGFP_00130_4,MicroSAM DeepBacs,15,17,0.5369565217391304,0.4212328767123288,0.43018417602183906,0.1366249808698893,0.2582726933621335,0.06468710938673741,0.32929743015241086,17.42034360152575
GT_sfGFP_00130_4,MicroSAM DeepBacs,118,108,0.5358851674641149,0.4492753623188406,0.44629286614609204,0.06799088244746422,0.40589944515999177,0.14444091003840137,0.36972819447160504,30.613160949339093
GT_sfGFP_00130_4,MicroSAM DeepBacs,74,68,0.5329341317365269,0.5858585858585859,0.07821021003992686,0.3759314356028809,0.2163779515892112,0.016258461195684824,0.5600749655785604,0.8214403860035729
GT_sfGFP_00130_4,MicroSAM DeepBacs,45,42,0.5316455696202531,0.7923076923076923,0.3246352827665402,0.6421938779999733,0.19337460666957756,0.010333456876253597,0.7737869580602532,29.571883001051933
GT_sfGFP_00130_4,MicroSAM DeepBacs,98,87,0.5302013422818792,0.06779661016949153,0.22086362682647806,0.23562645527368578,0.597208112773724,0.01784014486351929,0.08442725368633154,1.904884946007323
GT_sfGFP_00130_4,MicroSAM DeepBacs,66,63,0.5277777777777778,0.5821596244131455,0.6339183709536853,0.07830144366699474,0.5152705030211183,0.056170277348108956,0.49328927950087925,3.159269123443769
GT_sfGFP_00130_4,MicroSAM DeepBacs,5,6,0.5257452574525745,0.05862068965517241,0.013159561528997542,0.07910894354210517,0.10019481069346388,0.08858112711429297,0.024767750697248212,5.151179863941717
GT_sfGFP_00130_4,MicroSAM DeepBacs,48,49,0.5130111524163569,0.5123456790123457,0.22514958866126866,0.3025453356026354,0.05941885078845167,0.013934326500247122,0.5334191974849416,15.078756628197171
GT_sfGFP_00130_4,MicroSAM DeepBacs,147,137,0.5117647058823529,0.29464285714285715,0.27705814556337527,0.004023544534343636,0.27194043657179606,0.01592694143963675,0.3152625581138154,20.94909898852697
GT_sfGFP_00130_4,MicroSAM DeepBacs,89,78,0.5074626865671642,0.9705882352941176,0.5890272778780745,0.26397441139744315,0.2571672840443462,0.03800925445947493,0.8956876456239758,83.9154183799992
GT_sfGFP_00130_4,MicroSAM DeepBacs,136,126,0.5048309178743962,0.2742382271468144,0.33514357561798735,0.17991074527571232,0.18928772624202225,0.010425582767017924,0.28180471657883294,10.57270489358359
GT_sfGFP_00130_4,MicroSAM DeepBacs,96,84,0.5039370078740157,0.9384615384615385,0.7497618241176132,0.24552767579054616,0.40483576409253647,0.019579174250570285,0.9005080622219714,6.311878866150734
GT_sfGFP_00130_4,Omnipose bact_fluor,110,79,0.9043478260869565,0.0,0.05369346063258462,0.06266454458467093,0.12413699337309067,0.000530938547655527,0.000530938547655527,0.253939755576056
GT_sfGFP_00130_4,Omnipose bact_fluor,24,20,0.8476190476190476,0.06382978723404255,0.057896847611402236,0.01313312249163751,0.0719752296098699,0.007792976411821651,0.05553938679593441,4.87905665814364
GT_sfGFP_00130_4,Omnipose bact_fluor,166,129,0.8313253012048193,0.2028985507246377,0.14559509999542175,0.048977224220621965,0.09210674316268945,0.019733882611192664,0.1791606919314639,1.2281162105996197
GT_sfGFP_00130_4,Omnipose bact_fluor,113,82,0.8281938325991189,0.04433497536945813,0.1109942782029688,0.08763195448877235,0.21770406544701468,0.0034601423704685636,0.04072142767222002,3.197581412463142
GT_sfGFP_00130_4,Omnipose bact_fluor,84,58,0.8242574257425742,0.11781609195402298,0.04709585637808921,0.07000478462905155,0.021410117580833447,0.021763099734982805,0.09348894885945888,0.8021941316434887
GT_sfGFP_00130_4,Omnipose bact_fluor,129,98,0.8104089219330854,0.07234042553191489,0.023515088298806015,0.07598323752963938,0.09247200361307172,0.00553021090587574,0.06641015681582686,3.5422124400453145
GT_sfGFP_00130_4,Omnipose bact_fluor,123,89,0.8087912087912088,0.19466666666666665,0.05512105127539584,0.09287474121445599,0.034545303789441116,0.011434351738028726,0.18100642779030168,0.10272186105603744
GT_sfGFP_00130_4,Omnipose bact_fluor,36,26,0.8056872037914692,0.005263157894736842,0.13688157459342268,0.14517230115432042,0.24629819937439637,0.0028087693709280886,0.008086710262354026,3.516631638614465
GT_sfGFP_00130_4,Omnipose bact_fluor,85,57,0.8011049723756906,0.13071895424836602,0.047982465804597925,0.07098169751020961,0.021474906395767226,0.019201183071509274,0.10900781260541761,4.3648505741098145
GT_sfGFP_00130_4,Omnipose bact_fluor,78,50,0.7981072555205048,0.12686567164179105,0.017625249993905613,0.1194952645733086,0.09099637828144849,0.011123733537640516,0.11433071817773345,7.1049225159195055
GT_sfGFP_00130_4,Omnipose bact_fluor,160,126,0.7949640287769785,0.053497942386831275,0.01563532060516196,0.04526183787747322,0.02834363237872654,0.004381554391280803,0.058113900922501585,1.7437511218467354
GT_sfGFP_00130_4,Omnipose bact_fluor,102,69,0.7945945945945946,0.16993464052287582,0.14470585584967022,0.046895272968082956,0.09342919526638187,0.024923632292192046,0.14077561973658578,2.654144255162925
GT_sfGFP_00130_4,Omnipose bact_fluor,105,71,0.7928802588996764,0.021897810218978103,0.09584274798869699,0.0858153571178943,0.19871051928184513,0.012769497842708321,0.0349469321020377,1.7366963838087242
GT_sfGFP_00130_4,Omnipose bact_fluor,170,136,0.7866666666666666,0.19672131147540983,0.04941526811102459,0.14217715311754278,0.08121497155964569,0.012464939971869256,0.1818042521648122,48.11155430056287
GT_sfGFP_00130_4,Omnipose bact_fluor,15,16,0.7818181818181819,0.0136986301369863,0.07275417872722052,0.09397720817280447,0.15240846486967052,1.654529855515803e-05,0.013715402083466872,0.9873932758652693
GT_sfGFP_00130_4,Omnipose bact_fluor,140,107,0.7784615384615384,0.17088607594936708,0.02774498792365404,0.16013736839722714,0.15763575552935233,0.052785405134133136,0.12712096156600353,7.023228492004246
GT_sfGFP_00130_4,Omnipose bact_fluor,116,83,0.7744360902255639,0.28019323671497587,0.13480858104995,0.1327140893201111,0.0018490912663547486,0.01584908210582607,0.259903348994957,0.31587651663706007
GT_sfGFP_00130_4,Omnipose bact_fluor,57,38,0.7647058823529411,0.06866952789699571,0.03856087616926561,0.08477959429751881,0.13476586590321268,0.02656552797478906,0.04392824218656984,0.6254227558373462
GT_sfGFP_00130_4,Omnipose bact_fluor,81,54,0.7593984962406015,0.31683168316831684,0.10272560913487337,0.17873600085365954,0.0644846612504735,0.04112096190198872,0.2626822976934208,7.321543856378711
GT_sfGFP_00130_4,Omnipose bact_fluor,16,15,0.7549019607843137,0.25157232704402516,0.056251590960421635,0.1515591094246357,0.08276389608157711,0.010621472924186678,0.23827878545966574,1.1995105416611316
GT_sfGFP_00130_4,Omnipose bact_fluor,169,133,0.7546296296296297,0.32515337423312884,0.136396123578297,0.1638428957433423,0.0235828841379103,0.03179345578930678,0.2830221690153972,2.433677608368089
GT_sfGFP_00130_4,Omnipose bact_fluor,144,109,0.7515151515151515,0.17293233082706766,0.12127426738249976,0.022728620309374788,0.09635561684321987,0.004344592439243691,0.17802824376332343,8.048155402478855
GT_sfGFP_00130_4,Omnipose bact_fluor,107,75,0.7453183520599251,0.15079365079365079,0.04079110948227526,0.11632743022706245,0.08547998809581292,0.031045365711451802,0.12442972911805283,6.80376396592266
GT_sfGFP_00130_4,Omnipose bact_fluor,172,137,0.7435897435897436,0.03468208092485549,0.051798316989904024,0.09256384118376851,0.15908794990271916,0.02402553004957289,0.011489806252724437,4.695920059200135
GT_sfGFP_00130_4,Omnipose bact_fluor,146,112,0.7407407407407407,0.12030075187969924,0.08910208117295647,0.04288479390981737,0.0443167716444197,0.005029625848765477,0.11466605825965372,3.6215668271972623
GT_sfGFP_00130_4,Omnipose bact_fluor,168,132,0.7406015037593985,0.012875536480686695,0.006689471395077678,0.00575360361883003,0.012371892051031178,0.019830723405720955,0.006699855722385493,1.381498518733505
GT_sfGFP_00130_4,Omnipose bact_fluor,95,65,0.7287234042553191,0.056962025316455694,0.06157987285897067,0.007341903778839211,0.06943153629651583,0.012506808554122553,0.07018124701606625,7.523254139397612
GT_sfGFP_00130_4,Omnipose bact_fluor,109,76,0.7283018867924528,0.18095238095238095,0.014891880548865883,0.11806030866838695,0.0922744751062624,0.021785924054574274,0.15522424206888372,2.6811975918137474
GT_sfGFP_00130_4,Omnipose bact_fluor,137,104,0.7241379310344828,0.31958762886597936,0.21002395429797127,0.09775477058237177,0.10227164274224877,0.03725602822137121,0.27042503492437614,0.5071189489549389
GT_sfGFP_00130_4,Omnipose bact_fluor,173,138,0.723404255319149,0.1506849315068493,0.11789082875717087,0.05950556436595129,0.06207932995569313,0.05408786735393008,0.10474729074049774,11.692459272798072
GT_sfGFP_00130_4,Omnipose bact_fluor,126,95,0.7193675889328063,0.32620320855614976,0.03156544441044576,0.2071262387196737,0.19773547742884406,0.02543199969461266,0.2924752089611554,2.876897938996272
GT_sfGFP_00130_4,Omnipose bact_fluor,128,96,0.7077625570776256,0.4129032258064516,0.1351513607804166,0.2150384083180493,0.06574857797970234,0.045502179698305625,0.3486130493294908,2.4686478773846647
GT_sfGFP_00130_4,Omnipose bact_fluor,143,111,0.7068965517241379,0.08695652173913043,0.015631536454221676,0.0746822969101888,0.06381674127576455,0.060809509629929606,0.03143479555528166,6.552978116659025
GT_sfGFP_00130_4,Omnipose bact_fluor,125,91,0.7067307692307693,0.39864864864864863,0.15587450341307338,0.2118909518011283,0.046222350538059925,0.06353779793439486,0.3097815934295964,9.358126261200239
GT_sfGFP_00130_4,Omnipose bact_fluor,158,123,0.7018348623853211,0.3782051282051282,0.05732463104789433,0.30231015600188,0.18811611337355805,0.024140285995020744,0.34493486225045217,0.6415166365630335
GT_sfGFP_00130_4,Omnipose bact_fluor,80,53,0.7015503875968992,0.02252252252252252,0.12421999305473129,0.11460574261182872,0.2142692492386819,0.007290097483400141,0.029648428621161398,0.6637294696602676
GT_sfGFP_00130_4,Omnipose bact_fluor,165,128,0.6862745098039216,0.4397163120567376,0.2405478978264687,0.15465801019867,0.07438556427025554,0.01833605557147366,0.4133175937517081,0.6411740324516669
GT_sfGFP_00130_4,Omnipose bact_fluor,164,127,0.6828193832599119,0.22093023255813954,0.09564127585024368,0.11069960355910394,0.013557516056193507,0.0006847659133175515,0.22176628396393422,16.466911783949953
GT_sfGFP_00130_4,Omnipose bact_fluor,100,68,0.6788079470198676,0.3691588785046729,0.15372463332914849,0.16364602378243073,0.008526124139566743,0.02509270842045815,0.33480297398507364,5.206600839921158
GT_sfGFP_00130_4,Omnipose bact_fluor,119,86,0.6771428571428572,0.3765182186234818,0.018260181282160455,0.3269080770417446,0.23260684074491028,0.03819004471129232,0.32394892630834254,4.9587603060716265
GT_sfGFP_00130_4,Omnipose bact_fluor,27,22,0.6742081447963801,0.29493087557603687,0.15559152279409183,0.1970013416749916,0.05156897642553645,0.022600868841186596,0.2789957007709606,4.148210653726507
GT_sfGFP_00130_4,Omnipose bact_fluor,11,8,0.672,0.40229885057471265,0.17723397854253747,0.17578068132228303,0.001236027469527743,0.026514545184769964,0.36511753433859845,19.762699964735404
GT_sfGFP_00130_4,Omnipose bact_fluor,152,118,0.6650717703349283,0.32,0.21058292383492033,0.11314227330878668,0.08753656460866768,0.016523156893535805,0.29818943290053274,22.80588681766491
GT_sfGFP_00130_4,Omnipose bact_fluor,167,131,0.6641221374045801,0.07929515418502203,0.22404400205016128,0.10926131638406432,0.3004750219909624,0.0158068650612379,0.09384861144404723,17.86737637159302
GT_sfGFP_00130_4,Omnipose bact_fluor,145,110,0.6607142857142857,0.22009569377990432,0.11161707351911056,0.11983598922809847,0.00933793657591147,0.044172187028896796,0.18564561490090825,0.35652941534358473
GT_sfGFP_00130_4,Omnipose bact_fluor,92,60,0.6538461538461539,0.4339622641509434,0.2649257509804745,0.17903246243039736,0.07285065618381796,0.055605425881868384,0.3542261817543019,13.235552536599542
GT_sfGFP_00130_4,Omnipose bact_fluor,86,62,0.6524064171122995,0.30597014925373134,0.1596820611138027,0.10769062809028676,0.04693678153904014,0.00039532705129491347,0.3054538639255477,21.671655922985895
GT_sfGFP_00130_4,Omnipose bact_fluor,4,5,0.6486486486486487,0.49707602339181284,0.28694914614012595,0.1695231622504147,0.1004050092208165,0.005536250132088348,0.48878783605956366,12.482057350632303
GT_sfGFP_00130_4,Omnipose bact_fluor,121,88,0.6447368421052632,0.14356435643564355,0.16853794540663053,0.22813203710723673,0.5139091160452494,0.03727116280056427,0.1116440041361504,0.1404072106131383
GT_sfGFP_00130_4,Omnipose bact_fluor,108,74,0.6442687747035574,0.5365853658536586,0.32925418234922765,0.17533843026557167,0.13095441118936113,0.04804909797661997,0.46275382506031565,0.36327828488854247
GT_sfGFP_00130_4,Omnipose bact_fluor,117,84,0.6428571428571429,0.08333333333333333,0.13954483048904204,0.02676709826921464,0.11587948991373487,0.04759932300898962,0.03970062057509285,0.6026192374998681
GT_sfGFP_00130_4,Omnipose bact_fluor,151,117,0.6340694006309149,0.3333333333333333,0.08355194339008354,0.1613907127986353,0.06702203535017211,0.001940466061608659,0.33592062141547824,0.6666159597369511
GT_sfGFP_00130_4,Omnipose bact_fluor,134,101,0.629156010230179,0.1447811447811448,0.05647282383303253,0.08645844407910196,0.13155705005660398,0.012732570796293599,0.13020513780895682,28.714865582464483
GT_sfGFP_00130_4,Omnipose bact_fluor,65,41,0.6193181818181818,0.45689655172413796,0.3303670387287366,0.1278643404900848,0.17954526175608979,0.011418013937698486,0.44026168659076687,78.61785188495831
GT_sfGFP_00130_4,Omnipose bact_fluor,46,30,0.6172043010752688,0.36477987421383645,0.2030070109988586,0.10988045113838002,0.08390683858334533,0.03795662413017625,0.4165823109198003,2.5776880900656858
GT_sfGFP_00130_4,Omnipose bact_fluor,87,59,0.6089743589743589,0.5876288659793815,0.08285836565736408,0.4291686327434964,0.24231588851858551,0.045594677348817725,0.5152414400853822,85.15533572679476
GT_sfGFP_00130_4,Omnipose bact_fluor,131,97,0.6062992125984252,0.6493506493506493,0.1573191959100463,0.4077895561546955,0.17791747292741386,0.06720854141785393,0.538500197921202,1.4816351856548216
GT_sfGFP_00130_4,Omnipose bact_fluor,42,29,0.5936395759717314,0.0044444444444444444,0.07626950378877247,0.025123952084565297,0.09890848386398207,0.06765737804067809,0.06351363305419222,16.19556289520394
GT_sfGFP_00130_4,Omnipose bact_fluor,156,122,0.5921501706484642,0.6505681818181818,0.08863196591390173,0.6369860769712868,0.33497787108363014,0.025723050614670034,0.6081105329343088,21.97652444998252
GT_sfGFP_00130_4,Omnipose bact_fluor,6,13,0.5907590759075908,0.24727272727272728,0.038684337474692215,0.26405647737853144,0.30623564577489876,0.0744980109501074,0.19119604266664642,45.53738477033031
GT_sfGFP_00130_4,Omnipose bact_fluor,132,99,0.5827586206896552,0.7159763313609467,0.10815840090733068,0.45663510187680917,0.23923404050917202,0.05726338451697953,0.617713718876189,2.928147389259599
GT_sfGFP_00130_4,Omnipose bact_fluor,76,48,0.5782312925170068,0.6976744186046512,0.3817350502214007,0.23262279328796617,0.12097152327978956,0.03943071370967944,0.6307339046324046,16.20937014448984
GT_sfGFP_00130_4,Omnipose bact_fluor,68,43,0.5734870317002881,0.3333333333333333,0.3972073259406064,0.008828438416401047,0.4096523549447709,0.046934741615098315,0.2707536778465356,3.0510924724384454
GT_sfGFP_00130_4,Omnipose bact_fluor,163,125,0.5714285714285714,0.75,0.45882863549911995,0.19163238038144909,0.22422708506136727,0.015095491795338745,0.7235828893581572,10.66320158826541
GT_sfGFP_00130_4,Omnipose bact_fluor,61,37,0.5698324022346368,0.7549019607843137,0.30486419706011,0.35614281432447803,0.037812107045607106,0.04090600544555194,0.6831159316200608,10.973483424031109
GT_sfGFP_00130_4,Omnipose bact_fluor,14,14,0.5698198198198198,0.6401515151515151,0.037499133432186804,0.3706746347304016,0.2977904148951237,0.03048875964466841,0.6901577004778084,3.1212672125264294
GT_sfGFP_00130_4,Omnipose bact_fluor,159,124,0.5637583892617449,0.7411764705882353,0.07662698085903605,0.5593220915298968,0.309554461706673,0.07517854835363309,0.6102773511019094,4.478456190000271
GT_sfGFP_00130_4,Omnipose bact_fluor,142,108,0.5608856088560885,0.7828947368421053,0.3150292833131809,0.3176858930026311,0.002016117576698478,0.10010899020713518,0.6044109450912261,8.597281395511834
GT_sfGFP_00130_4,Omnipose bact_fluor,1,11,0.558303886925795,0.4416961130742049,0.4836437896960193,0.03532395080960944,0.5012612140381789,0.11262226837550675,0.3788186628857595,0.6355571348400396
GT_sfGFP_00130_4,Omnipose bact_fluor,3,4,0.5582255083179297,0.6677215189873418,0.27123960383705803,0.4058571672727359,0.09575479399292487,0.00442198420834418,0.6750961572082196,0.2596330877296554
GT_sfGFP_00130_4,Omnipose bact_fluor,26,21,0.5578512396694215,0.2383177570093458,0.3824973848431274,0.03956049296946235,0.40599645779823607,0.017674627234163104,0.25178020672508683,13.68190766294946
GT_sfGFP_00130_4,Omnipose bact_fluor,91,52,0.556390977443609,0.7972972972972973,0.2626784086884917,0.7380985913780287,0.27352889246208195,0.07909256995408509,0.6551444350825227,36.89348755072948
GT_sfGFP_00130_4,Omnipose bact_fluor,9,10,0.5540540540540541,0.42032967032967034,0.3804064917472343,0.08256065603880641,0.3246490764418606,0.08333250967395708,0.3720242869747117,0.3037037582218247
GT_sfGFP_00130_4,Omnipose bact_fluor,7,6,0.5485342019543974,0.6323366555924695,0.8586817905671459,0.00025087373321917774,0.8591482020171937,0.04632542396253348,0.5567179679725643,20.460838019937654
GT_sfGFP_00130_4,Omnipose bact_fluor,161,121,0.5402298850574713,0.13545816733067728,0.5262520567203123,0.21903280517366364,0.9543100745220228,0.043638911550626325,0.0859080087970976,5.495553976960521
GT_sfGFP_00130_4,Omnipose bact_fluor,99,66,0.5373134328358209,0.8611111111111112,0.46260186830691885,0.2536833537071963,0.1666437653351153,0.05461762641948429,0.7594616397192931,9.896037961552084
GT_sfGFP_00130_4,Omnipose bact_fluor,40,28,0.5268817204301075,0.7843137254901961,0.3448140896432859,0.2650268840974407,0.06307154934716745,0.03446367145563233,0.7228197234811267,21.590061560838205
GT_sfGFP_00130_4,Omnipose bact_fluor,118,85,0.5265700483091788,0.47342995169082125,0.19449849023875349,0.363868582033504,0.26625015996878637,0.16036335093887472,0.38898741423991623,3.635113513583481
GT_sfGFP_00130_4,Omnipose bact_fluor,97,64,0.5167336010709505,0.6045977011494252,0.7421394134156536,0.16474732309449644,0.49572304556763763,0.024199862323728033,0.5657666576966387,15.129492952228253
GT_sfGFP_00130_4,Omnipose bact_fluor,120,87,0.513677811550152,0.46534653465346537,0.6977476717384046,0.034419330163053194,0.6412567149830742,0.03514635240709459,0.4138449489480198,33.466426978058095
GT_sfGFP_00130_4,Omnipose bact_fluor,124,92,0.5108695652173914,0.43820224719101125,0.25354895205660866,0.18883645997472243,0.0797773678041171,0.09507852783117607,0.38478734391506964,23.174843116307393
GT_sfGFP_00130_4,Omnipose bact_fluor,75,47,0.5,1.0,0.39306673026830147,0.42714949275319825,0.023881704515163117,0.07650603894008966,0.8469879221198207,47.736370010646425
GT_mScarletI_00219_1,Cellpose-SAM cpsam_v2,75,75,0.7770114942528735,0.034210526315789476,0.10527784681019484,0.16343195859707543,0.23096306012712078,0.0009679867296617894,0.03521162838093969,8.924617284216572
GT_mScarletI_00219_1,Cellpose-SAM cpsam_v2,57,55,0.7061611374407583,0.4080267558528428,0.22914844716525581,0.1295348997257772,0.08818988015656899,0.05464349229561588,0.331087256667377,0.5360685712203731
GT_mScarletI_00219_1,Cellpose-SAM cpsam_v2,47,45,0.6494623655913978,0.5397350993377483,0.13269641044483632,0.3544112108633802,0.1636982909180219,0.022997444189235022,0.5043251273245223,1.9868851854819327
GT_mScarletI_00219_1,Cellpose-SAM cpsam_v2,96,96,0.6305609284332688,0.5779816513761468,0.2160951342044529,0.3269485779342461,0.08354012022256839,0.028552751816542123,0.5329259329133463,0.2304043746022278
GT_mScarletI_00219_1,Cellpose-SAM cpsam_v2,65,64,0.6239015817223199,0.6028169014084507,0.11692777795057281,0.44360616515968726,0.2262932890515734,0.037278716693044424,0.5430659442300217,2.007913973698993
GT_mScarletI_00219_1,Cellpose-SAM cpsam_v2,40,37,0.611969111969112,0.6257861635220126,0.11670648894617668,0.3378110394170115,0.16527337864335995,0.029442686272514864,0.5779186515632384,0.5276729502285836
GT_mScarletI_00219_1,Cellpose-SAM cpsam_v2,92,89,0.6081730769230769,0.6442687747035574,0.10247068566926304,0.46455400602238334,0.24723111531852002,0.06734852453357805,0.5335296987906385,0.015822897874955392
GT_mScarletI_00219_1,Cellpose-SAM cpsam_v2,67,65,0.6033402922755741,0.6482758620689655,0.2134754477795263,0.3532723107701449,0.10330283260658771,0.07248042239749253,0.5288081313586157,1.32039609880552
GT_mScarletI_00219_1,Cellpose-SAM cpsam_v2,88,86,0.5972222222222222,0.6744186046511628,0.23723292814380934,0.3622236897974943,0.09175494640844604,0.05343532277823847,0.5849455060457402,1.24908102736402
GT_mScarletI_00219_1,Cellpose-SAM cpsam_v2,76,76,0.59625,0.6771488469601677,0.13572059539826115,0.45149950426646107,0.21755357679421602,0.05122377117952773,0.5912389581894714,2.133799820158749
GT_mScarletI_00219_1,Cellpose-SAM cpsam_v2,25,24,0.5919282511210763,0.6893939393939394,0.21050058171791736,0.41341352318911034,0.14356233200129342,0.035731125435650844,0.6290299926352262,1.9708334364731328
GT_mScarletI_00219_1,Cellpose-SAM cpsam_v2,17,16,0.5882352941176471,0.7,0.1712977705811585,0.33762122663978117,0.12434271581981504,0.042249059746243364,0.6281765984313863,2.006780998575668
GT_mScarletI_00219_1,Cellpose-SAM cpsam_v2,9,7,0.5834146341463414,0.7140468227424749,0.1800200316211551,0.36493203214517733,0.13547341271887928,0.04126741830382863,0.6433125355160128,2.81918293923994
GT_mScarletI_00219_1,Cellpose-SAM cpsam_v2,27,25,0.5661764705882353,0.7366167023554604,0.20038337423113184,0.3974084076888958,0.14099316447051724,0.011111475799124103,0.717320327894883,6.425188962988226
GT_mScarletI_00219_1,Cellpose-SAM cpsam_v2,18,17,0.5651282051282052,0.7545126353790613,0.03725743944111045,0.5357716664775382,0.3246017867876318,0.0427297236292235,0.6795427953653335,0.43108721673711425
GT_mScarletI_00219_1,Cellpose-SAM cpsam_v2,86,84,0.5612745098039216,0.7816593886462883,0.15987821309938077,0.522781093806003,0.23831585654875148,0.0354009215210325,0.7185870044516102,7.013098377018913
GT_mScarletI_00219_1,Cellpose-SAM cpsam_v2,58,56,0.5570987654320988,0.7643835616438356,0.26324103410586325,0.3597323287061697,0.07096344814579877,0.03189170982856732,0.7081143530695962,3.056687063109035
GT_mScarletI_00219_1,Cellpose-SAM cpsam_v2,60,58,0.5555555555555556,0.8,0.15578260400572336,0.5679012948836698,0.2628473439130131,0.05273494569845087,0.7050770977427884,1.8264909158167983
GT_mScarletI_00219_1,Cellpose-SAM cpsam_v2,15,14,0.555,0.7043478260869566,0.062064067233985096,0.6114601779374247,0.34093061573922023,0.03154778182691088,0.6505794327123954,4.825000112930014
GT_mScarletI_00219_1,Cellpose-SAM cpsam_v2,23,22,0.5536294691224268,0.8062622309197651,0.1443923431905734,0.571612936300183,0.2718357575468628,0.03843545289929774,0.7368377240194681,1.5392187487081879
GT_mScarletI_00219_1,Cellpose-SAM cpsam_v2,6,5,0.5529225908372828,0.8085714285714286,0.253920874772873,0.4422940724347164,0.1306066503787631,0.04036804367645257,0.7355629381508729,1.5095525592585113
GT_mScarletI_00219_1,Cellpose-SAM cpsam_v2,82,81,0.5523385300668151,0.8104838709677419,0.20404185505609973,0.5216032041553782,0.2087018141339631,0.03527899926802819,0.7466118118090941,3.8722550355838794
GT_mScarletI_00219_1,Cellpose-SAM cpsam_v2,90,88,0.5478158205430933,0.8133047210300429,0.281749523578294,0.42117315889261425,0.0981046077614919,0.04305153287406407,0.7352391732219224,0.2090555623713443
GT_mScarletI_00219_1,Cellpose-SAM cpsam_v2,99,97,0.5470980019029495,0.8131487889273357,0.1354207259149261,0.5496501630454308,0.2673051292534602,0.07273657006782354,0.6812665649981331,0.9114837902478864
GT_mScarletI_00219_1,Cellpose-SAM cpsam_v2,95,93,0.5398230088495575,0.8524590163934426,0.1103180725990495,0.4661878507472452,0.24271772403981248,0.05904648660690592,0.7430778198921251,1.3422569624807001
GT_mScarletI_00219_1,Cellpose-SAM cpsam_v2,64,63,0.5397815912636506,0.8526011560693642,0.1477156033765663,0.6221638912673795,0.29247863945493924,0.03183131354754939,0.7936304277919678,0.4000227207584715
GT_mScarletI_00219_1,Cellpose-SAM cpsam_v2,100,98,0.5368421052631579,0.8627450980392157,0.2098317234185455,0.46786509614653515,0.17578820656297597,0.03149165931517908,0.8040841640207449,2.751576086608296
GT_mScarletI_00219_1,Cellpose-SAM cpsam_v2,56,54,0.5363924050632911,0.8309037900874635,0.05486300724577414,0.572151097111135,0.32903204457630697,0.033367302365047,0.7698114697223046,2.3033382925466954
GT_mScarletI_00219_1,Cellpose-SAM cpsam_v2,74,72,0.5311475409836065,0.8827160493827161,0.1081200854692242,0.6000152590754092,0.3074315515530979,0.04491164821634934,0.7981601684815646,2.370765497676458
GT_mScarletI_00219_1,Cellpose-SAM cpsam_v2,78,74,0.5292864749733759,0.8893360160965795,0.21271724296615535,0.5477999776838761,0.21648968829883156,0.060719812037212835,0.7746158883240587,2.8414154857544296
GT_mScarletI_00219_1,Cellpose-SAM cpsam_v2,37,34,0.5279805352798054,0.8940092165898618,0.2640526086777887,0.4929278904708878,0.15330632058920748,0.029439780153556614,0.8382500016446462,0.28305836673838086
GT_mScarletI_00219_1,Cellpose-SAM cpsam_v2,93,91,0.5274463007159904,0.8699551569506726,0.2696138339830543,0.3761948201807553,0.07744614689343343,0.06987845459790808,0.739285580415571,3.2047906831532873
GT_mScarletI_00219_1,Cellpose-SAM cpsam_v2,7,6,0.5268630849220104,0.8980263157894737,0.20809112139986774,0.592170016869361,0.24122982558401443,0.041787501984258506,0.8187125373522461,4.091566911983633
GT_mScarletI_00219_1,Cellpose-SAM cpsam_v2,13,12,0.5231388329979879,0.9115384615384615,0.09598801095051146,0.7684927458056507,0.38026999909958603,0.04569304875984629,0.8241944414090631,0.13444222305073392
GT_mScarletI_00219_1,Cellpose-SAM cpsam_v2,52,50,0.5197368421052632,0.9240506329113924,0.09512330727121193,0.7679524702078688,0.3805697122941027,0.03329387150103886,0.859991538377748,4.901696729119727
GT_mScarletI_00219_1,Cellpose-SAM cpsam_v2,30,28,0.517464424320828,0.9325,0.13653786441610488,0.6791589523068554,0.32315051957724966,0.05192306454568215,0.8321586777654693,2.35515947280886
GT_mScarletI_00219_1,Cellpose-SAM cpsam_v2,21,19,0.516260162601626,0.937007874015748,0.2837648462676631,0.5311196380730595,0.16155157680342788,0.036809661784184725,0.8657072692999257,0.46257939676282656
GT_mScarletI_00219_1,Cellpose-SAM cpsam_v2,5,4,0.5143824027072758,0.944078947368421,0.4219160415915512,0.389217528422754,0.023537360060466236,0.02045595085165324,0.9043109639693189,3.349723834326692
GT_mScarletI_00219_1,Cellpose-SAM cpsam_v2,94,92,0.5130023640661938,0.9493087557603687,0.2308094567364321,0.579123798357496,0.22057443626861817,0.047064653986859065,0.8575652136569522,1.687822373855359
GT_mScarletI_00219_1,Cellpose-SAM cpsam_v2,28,26,0.5107832009080591,0.9577777777777777,0.20463002940782926,0.5652492469691899,0.23039092225064584,0.03737873744337873,0.8845985162497407,0.49497530300592063
GT_mScarletI_00219_1,Cellpose-SAM cpsam_v2,41,38,0.5090403337969402,0.9644808743169399,0.18916279151452114,0.664836446637839,0.2857179491018157,0.041562194716797875,0.8828327377011539,0.0035098456267296063
GT_mScarletI_00219_1,Cellpose-SAM cpsam_v2,16,15,0.5081374321880651,0.78,0.29755391282555993,0.3464047154360966,0.03628240606296002,0.015558526580246335,0.7523058226871615,6.515673775786284
GT_mScarletI_00219_1,Cellpose-SAM cpsam_v2,32,29,0.5078459343794579,0.9691011235955056,0.2621257752648884,0.5721164615175568,0.19718048493267215,0.030212720956541393,0.9096092208131025,0.07198061067101563
GT_mScarletI_00219_1,MicroSAM DeepBacs,13,13,0.8557046979865772,0.12692307692307692,0.02009927721008003,0.1590223498230441,0.15454544691090036,0.0052808290360527865,0.12097198881706359,0.5926260853486616
GT_mScarletI_00219_1,MicroSAM DeepBacs,74,74,0.8434782608695652,0.037037037037037035,0.008568151210809906,0.04743525862516816,0.04080258876500253,0.0046219074285803585,0.032586311365070765,2.9286184220250533
GT_mScarletI_00219_1,MicroSAM DeepBacs,57,56,0.8301886792452831,0.05351170568561873,0.09423484632828572,0.14682182766006696,0.28253966381632656,0.008992322295231399,0.04500057789447998,2.2802951932733837
GT_mScarletI_00219_1,MicroSAM DeepBacs,3,2,0.8289473684210527,0.028368794326241134,0.08933742424950913,0.11389269564298479,0.22935159082111795,0.003579564143190959,0.024890778102005948,1.8709341899995449
GT_mScarletI_00219_1,MicroSAM DeepBacs,7,7,0.8059299191374663,0.20394736842105263,0.07127027723099,0.11776906333909104,0.04159963594733609,0.009586215123130189,0.19240606995044193,2.1800629150134276
GT_mScarletI_00219_1,MicroSAM DeepBacs,60,61,0.8053097345132744,0.14736842105263157,0.029725199470560258,0.17793131018458735,0.1762891501904359,0.012156600588578002,0.13342032142994734,0.18242963335138898
GT_mScarletI_00219_1,MicroSAM DeepBacs,4,3,0.7979539641943734,0.031791907514450865,0.08540271572243521,0.042686818909840885,0.13380107697505178,0.0011698673377530746,0.03058484786249177,0.6562135464590995
GT_mScarletI_00219_1,MicroSAM DeepBacs,17,17,0.7938144329896907,0.06666666666666667,0.00010314547821225437,0.12758531966554643,0.1461256637021076,0.007273760256208205,0.05987782376087234,2.7810455587779206
GT_mScarletI_00219_1,MicroSAM DeepBacs,67,68,0.7929447852760736,0.015517241379310345,0.11923882813437066,0.053808631793077155,0.18288843646437078,0.005107253700274964,0.010330737190582839,0.5220564354404233
GT_mScarletI_00219_1,MicroSAM DeepBacs,92,93,0.7913669064748201,0.03162055335968379,0.003887303284928758,0.035518416198759395,0.040856891562803345,0.0027977334086532212,0.02891128582956506,1.7360186877816157
GT_mScarletI_00219_1,MicroSAM DeepBacs,93,92,0.7871485943775101,0.004484304932735426,0.06332368286246126,0.1408365092394359,0.23762670818468645,0.0017168016549072183,0.0027752019399578365,0.2284617983727164
GT_mScarletI_00219_1,MicroSAM DeepBacs,78,79,0.7802013422818792,0.13480885311871227,0.12543211797363837,0.003338402531476275,0.12168747367200655,0.011345009809505728,0.12193443554816653,2.1733837135010936
GT_mScarletI_00219_1,MicroSAM DeepBacs,76,77,0.7771929824561403,0.12368972746331237,0.07607544691178642,0.016946894462930025,0.05814320567848669,0.005403295176438999,0.1176181001790958,0.9764208058949699
GT_mScarletI_00219_1,MicroSAM DeepBacs,25,25,0.7685774946921444,0.10353535353535354,0.17492305595215926,0.044404869725270434,0.2295197188943123,0.012115297181000548,0.09016569477753222,0.4463009342417797
GT_mScarletI_00219_1,MicroSAM DeepBacs,28,28,0.7665505226480837,0.25333333333333335,0.1075281851269388,0.095764451956631,0.010735640446541446,0.008044717128769072,0.24325062119860943,3.301344363942419
GT_mScarletI_00219_1,MicroSAM DeepBacs,96,95,0.7559055118110236,0.045871559633027525,0.12083098736415702,0.10104588385950397,0.24681668089607395,0.0023707202078120646,0.04835102847422546,0.2841950071149888
GT_mScarletI_00219_1,MicroSAM DeepBacs,86,86,0.7557251908396947,0.008733624454148471,0.076743915438196,0.026352128583631177,0.10588637540166657,0.007097133546216006,0.015892741699458066,5.879204142233335
GT_mScarletI_00219_1,MicroSAM DeepBacs,50,48,0.7556053811659192,0.15702479338842976,0.10904372866630585,0.03479484171685727,0.07175227780055433,0.012381310998432706,0.14269930958859026,1.5457215036277239
GT_mScarletI_00219_1,MicroSAM DeepBacs,6,6,0.754257907542579,0.06,0.14917499855145766,0.0782511494356832,0.24673331336177437,0.007395881056798444,0.06783963392020635,2.643020930020361
GT_mScarletI_00219_1,MicroSAM DeepBacs,23,23,0.7516778523489933,0.043052837573385516,0.014265757156712768,0.025307792236297512,0.04060107291080784,0.0004208941672958344,0.04261382271786951,3.2220299182173817
GT_mScarletI_00219_1,MicroSAM DeepBacs,14,12,0.75,0.17842323651452283,0.07539698831213779,0.26068726752315546,0.26658812577332563,0.008460204068411352,0.1684535354546522,2.1685172105942896
GT_mScarletI_00219_1,MicroSAM DeepBacs,91,91,0.7450980392156863,0.3116883116883117,0.12424065887342245,0.1697591921612164,0.03891273827367409,9.74984322093136e-05,0.3115604241343748,3.320209060492601
GT_mScarletI_00219_1,MicroSAM DeepBacs,29,29,0.7442622950819672,0.29310344827586204,0.11571276004145775,0.1544861085902654,0.033584941611946736,0.013333302623820755,0.27586210867609384,3.2104250136112142
GT_mScarletI_00219_1,MicroSAM DeepBacs,30,30,0.7416829745596869,0.225,0.06934012595230896,0.14277445311258857,0.06425968568011431,0.004043672938692645,0.2200465006501015,1.5853943880652044
GT_mScarletI_00219_1,MicroSAM DeepBacs,58,58,0.7400468384074942,0.03561643835616438,0.13147335092643428,0.09919009332049171,0.2560622863231807,0.01764427689979125,0.05388914155649614,3.505533655021519
GT_mScarletI_00219_1,MicroSAM DeepBacs,2,1,0.7371794871794872,0.16271186440677965,0.04637454431193554,0.12782747333065037,0.09339084473317125,0.030256916844254397,0.13737810691345478,0.7652181523231759
GT_mScarletI_00219_1,MicroSAM DeepBacs,22,21,0.7368421052631579,0.23893805309734514,0.05813281815257299,0.055822506763911345,0.002188162663573752,0.004196194833946669,0.23373922763935812,0.6184825565682684
GT_mScarletI_00219_1,MicroSAM DeepBacs,55,57,0.7365591397849462,0.3490909090909091,0.03926859879148921,0.2652649072292819,0.17861580381035516,0.010816376684418505,0.3344986336366572,0.13032898041936702
GT_mScarletI_00219_1,MicroSAM DeepBacs,88,89,0.7362637362637363,0.20465116279069767,0.20979955746173223,0.0102862208793901,0.19748199318078252,0.014272058762915102,0.18745831060653484,0.3878550061426681
GT_mScarletI_00219_1,MicroSAM DeepBacs,43,40,0.7323943661971831,0.33175355450236965,0.2518915447572976,0.06521001782158345,0.17525325880570355,0.01513984617709058,0.3115910105414102,2.1441907559171485
GT_mScarletI_00219_1,MicroSAM DeepBacs,83,84,0.7298245614035088,0.17660044150110377,0.08812513417006174,0.013383039204791496,0.10288508854848592,0.005603295033484935,0.18319328091136308,4.063617152715424
GT_mScarletI_00219_1,MicroSAM DeepBacs,9,11,0.7273954116059379,0.14046822742474915,0.10657887497357939,0.0206630291563422,0.12992658085838227,0.007282236902006244,0.132163067613431,2.1084342035078736
GT_mScarletI_00219_1,MicroSAM DeepBacs,47,46,0.7220543806646526,0.11258278145695365,0.08191958058974999,0.05139783858178196,0.032175492792822905,0.00169367740562417,0.11107978296454543,1.602204064886441
GT_mScarletI_00219_1,MicroSAM DeepBacs,35,35,0.7170172084130019,0.3507853403141361,0.0517967766429496,0.26439223468623696,0.1681404331750295,0.012685911522927926,0.3336493970004429,2.660507358518333
GT_mScarletI_00219_1,MicroSAM DeepBacs,18,16,0.7130434782608696,0.13357400722021662,0.045272862235735116,0.08912636553737135,0.1234009496288288,0.003929937096694615,0.1380288817630401,0.524803105819894
GT_mScarletI_00219_1,MicroSAM DeepBacs,90,90,0.7078260869565217,0.1072961373390558,0.23566317756390776,0.09520118277026929,0.36567726883994117,0.0017451107135173193,0.10536378298674906,0.13062864625345857
GT_mScarletI_00219_1,MicroSAM DeepBacs,95,94,0.701048951048951,0.2786885245901639,0.04059203926592808,0.09880709473042419,0.05298023260286495,0.008127547393232588,0.26829592300537475,2.585985772964142
GT_mScarletI_00219_1,MicroSAM DeepBacs,71,70,0.6989247311827957,0.2679425837320574,0.022130300875594325,0.24900896162259656,0.18164694387161376,0.01644700754255404,0.2470887224938908,2.688070528468759
GT_mScarletI_00219_1,MicroSAM DeepBacs,77,75,0.6960352422907489,0.047872340425531915,0.15287164403129255,0.19429115710267628,0.2906852312095972,0.00834069300890119,0.03913235892152375,1.0128004014307739
GT_mScarletI_00219_1,MicroSAM DeepBacs,85,83,0.6959247648902821,0.31196581196581197,0.05857030304161946,0.27317806272344,0.1685606797392941,0.0017191568667287145,0.3142212870003663,2.729824988561164
GT_mScarletI_00219_1,MicroSAM DeepBacs,8,10,0.6957403651115619,0.14910025706940874,0.05242240499013335,0.09173854591289753,0.036012414391660495,0.01070127751369926,0.16139709781137165,0.20329478609470947
GT_mScarletI_00219_1,MicroSAM DeepBacs,59,59,0.6950207468879668,0.43154761904761907,0.22459480777017446,0.14468250550010964,0.06981176167722712,0.015772385588962278,0.40896869801103913,0.6079595788484929
GT_mScarletI_00219_1,MicroSAM DeepBacs,89,88,0.6937984496124031,0.34946236559139787,0.19801234795056014,0.123292186903826,0.06651890035190947,0.022642413579712774,0.31890728059941986,1.1419246895350745
GT_mScarletI_00219_1,MicroSAM DeepBacs,37,36,0.6934306569343066,0.1382488479262673,0.1517291351059424,0.004817461067753308,0.1573044040158282,0.002702059660845039,0.1413244642222522,0.6783913270235523
GT_mScarletI_00219_1,MicroSAM DeepBacs,26,26,0.6883116883116883,0.39263803680981596,0.23508039927753455,0.09591529753304635,0.12698527163345105,0.00048765130527820655,0.3933171585662463,1.3214697436669283
GT_mScarletI_00219_1,MicroSAM DeepBacs,66,65,0.6816720257234726,0.26406926406926406,0.1774229367902962,0.10678039522700752,0.06382706259338779,0.0023217323119609145,0.2611344336143178,7.09686429065519
GT_mScarletI_00219_1,MicroSAM DeepBacs,15,14,0.6729411764705883,0.06086956521739131,0.025343180005368948,0.09167040710092231,0.10718765146069745,0.003647993019887069,0.05699952044846763,7.861773112033304
GT_mScarletI_00219_1,MicroSAM DeepBacs,16,15,0.6709511568123393,0.16666666666666666,0.2180875336061223,0.05546850552520867,0.2896208763090979,0.00620831226685709,0.1739096976446666,5.022023846164821
GT_mScarletI_00219_1,MicroSAM DeepBacs,54,55,0.6706231454005934,0.1821705426356589,0.09083437749924513,0.10644115196461466,0.014105381418304981,0.003163598365556508,0.18591045543215012,1.3512000710975485
GT_mScarletI_00219_1,MicroSAM DeepBacs,70,71,0.6687898089171974,0.20168067226890757,0.11578075144190396,0.05389849619169621,0.05871747181898603,0.0031945960288793343,0.19784178796529625,3.3679064808575565
GT_mScarletI_00219_1,MicroSAM DeepBacs,36,37,0.6684303350970018,0.4635416666666667,0.060983667781615174,0.2680168260395285,0.16327319480811003,0.015129158932512437,0.44139951218731255,1.8020071061470426
GT_mScarletI_00219_1,MicroSAM DeepBacs,75,76,0.6675191815856778,0.28421052631578947,0.032841087066824697,0.2508631123237036,0.29103095688312536,0.0435553557912862,0.2530340611178162,8.552404900421205
GT_mScarletI_00219_1,MicroSAM DeepBacs,34,34,0.6549520766773163,0.4963855421686747,0.12663045530028688,0.30638170075016957,0.13759473616835208,0.03370974091874206,0.44594277322761733,0.5601871427861219
GT_mScarletI_00219_1,MicroSAM DeepBacs,41,41,0.6547406082289803,0.5273224043715847,0.16529297341903634,0.29774987225108307,0.10206658591480834,0.021395938322440865,0.49464390840916816,0.18421190008214555
GT_mScarletI_00219_1,MicroSAM DeepBacs,46,43,0.6541353383458647,0.5142857142857142,0.27797200751492057,0.16400599111219571,0.09790844486447312,0.013387351247128167,0.49401343954006305,5.236713358090227
GT_mScarletI_00219_1,MicroSAM DeepBacs,98,97,0.6537102473498233,0.12727272727272726,0.05646896793520774,0.03628729581307485,0.09624887515262144,0.005533710666349617,0.1335107283875214,7.17324558967016
GT_mScarletI_00219_1,MicroSAM DeepBacs,87,87,0.653250773993808,0.3217391304347826,0.24553025679765805,0.02460871909736789,0.21561551603319531,0.020482870962585418,0.2946661183798871,11.997982085471659
GT_mScarletI_00219_1,MicroSAM DeepBacs,27,27,0.6523235800344234,0.055674518201284794,0.09768130783116136,0.07009240648636963,0.18041977018770491,0.02391426698964872,0.0809202004837191,5.59279078464542
GT_mScarletI_00219_1,MicroSAM DeepBacs,40,38,0.6418338108882522,0.19811320754716982,0.17482388299463367,0.12355231957966986,0.058499285879078135,0.01829448073564445,0.1834431050704738,8.409239465799553
GT_mScarletI_00219_1,MicroSAM DeepBacs,65,66,0.6388140161725068,0.28732394366197184,0.11434662960659285,0.17120244989200858,0.06860037204261447,0.023271696918124612,0.27073876247806894,1.4805195338009947
GT_mScarletI_00219_1,MicroSAM DeepBacs,21,20,0.6361323155216285,0.3123359580052493,0.06569748557625238,0.17690831659383432,0.13511353991254388,0.007664644818306221,0.3070652573690388,2.8271820459412846
GT_mScarletI_00219_1,MicroSAM DeepBacs,5,5,0.6269035532994924,0.10855263157894737,0.3054926363740094,0.14701517460442623,0.5304992509902908,0.016579717691834965,0.12693212125706704,0.4770699316813613
GT_mScarletI_00219_1,MicroSAM DeepBacs,100,99,0.625,0.3431372549019608,0.3439920655007318,0.11363244437655584,0.2598917567127645,0.004733562084522639,0.34002795431702926,5.6363165701256595
GT_mScarletI_00219_1,MicroSAM DeepBacs,10,8,0.6208053691275168,0.4271356783919598,0.2809630397057244,0.1328788288193188,0.1307149600815988,0.022954367829249485,0.39437668108790525,4.402622413144084
GT_mScarletI_00219_1,MicroSAM DeepBacs,31,31,0.6162361623616236,0.30526315789473685,0.04023977739964438,0.3028066352630416,0.2633133754292121,0.010517399590597868,0.29153518369227227,5.704232309156969
GT_mScarletI_00219_1,MicroSAM DeepBacs,79,78,0.6101190476190477,0.26359832635983266,0.2828056148510467,0.02537462637500189,0.3162037943664553,0.002516633953958871,0.2667783408121154,1.836983446523432
GT_mScarletI_00219_1,MicroSAM DeepBacs,61,62,0.59375,0.29213483146067415,0.05995573559966571,0.22866112001935096,0.13730831200797514,0.0053221391639818524,0.2852579100690122,0.2952778515937206
GT_mScarletI_00219_1,MicroSAM DeepBacs,53,51,0.5917808219178082,0.537117903930131,0.29245448049045636,0.18285972930821962,0.09265236482970965,0.022528863884076936,0.5024883838987114,1.771423502082656
GT_mScarletI_00219_1,MicroSAM DeepBacs,49,47,0.5907859078590786,0.6205357142857143,0.22893326959136182,0.33265979746702057,0.07783421400781444,0.036324036776720636,0.5616713154020108,2.7081591351641316
GT_mScarletI_00219_1,MicroSAM DeepBacs,84,85,0.5619335347432024,0.4386792452830189,0.10875109645369675,0.3276723002703525,0.1648909928843715,0.004303520318566473,0.4448706306469942,4.534605852522544
GT_mScarletI_00219_1,MicroSAM DeepBacs,42,42,0.5457142857142857,0.5761904761904761,0.1868205015931679,0.3021795594937042,0.08858920957520533,0.028452601887151503,0.5313437560731088,2.547154011370515
GT_mScarletI_00219_1,MicroSAM DeepBacs,63,64,0.5411985018726592,0.14322916666666666,0.13102285758242851,0.01850343287354741,0.15234519963095444,0.013017532012259064,0.15811118894109824,2.4298102053619663
GT_mScarletI_00219_1,MicroSAM DeepBacs,44,39,0.5314685314685315,0.5028571428571429,0.4351347617071134,0.05647124512767692,0.3584229275768638,0.027491300196283094,0.5441726397235569,4.014226949334707
GT_mScarletI_00219_1,MicroSAM DeepBacs,97,96,0.5220338983050847,0.29277566539923955,0.053422302736234994,0.2797749299298292,0.3142804056675518,0.026967687390506156,0.2737034606287675,0.8682264282160265
GT_mScarletI_00219_1,MicroSAM DeepBacs,80,80,0.5101351351351351,0.3626373626373626,0.329841903374791,0.05255645160075906,0.29266699028403464,0.010218380593997812,0.356124548632397,0.4216068391889085
GT_mScarletI_00219_1,Omnipose bact_fluor,57,31,0.6921296296296297,0.44481605351170567,0.16278937461905524,0.223498865033523,0.049619572317955996,0.05837030817285168,0.36048169521514406,1.9635764699191913
GT_mScarletI_00219_1,Omnipose bact_fluor,92,56,0.6649076517150396,0.49407114624505927,0.09563625875676025,0.3784878527666535,0.2051897616959077,0.055098728102554666,0.41174972639223056,0.8645118482437723
GT_mScarletI_00219_1,Omnipose bact_fluor,17,13,0.6635338345864662,0.4583333333333333,0.12653221135200393,0.18942785077987098,0.05287890256363874,0.02965325893022179,0.4150889973934266,2.636614307775238
GT_mScarletI_00219_1,Omnipose bact_fluor,94,59,0.6557377049180327,0.3271889400921659,0.03477820260265903,0.3530720424869524,0.28664419403473956,0.01492053034902364,0.30738657723263224,2.248948536795165
GT_mScarletI_00219_1,Omnipose bact_fluor,67,36,0.6304347826086957,0.5862068965517241,0.24631488846781577,0.2760430482503946,0.023297144891263364,0.0650949326041839,0.4829528655243979,0.3790661788999636
GT_mScarletI_00219_1,Omnipose bact_fluor,76,44,0.6243455497382199,0.6016771488469602,0.18802610836801154,0.30380709841646497,0.0888022393719707,0.040318364664071106,0.5371001454856388,1.5794523068178619
GT_mScarletI_00219_1,Omnipose bact_fluor,96,63,0.6216730038022814,0.6085626911314985,0.17499497639791145,0.36074455925145843,0.13650584276870242,0.024839621975352735,0.568606601960136,1.3729945999525788
GT_mScarletI_00219_1,Omnipose bact_fluor,6,5,0.6115992970123023,0.62,0.26109908701899603,0.2734007772824448,0.009660501613405365,0.028659144907745005,0.5735721852494531,1.1356978712556678
GT_mScarletI_00219_1,Omnipose bact_fluor,88,53,0.6005586592178771,0.6651162790697674,0.2863616996663382,0.30176490350792673,0.011832554250065254,0.050537752778676906,0.5809650442103892,0.35203063528610656
GT_mScarletI_00219_1,Omnipose bact_fluor,4,3,0.5894378194207837,0.6965317919075145,0.1971761085270148,0.3977187572232335,0.14347854148757735,0.039509093952430484,0.6295033579477552,0.8085825109332138
GT_mScarletI_00219_1,Omnipose bact_fluor,74,41,0.5858951175406871,0.7067901234567902,0.20400394914589787,0.38494896561375874,0.13065103549694532,0.0334062636876105,0.6497726425331833,1.5521390023329888
GT_mScarletI_00219_1,Omnipose bact_fluor,93,58,0.5857519788918206,0.695067264573991,0.2280915369389883,0.2773886956389065,0.03859213633894073,0.05740142386883128,0.5977679900339989,0.40615981708264315
GT_mScarletI_00219_1,Omnipose bact_fluor,5,4,0.5846153846153846,0.7105263157894737,0.3268125313801245,0.3055237007626818,0.016306736220112944,0.010597085789442448,0.6923997216759538,2.7153730836347485
GT_mScarletI_00219_1,Omnipose bact_fluor,27,19,0.5732323232323232,0.6680942184154176,0.30637987853299126,0.2474745270692364,0.047219682795563364,0.0015960780135814599,0.6707566269220128,6.710046133673942
GT_mScarletI_00219_1,Omnipose bact_fluor,21,16,0.5712143928035982,0.7506561679790026,0.40916756734186976,0.2676336269081272,0.11165208734558156,0.03326088162978517,0.6924278004013997,0.967088961112497
GT_mScarletI_00219_1,Omnipose bact_fluor,18,14,0.5652631578947368,0.6841155234657039,0.05221076728561185,0.5089427309840825,0.30268343146502674,0.03582039462879995,0.6237898408146745,1.3874423351390377
GT_mScarletI_00219_1,Omnipose bact_fluor,7,6,0.562962962962963,0.7763157894736842,0.2716527702914776,0.40584002782724166,0.09544987685629754,0.035753935059429955,0.712805510091802,0.2464581782595297
GT_mScarletI_00219_1,Omnipose bact_fluor,64,35,0.5598705501618123,0.7861271676300579,0.13453373208344985,0.5821405309819112,0.2829121624364599,0.02937620801551959,0.7336575244115864,0.4085853305455871
GT_mScarletI_00219_1,Omnipose bact_fluor,78,43,0.5578002244668911,0.7927565392354124,0.23344663275437552,0.44306018915688233,0.14525628104602822,0.057489082969432316,0.6896926098073155,1.6980787495558238
GT_mScarletI_00219_1,Omnipose bact_fluor,95,60,0.5502577319587629,0.8173302107728337,0.12393886483535738,0.4362255885208652,0.2174357052133604,0.0534658413685838,0.7201651220093185,1.6375194904847226
GT_mScarletI_00219_1,Omnipose bact_fluor,60,33,0.540796963946869,0.8491228070175438,0.20928613160594828,0.5257762428325632,0.2074289154214772,0.055365471086479136,0.7467452517102648,0.6615794515888589
GT_mScarletI_00219_1,Omnipose bact_fluor,100,64,0.5382585751978892,0.8578431372549019,0.25064703618106676,0.4202183913965574,0.11939808429655968,0.03083325212816692,0.800559791389337,0.32052972401175867
GT_mScarletI_00219_1,Omnipose bact_fluor,54,30,0.5180722891566265,0.9302325581395349,0.21948880098929704,0.5803754410443663,0.22835500393285224,0.02930368550741334,0.8736696302996441,3.7493828397677316
GT_mScarletI_00219_1,Omnipose bact_fluor,43,25,0.5096618357487923,0.9620853080568721,0.3665730362577527,0.4354210745033859,0.04796365294375562,0.05515753230615307,0.8538615242902968,5.869084058947019
GT_mScarletI_00219_1,Omnipose bact_fluor,8,8,0.5079575596816976,0.922879177377892,0.20198587610393373,0.6155480931234042,0.25598879957817533,0.017249670052412208,0.8897101460174696,0.8122901714631336
GT_mScarletI_00219_1,Omnipose bact_fluor,34,20,0.5073349633251834,0.9710843373493976,0.20753291499046642,0.6106260373145768,0.25027108278728316,0.06870307854288019,0.835664775305841,0.4180714598740023
GT_mScarletI_00219_1,Omnipose bact_fluor,89,54,0.5054347826086957,0.978494623655914,0.36034035200909253,0.47444948286290567,0.07739100740993188,0.06737063470518904,0.8452021850994109,3.6449847747189774
GT_mScarletI_00219_1,Omnipose bact_fluor,35,21,0.5006553079947575,0.9973821989528796,0.1544782746134472,0.7132202422515433,0.326135515947318,0.04605100650673566,0.9054007383124626,2.908476579912693
GT_mScarletI_00219_3,Cellpose-SAM cpsam_v2,1,1,0.7856154910096819,0.2688927943760984,0.08796392420320526,0.18834963368351867,0.08447489411777628,0.02586149347912836,0.23607733164862799,2.0208983560599316
GT_mScarletI_00219_3,Cellpose-SAM cpsam_v2,11,11,0.6946688206785138,0.42824074074074076,0.04538626746045952,0.3625750301754923,0.2327862728221143,0.033496839680579975,0.38039918962287533,1.4395836895063823
GT_mScarletI_00219_3,Cellpose-SAM cpsam_v2,41,42,0.6875739644970414,0.4334470989761092,0.14838833427825737,0.19865428791010653,0.04193532208481012,0.02173813598050963,0.4022866310176995,2.2112463420276836
GT_mScarletI_00219_3,Cellpose-SAM cpsam_v2,77,74,0.6569506726457399,0.4389438943894389,0.11592777547879725,0.2989187162948837,0.14087943958345703,0.028558564311180593,0.3978497226413375,7.2356855324243385
GT_mScarletI_00219_3,Cellpose-SAM cpsam_v2,21,22,0.6494252873563219,0.5398230088495575,0.17759569054167074,0.3261057559248884,0.111989609214568,0.03792285135468387,0.48142852977243367,2.674826842535485
GT_mScarletI_00219_3,Cellpose-SAM cpsam_v2,53,53,0.6232464929859719,0.5878594249201278,0.18975391243216447,0.30399123195928957,0.08760589544415855,0.025089166788936024,0.5480213549709226,6.921422012982441
GT_mScarletI_00219_3,Cellpose-SAM cpsam_v2,26,28,0.6221804511278195,0.5838323353293413,0.27879221536913984,0.1917627009005528,0.07302587537168552,0.04155988245557501,0.5180084496437151,1.746278033907024
GT_mScarletI_00219_3,Cellpose-SAM cpsam_v2,75,75,0.6201117318435754,0.5108225108225108,0.046618705485867995,0.447958222894501,0.27717617197984223,0.027593906053328305,0.4691330163956209,10.94286163673539
GT_mScarletI_00219_3,Cellpose-SAM cpsam_v2,28,31,0.6171171171171171,0.3464052287581699,0.05447878253356332,0.3804117824546245,0.3150440835957463,0.016687841913540245,0.3239366311490896,3.004845990589387
GT_mScarletI_00219_3,Cellpose-SAM cpsam_v2,88,87,0.6124031007751938,0.6218487394957983,0.14716797875445356,0.41410860611789924,0.18876953736691274,0.02718961663891993,0.5777512940225921,2.449949909879689
GT_mScarletI_00219_3,Cellpose-SAM cpsam_v2,80,81,0.6114649681528662,0.5816326530612245,0.05130269150477777,0.5260874850297568,0.3111124350225054,0.044728182981429214,0.5108890983456987,14.950857397977476
GT_mScarletI_00219_3,Cellpose-SAM cpsam_v2,91,90,0.6063829787234043,0.5767918088737202,0.23860087183128087,0.2654398206700482,0.02120918624526613,0.03936027279198254,0.5147288531402869,4.640263387048207
GT_mScarletI_00219_3,Cellpose-SAM cpsam_v2,7,7,0.6006458557588805,0.6225749559082893,0.15333854136737649,0.4722265570539911,0.21660254269881368,0.04528105554514995,0.5491030492036367,0.6988833116738432
GT_mScarletI_00219_3,Cellpose-SAM cpsam_v2,50,51,0.5992578849721707,0.6687306501547987,0.15855425380034602,0.43414009359136396,0.19216103156344916,0.04294687665681354,0.5970638807491564,1.6580991138414545
GT_mScarletI_00219_3,Cellpose-SAM cpsam_v2,23,26,0.5972434915773354,0.6743589743589744,0.04249278498510734,0.5433998617166512,0.32454783051127684,0.03666394656187204,0.6129703663976861,2.903955361106216
GT_mScarletI_00219_3,Cellpose-SAM cpsam_v2,6,5,0.5922671353251318,0.6109510086455331,0.18967002230710525,0.3476152365662017,0.11720349397469684,0.04500217812589663,0.538454704402374,7.342339876201863
GT_mScarletI_00219_3,Cellpose-SAM cpsam_v2,52,52,0.5885057471264368,0.69921875,0.19037667272370992,0.4277547550197077,0.1662597035390166,0.03678473025423163,0.6367134466383173,1.1073135888666585
GT_mScarletI_00219_3,Cellpose-SAM cpsam_v2,58,57,0.587248322147651,0.7028571428571428,0.29014742548057953,0.322429487391742,0.024411178228363053,0.051681955480165465,0.6148501558109183,0.19221268233105654
GT_mScarletI_00219_3,Cellpose-SAM cpsam_v2,64,62,0.5814814814814815,0.694006309148265,0.3511511952407322,0.279017402897226,0.05639781927916612,0.029734373741588944,0.6436360924314408,6.214757927331315
GT_mScarletI_00219_3,Cellpose-SAM cpsam_v2,2,2,0.5751503006012024,0.7386759581881533,0.19445123872112025,0.440265390954292,0.1706728175078206,0.040115695030551214,0.6689277636925259,0.872536671513346
GT_mScarletI_00219_3,Cellpose-SAM cpsam_v2,35,36,0.5721925133689839,0.7476635514018691,0.1282904131641631,0.5338977839517117,0.26442920449536134,0.023234169399533905,0.7070580403952071,0.32567253272563257
GT_mScarletI_00219_3,Cellpose-SAM cpsam_v2,81,80,0.5643712574850299,0.7718832891246684,0.19809903973144963,0.47725583301416397,0.18896983653341087,0.05566825499858876,0.6732456383579383,1.595898471441538
GT_mScarletI_00219_3,Cellpose-SAM cpsam_v2,31,30,0.5609756097560976,0.782608695652174,0.2205376210931024,0.406029833812062,0.13192622820530672,0.042393477157891914,0.7070377146315839,0.6181377818817716
GT_mScarletI_00219_3,Cellpose-SAM cpsam_v2,71,71,0.5601374570446735,0.7852760736196319,0.22135147219923404,0.4895887607434271,0.180074726403226,0.031443414617721495,0.7291408978297119,3.227058889557834
GT_mScarletI_00219_3,Cellpose-SAM cpsam_v2,94,93,0.558303886925795,0.7911392405063291,0.25029156235325917,0.4446025657505789,0.13450827791958167,0.047155522184444375,0.7066771343152041,3.6989117035438155
GT_mScarletI_00219_3,Cellpose-SAM cpsam_v2,85,84,0.5582901554404145,0.7782909930715936,0.11529301624110895,0.3469928988954757,0.1720126979469298,0.028837452316958577,0.7270096113532145,2.01445856335715
GT_mScarletI_00219_3,Cellpose-SAM cpsam_v2,95,94,0.5570117955439057,0.7952941176470588,0.19611572806303276,0.47305603888035025,0.18800392076584943,0.0710986520570167,0.6676511258364618,1.255151249034576
GT_mScarletI_00219_3,Cellpose-SAM cpsam_v2,19,20,0.5567010309278351,0.7962962962962963,0.21287256692132228,0.4423929321850267,0.159124715701437,0.04382385757159324,0.717575663251027,2.0093286371797436
GT_mScarletI_00219_3,Cellpose-SAM cpsam_v2,76,76,0.5522788203753352,0.8106796116504854,0.158572167817591,0.549641273338305,0.25236105429629907,0.04302520441019068,0.7327747512378586,0.05636508158935665
GT_mScarletI_00219_3,Cellpose-SAM cpsam_v2,65,65,0.5476190476190477,0.8260869565217391,0.2376233049193794,0.4605149384771012,0.15261167666667877,0.041695837229322366,0.74994673201602,3.0791599862896066
GT_mScarletI_00219_3,Cellpose-SAM cpsam_v2,36,38,0.536779324055666,0.8629629629629629,0.25334408913944945,0.4355605047079555,0.12693050203800035,0.04401842303654313,0.7809582711578474,1.1510149481962364
GT_mScarletI_00219_3,Cellpose-SAM cpsam_v2,55,54,0.5336426914153132,0.8614718614718615,0.23409506679944236,0.4308829511091494,0.13752898806793867,0.03906577154292583,0.7887520269980168,3.096081736023607
GT_mScarletI_00219_3,Cellpose-SAM cpsam_v2,84,83,0.5335820895522388,0.7039473684210527,0.09400753030593516,0.5404011959822355,0.28979052135288547,0.014968060080499071,0.6784425818365181,7.499048285194682
GT_mScarletI_00219_3,Cellpose-SAM cpsam_v2,29,33,0.5311111111111111,0.8828451882845189,0.20136515234610214,0.5813637831811983,0.24029804835333995,0.05058106279431578,0.7876088775839243,6.702056936119756
GT_mScarletI_00219_3,Cellpose-SAM cpsam_v2,90,91,0.5281090289608177,0.8935483870967742,0.08945017265414168,0.7387237472509589,0.373419627829529,0.036067433330517304,0.8252529568870527,1.5934615851773486
GT_mScarletI_00219_3,Cellpose-SAM cpsam_v2,4,4,0.5258103241296519,0.9018264840182648,0.4324427031073886,0.42931010184174173,0.0021916876272057555,0.04058093714291027,0.8246485830135976,3.552623768812607
GT_mScarletI_00219_3,Cellpose-SAM cpsam_v2,3,3,0.5234375,0.9104477611940298,0.20695027056580417,0.604652580901471,0.24784324972838886,0.03779324918915227,0.8382457328923658,4.983121728955839
GT_mScarletI_00219_3,Cellpose-SAM cpsam_v2,18,16,0.5220588235294118,0.9154929577464789,0.32065677783486757,0.4343693731476126,0.07927706589496648,0.03766045984449773,0.8433546121288494,2.7902401062658555
GT_mScarletI_00219_3,Cellpose-SAM cpsam_v2,70,70,0.5192926045016077,0.9166666666666666,0.1753839323960914,0.5359147482942127,0.23473361154877048,0.06638306366303179,0.7894324613125224,3.792571023962083
GT_mScarletI_00219_3,Cellpose-SAM cpsam_v2,48,49,0.5189620758483033,0.926923076923077,0.15371626568300809,0.6811450574633993,0.3137318754493462,0.04683770003896119,0.8366704318480017,2.2759430287446696
GT_mScarletI_00219_3,Cellpose-SAM cpsam_v2,39,40,0.5135135135135135,0.8761329305135952,0.0882537756352705,0.6033396875402692,0.32125813132911796,0.04665429232077135,0.7886032763407885,10.600761542961521
GT_mScarletI_00219_3,Cellpose-SAM cpsam_v2,8,6,0.5134168157423972,0.8389261744966443,0.3944919696992268,0.3197440556262894,0.05663818962038484,0.04309546953145171,0.7596767875730351,1.660351990248598
GT_mScarletI_00219_3,Cellpose-SAM cpsam_v2,63,63,0.5017921146953405,0.738562091503268,0.40397000959084284,0.24868445630522829,0.12435932272681102,0.034648291098113536,0.6783238860647176,0.24385107423898006
GT_mScarletI_00219_3,MicroSAM DeepBacs,7,6,0.8202764976958525,0.08994708994708994,0.03975184420535159,0.0889667704840648,0.045194148813959084,0.0022801699120610277,0.08746182538685411,0.029052462685877193
GT_mScarletI_00219_3,MicroSAM DeepBacs,18,18,0.8138424821002387,0.14084507042253522,0.083590682169422,0.06894407663955986,0.0137019380620048,0.00810754128320506,0.13159562191634352,1.3413333432183405
GT_mScarletI_00219_3,MicroSAM DeepBacs,31,33,0.8117839607201309,0.18774703557312253,0.0981263185299817,0.1015113978855266,0.0030731224044008238,0.007816102173460193,0.17846348338685855,0.18684341981253144
GT_mScarletI_00219_3,MicroSAM DeepBacs,11,14,0.8095238095238095,0.06481481481481481,0.06810763907180602,0.006266958055132125,0.07391139749901558,0.006914621660263757,0.05834836307697556,3.8567747039043736
GT_mScarletI_00219_3,MicroSAM DeepBacs,81,74,0.8040540540540541,0.1246684350132626,0.17838428923852245,0.046513883644207235,0.23586937347581585,0.008589335902117414,0.11500828004642498,2.0795900993854626
GT_mScarletI_00219_3,MicroSAM DeepBacs,52,49,0.7965517241379311,0.03515625,0.010481813498663426,0.02675896687450984,0.03627022658154671,0.006867020507573567,0.02804781080270705,5.5819196352685685
GT_mScarletI_00219_3,MicroSAM DeepBacs,1,1,0.7901639344262295,0.08084358523725835,0.05409138868657525,0.11009596605387441,0.18450006795945076,0.009151503511238574,0.07243192208017966,4.023096549651355
GT_mScarletI_00219_3,MicroSAM DeepBacs,58,53,0.7900552486187845,0.14857142857142858,0.011217035786975615,0.15387903326704666,0.19512111807309546,0.010410249828884326,0.13970784443140705,2.383148950808553
GT_mScarletI_00219_3,MicroSAM DeepBacs,19,24,0.780439121756487,0.06481481481481481,0.04905158161168833,0.02702717508750049,0.07819206739513063,0.0011562380617728858,0.06604599423244335,5.769897320667588
GT_mScarletI_00219_3,MicroSAM DeepBacs,23,26,0.7794432548179872,0.13076923076923078,0.038613034135558326,0.12704584422661463,0.14698503988171746,0.003556007888001151,0.1267482064651064,4.316741651551842
GT_mScarletI_00219_3,MicroSAM DeepBacs,76,68,0.7722960151802657,0.2669902912621359,0.03601772056179578,0.1889724467704117,0.1286444665930524,0.009044189349086228,0.25553139116450724,0.13003797674065037
GT_mScarletI_00219_3,MicroSAM DeepBacs,4,5,0.7717601547388782,0.091324200913242,0.19876449637182303,0.14058320665677768,0.05101012304537031,0.0013771515450681558,0.09282711972269996,5.685608298106789
GT_mScarletI_00219_3,MicroSAM DeepBacs,95,84,0.7679245283018868,0.20470588235294118,0.12135603194961055,0.05920593926421175,0.05867611800644934,0.012502240241775776,0.18964435999108425,0.09805039490182256
GT_mScarletI_00219_3,MicroSAM DeepBacs,92,81,0.7617328519855595,0.2803738317757009,0.1312023307635254,0.12011388169159774,0.009899394385847504,0.02825926714777321,0.24419140561453337,6.407766870048551
GT_mScarletI_00219_3,MicroSAM DeepBacs,70,63,0.7542168674698795,0.24691358024691357,0.08465482419008649,0.07696079755723644,0.007144203066909833,0.01119257193831449,0.23295741029913872,2.37838029525115
GT_mScarletI_00219_3,MicroSAM DeepBacs,3,4,0.7374301675977654,0.3208955223880597,0.023126007306331818,0.26539603206134643,0.19145786664144485,0.01231849808203196,0.3046240734289578,11.013665069749745
GT_mScarletI_00219_3,MicroSAM DeepBacs,94,83,0.7360406091370558,0.16455696202531644,0.15438990005084188,0.015863789208226384,0.13636287887629508,0.005208872019319721,0.1706229901997141,1.8454848078820514
GT_mScarletI_00219_3,MicroSAM DeepBacs,26,28,0.7202970297029703,0.08083832335329341,0.1917396290585073,0.11853777305890453,0.35200306108879514,0.0033578558293890625,0.07720902408859445,0.9424456965934366
GT_mScarletI_00219_3,MicroSAM DeepBacs,91,80,0.7196531791907514,0.030716723549488054,0.1536007409482634,0.12012216152051779,0.31109193856024614,0.014077065281582025,0.04522619015371253,4.125841829863307
GT_mScarletI_00219_3,MicroSAM DeepBacs,50,48,0.7116402116402116,0.0030959752321981426,0.033668756725760224,0.0263436634443972,0.058472052108507665,0.011916256926842377,0.015049124595346533,2.5636644585566777
GT_mScarletI_00219_3,MicroSAM DeepBacs,57,51,0.6948640483383686,0.2261904761904762,0.15476415449621964,0.05471266574809589,0.0948613703023641,0.002881990465797638,0.22265660692884337,4.65302817527919
GT_mScarletI_00219_3,MicroSAM DeepBacs,41,46,0.6909361069836553,0.05802047781569966,0.05840881227641088,0.1494912042977847,0.24444193596204347,0.02762624718626364,0.03199711869143766,1.621282508776323
GT_mScarletI_00219_3,MicroSAM DeepBacs,55,50,0.6864686468646864,0.21212121212121213,0.10949563267153291,0.028088820563260005,0.0791826644546844,0.010447138132576712,0.1994580143847555,6.259674512328596
GT_mScarletI_00219_3,MicroSAM DeepBacs,32,30,0.6830188679245283,0.15458937198067632,0.011128511492883212,0.18641929246316394,0.1665075789065362,0.0011037208744300846,0.15586371637192653,0.33648027580001605
GT_mScarletI_00219_3,MicroSAM DeepBacs,15,15,0.6741854636591479,0.31141868512110726,0.2920893615294949,0.027014866403275644,0.2581019066009635,0.0029067106929298887,0.3076067704061577,4.814006308718696
GT_mScarletI_00219_3,MicroSAM DeepBacs,40,44,0.6694915254237288,0.3359683794466403,0.11611992663516557,0.19258785552209381,0.06411932549275531,0.007725463373220177,0.325647404663445,0.9422380850404779
GT_mScarletI_00219_3,MicroSAM DeepBacs,29,29,0.6656716417910448,0.33472803347280333,0.18981388517348352,0.13418226338077116,0.049049983930171466,0.019800758455139084,0.3082994060787056,5.783036684305816
GT_mScarletI_00219_3,MicroSAM DeepBacs,34,35,0.664756446991404,0.1760299625468165,0.0017068099402404234,0.1431809024808345,0.1267408439964767,0.0017680326983114914,0.17395070311883967,3.447467136522239
GT_mScarletI_00219_3,MicroSAM DeepBacs,59,54,0.6642857142857143,0.45263157894736844,0.1748173451084132,0.08067216779347584,0.08711724065880569,0.01759788204375619,0.42706833976801734,0.16604791601367394
GT_mScarletI_00219_3,MicroSAM DeepBacs,25,25,0.6639344262295082,0.21454545454545454,0.09095724593849586,0.11333013738007766,0.020095469160863924,0.004249776527150512,0.21970700130933918,0.8963507589581395
GT_mScarletI_00219_3,MicroSAM DeepBacs,35,36,0.6568265682656826,0.09813084112149532,0.061022979817236755,0.013414267899602516,0.04697852933954416,0.01939615684399151,0.11943035915111216,2.2902251234103685
GT_mScarletI_00219_3,MicroSAM DeepBacs,85,76,0.6519337016574586,0.07159353348729793,0.1196381256974141,0.05004487654348032,0.07325951240802922,0.0018374959305037981,0.06962448473036083,5.474270014532429
GT_mScarletI_00219_3,MicroSAM DeepBacs,42,47,0.6363636363636364,0.029411764705882353,0.23706803960972078,0.17654346394843856,0.5022869883836356,0.0033869418604794282,0.032898322503434704,4.15005606592283
GT_mScarletI_00219_3,MicroSAM DeepBacs,86,78,0.6352583586626139,0.514018691588785,0.24513941048664828,0.13956450441462362,0.09264495837052841,0.03343856882974148,0.4633920733605783,6.187463213729326
GT_mScarletI_00219_3,MicroSAM DeepBacs,79,71,0.6328125,0.1326530612244898,0.07006816748626626,0.17186555722857658,0.20645177531030784,0.005515072907939361,0.12640639701243603,11.649208085509052
GT_mScarletI_00219_3,MicroSAM DeepBacs,78,70,0.6194690265486725,0.589622641509434,0.375192070076254,0.116394539282221,0.2318154753429959,0.020979899961921945,0.5562725175133599,0.5259335546659959
GT_mScarletI_00219_3,MicroSAM DeepBacs,39,41,0.6104783599088838,0.13595166163141995,0.1046512884081437,0.16363846833980458,0.2305610926826137,0.016834185865767674,0.11682884022498899,11.783427641301987
GT_mScarletI_00219_3,MicroSAM DeepBacs,73,67,0.6080402010050251,0.6229508196721312,0.256709577725517,0.2867556935129877,0.02335028781216531,0.004383513048650591,0.6158365935767802,1.5546335467558787
GT_mScarletI_00219_3,MicroSAM DeepBacs,66,60,0.6050420168067226,0.6527777777777778,0.16199384045028425,0.3678014792644411,0.15046601567124598,0.024325756316489363,0.6125727083102468,3.249887346119385
GT_mScarletI_00219_3,MicroSAM DeepBacs,20,22,0.6039603960396039,0.16,0.2368221620298741,0.48671727900496203,0.4866691544199247,0.0070176026855008,0.15185958088481907,3.704180528153573
GT_mScarletI_00219_3,MicroSAM DeepBacs,90,82,0.5933333333333334,0.31290322580645163,0.04073370689994739,0.25236320243334076,0.1689841214770582,0.005183781081918279,0.31970902871077655,1.9435399186574593
GT_mScarletI_00219_3,MicroSAM DeepBacs,87,77,0.5845771144278606,0.7106382978723405,0.2500569757286958,0.36988230200483607,0.08747125654574459,0.010344319248803437,0.6929429091999192,2.4327888673119715
GT_mScarletI_00219_3,MicroSAM DeepBacs,36,39,0.5719298245614035,0.34074074074074073,0.39070816580793244,0.03476106355830063,0.41117630373831826,0.010983047443734602,0.34798141646290653,12.444087149711404
GT_mScarletI_00219_3,MicroSAM DeepBacs,13,12,0.5356265356265356,0.6824034334763949,0.273930191214336,0.2540733966776466,0.01583383762808055,0.007256790579082177,0.6701945840901279,3.9035256644642327
GT_mScarletI_00219_3,MicroSAM DeepBacs,8,10,0.5291479820627802,0.28859060402684567,0.31847008259112713,0.0007154470285648962,0.3194140534551184,0.004749482753511358,0.29471074287700794,3.901146311601653
GT_mScarletI_00219_3,MicroSAM DeepBacs,10,11,0.5208333333333334,0.03367003367003367,0.04608326132606503,0.041680967687452206,0.004593766261731688,0.0042891553831475755,0.03781477304701466,10.94832104633749
GT_mScarletI_00219_3,MicroSAM DeepBacs,2,2,0.5131578947368421,0.397212543554007,0.4434973529575252,0.06142753969632617,0.4757035914088965,0.014348038560421555,0.38856372588518145,13.090725651570605
GT_mScarletI_00219_3,MicroSAM DeepBacs,22,19,0.5022522522522522,0.5169811320754717,0.5007336305257382,0.1209327805242625,0.3388257142625823,0.01830185926069505,0.48921755689509655,10.312380471795521
GT_mScarletI_00219_3,Omnipose bact_fluor,1,1,0.7696245733788396,0.17750439367311072,0.010145978065682536,0.09948213109307223,0.09920530853632946,0.01325926105490063,0.16659870971231372,0.4972827404657218
GT_mScarletI_00219_3,Omnipose bact_fluor,11,12,0.7570422535211268,0.3101851851851852,0.04457764943169761,0.2524217417251521,0.1659537561262382,0.032809559183344245,0.267198586810711,0.9081398049256431
GT_mScarletI_00219_3,Omnipose bact_fluor,81,73,0.7215686274509804,0.32891246684350134,0.16792365045038163,0.13431851707360878,0.029625835134446717,0.028411019339993383,0.2911567090468523,2.14054546719107
GT_mScarletI_00219_3,Omnipose bact_fluor,80,75,0.6946564885496184,0.2653061224489796,0.016140711541520143,0.26404778758281644,0.19612160115825858,0.014110100567901166,0.2474525258120434,19.314797873280767
GT_mScarletI_00219_3,Omnipose bact_fluor,53,48,0.6904761904761905,0.04153354632587859,0.07162971286494937,0.04992051324109014,0.12793690191195956,0.0008107679689209542,0.04237798836379626,14.671976388385273
GT_mScarletI_00219_3,Omnipose bact_fluor,58,51,0.6776699029126214,0.4685714285714286,0.2836554389092561,0.15107016596426806,0.11518435353931648,0.03675378686426807,0.4145958672907606,1.0523232446267508
GT_mScarletI_00219_3,Omnipose bact_fluor,8,9,0.6771653543307087,0.14429530201342283,0.18813664556272894,0.013533803901936618,0.20443726329636722,4.093111408107275e-07,0.14429483364060733,0.16570481137275253
GT_mScarletI_00219_3,Omnipose bact_fluor,25,24,0.6712707182320442,0.2,0.049088752476220535,0.22616900615214164,0.14441749284759625,0.007804374786305949,0.19063475025643287,3.052612658830699
GT_mScarletI_00219_3,Omnipose bact_fluor,50,44,0.6618257261410788,0.47987616099071206,0.08287451110876944,0.36905138833611456,0.20903296959155943,0.029038630536934687,0.4369025839112855,2.9925344141891954
GT_mScarletI_00219_3,Omnipose bact_fluor,26,26,0.6606060606060606,0.46107784431137727,0.30957644557483793,0.09015968488283213,0.2012702943748908,0.04071687832339444,0.40158731550354343,2.2391122810820487
GT_mScarletI_00219_3,Omnipose bact_fluor,48,43,0.6380208333333334,0.41923076923076924,0.10410803887907008,0.3084782632772649,0.15618923915963373,0.010559722470366318,0.4042440861862878,1.1823780665523471
GT_mScarletI_00219_3,Omnipose bact_fluor,92,84,0.6257309941520468,0.5981308411214953,0.16359105055591083,0.3591460534479669,0.14388078631870352,0.06533824091707223,0.4937117832072958,1.6631801329254405
GT_mScarletI_00219_3,Omnipose bact_fluor,31,21,0.6243523316062176,0.4782608695652174,0.3947407921316571,0.41184763548386294,0.012116635621479901,0.015366762911383709,0.45554478526143277,4.741320083079959
GT_mScarletI_00219_3,Omnipose bact_fluor,86,80,0.622093023255814,0.6074766355140186,0.28434824358673727,0.1678552492697498,0.09974951466787475,0.040140686235308656,0.5429514202572608,3.378810031975936
GT_mScarletI_00219_3,Omnipose bact_fluor,63,56,0.6153846153846154,0.3333333333333333,0.22859495411132727,0.16041889100137083,0.058751252361226726,0.012234841949836862,0.31702021073355086,9.719765937853838
GT_mScarletI_00219_3,Omnipose bact_fluor,35,29,0.6096866096866097,0.6401869158878505,0.14946610712846925,0.38486657522556733,0.16998061207358986,0.02180156647508046,0.6044282718095643,0.3914488474750618
GT_mScarletI_00219_3,Omnipose bact_fluor,7,8,0.6070496083550914,0.1710758377425044,0.01780188295849053,0.2398644034615801,0.20781811761083843,0.03170612705481907,0.1339455584402119,4.723497571760679
GT_mScarletI_00219_3,Omnipose bact_fluor,67,60,0.6064139941690962,0.3054393305439331,0.2711559540197089,0.2690649087222935,0.0016477055531545944,0.015344976128214538,0.28540739517990404,11.035307322451814
GT_mScarletI_00219_3,Omnipose bact_fluor,4,5,0.6062992125984252,0.3287671232876712,0.1643038404691084,0.19271706154479498,0.02382226430037494,0.013230629980976521,0.31118669714856545,11.004729183422258
GT_mScarletI_00219_3,Omnipose bact_fluor,17,15,0.6058394160583942,0.5,0.3027124968428054,0.22878704456213614,0.060161321367944304,0.024979212567695676,0.4625311811484565,1.0673737401477363
GT_mScarletI_00219_3,Omnipose bact_fluor,57,52,0.5800604229607251,0.07539682539682539,0.06818151454853512,0.1468361692927695,0.18748770713597354,0.00471432175557063,0.08046659204666524,1.7767385683238568
GT_mScarletI_00219_3,Omnipose bact_fluor,36,32,0.5723404255319149,0.737037037037037,0.23306852730391658,0.39356331341405537,0.11516863608941214,0.03565813089811806,0.6750975429954912,0.8954623568106569
GT_mScarletI_00219_3,Omnipose bact_fluor,6,7,0.563855421686747,0.12968299711815562,0.09929172706804473,0.011321601526642463,0.088977493264988,0.021443339653234732,0.14834550021693627,11.982766880466402
GT_mScarletI_00219_3,Omnipose bact_fluor,55,49,0.5568181818181818,0.3722943722943723,0.025622435110293235,0.2538689614355696,0.18203379567188116,0.018258039037604,0.3472389680739374,7.223730081028994
GT_mScarletI_00219_3,Omnipose bact_fluor,10,10,0.5558375634517766,0.06397306397306397,0.028161673519389,0.0483821975217058,0.0730114181851223,0.015496385993400747,0.047485326687156104,4.112589724113685
GT_mScarletI_00219_3,Omnipose bact_fluor,84,78,0.5435684647302904,0.4473684210526316,0.01214632898948318,0.4374991360098392,0.29589778272913314,0.007889028803137273,0.43595008989019607,13.76244913762664
GT_mScarletI_00219_3,Omnipose bact_fluor,70,65,0.54,0.8518518518518519,0.22270792990733632,0.40938016584265075,0.13244988148652242,0.06113980363344525,0.7386299932713977,2.085019863853959
GT_mScarletI_00219_3,Omnipose bact_fluor,74,67,0.5398009950248757,0.45634920634920634,0.025611101493702094,0.33487982359039986,0.2316828201544494,0.03356353534696608,0.4074689782843788,8.409582535102441
GT_mScarletI_00219_3,Omnipose bact_fluor,90,85,0.5370741482965932,0.47419354838709676,0.0072520920842009,0.45741964191648116,0.3088798427612227,0.019621912928388385,0.44526705094105323,1.1484760476725586
GT_mScarletI_00219_3,Omnipose bact_fluor,60,55,0.5211864406779662,0.2985781990521327,0.2056282363608413,0.1184132529820376,0.09892955364156203,0.0037564788202977695,0.3012130751914885,7.401978744987475
GT_mScarletI_00219_3,Omnipose bact_fluor,73,66,0.5203426124197003,0.9098360655737705,0.3360652937964631,0.4647187408878178,0.08783491567355328,0.019996896820800455,0.8716452708258483,1.6853737967542701
GT_mScarletI_00219_3,Omnipose bact_fluor,68,62,0.5080831408775982,0.4275092936802974,0.027740771148129045,0.5409872855524324,0.36906732588431235,0.028426089637021684,0.38693078654045976,3.635509213063506
GT_mScarletI_00219_3,Omnipose bact_fluor,64,57,0.5034965034965035,0.03470031545741325,0.4568065166616071,0.03086566624006267,0.41318754166593175,0.019835228098056955,0.01417679868718397,1.558737503868941
GT_mScarletI_00219_4,Cellpose-SAM cpsam_v2,18,18,0.6837209302325581,0.3698854337152209,0.07596153776447864,0.3107127178790263,0.1791019320346705,0.03906031263041675,0.31637728040645036,5.068302717420182
GT_mScarletI_00219_4,Cellpose-SAM cpsam_v2,21,21,0.6720955483170467,0.4878836833602585,0.101179018180063,0.31983893304297306,0.16567166598031438,0.048009076343633106,0.4164517620153698,0.4556409695471876
GT_mScarletI_00219_4,Cellpose-SAM cpsam_v2,16,17,0.6430817610062893,0.21868365180467092,0.07638671574241893,0.2585358431381809,0.2661207948161925,0.004944073226913659,0.22470891301963575,6.070242502106325
GT_mScarletI_00219_4,Cellpose-SAM cpsam_v2,2,1,0.6334776334776335,0.5785876993166287,0.12354883898414167,0.41522584800825024,0.2060992663712344,0.045913904516651415,0.5061085744190446,0.11715576936231278
GT_mScarletI_00219_4,Cellpose-SAM cpsam_v2,61,53,0.632768361581921,0.5803571428571429,0.16262225634945485,0.314179714421741,0.11532475840944911,0.03793960815905095,0.5203990121057855,0.6659711436035772
GT_mScarletI_00219_4,Cellpose-SAM cpsam_v2,1,2,0.6256239600665557,0.5710526315789474,0.05730968388974668,0.4526729516490632,0.27216261396655267,0.05723257081445372,0.4811372505888714,0.5505892841524965
GT_mScarletI_00219_4,Cellpose-SAM cpsam_v2,22,22,0.6247987117552335,0.6005154639175257,0.25292998595012667,0.2827140925775882,0.0232195988176998,0.05022520744520371,0.5201292427230116,2.7593830647839166
GT_mScarletI_00219_4,Cellpose-SAM cpsam_v2,5,5,0.623249299719888,0.5140997830802603,0.20765399255639308,0.25464601130517844,0.0374544041310112,0.014380519394945371,0.49232624178379203,2.7044222932778674
GT_mScarletI_00219_4,Cellpose-SAM cpsam_v2,9,9,0.6122448979591837,0.6333333333333333,0.25664781470835935,0.2924263375526457,0.027683220160954817,0.02788708349654891,0.5877844302889701,3.5702886463750323
GT_mScarletI_00219_4,Cellpose-SAM cpsam_v2,13,13,0.6102418207681366,0.6264501160092807,0.15484075444518186,0.3905867713286058,0.16952988604816485,0.02412493202810987,0.5872121175134455,1.934025035515454
GT_mScarletI_00219_4,Cellpose-SAM cpsam_v2,24,24,0.6085790884718498,0.6431718061674009,0.15483480732438795,0.45098496974444446,0.2041028464079929,0.04971587939177254,0.5614800748320213,0.6311786040273013
GT_mScarletI_00219_4,Cellpose-SAM cpsam_v2,23,23,0.6059782608695652,0.6502242152466368,0.1796729279962293,0.3566211296659913,0.13043302791054698,0.026970074015786757,0.6057175460187914,3.0208304976567755
GT_mScarletI_00219_4,Cellpose-SAM cpsam_v2,52,48,0.5953125,0.6797900262467191,0.04075043783841157,0.6128684689181151,0.35472082324448356,0.027406441030104197,0.6337529599494313,3.4163118712288325
GT_mScarletI_00219_4,Cellpose-SAM cpsam_v2,34,33,0.5934640522875817,0.6850220264317181,0.09439287025707463,0.4502421020048483,0.24537229422304013,0.03458447059631641,0.6267464317044448,2.0571697097876513
GT_mScarletI_00219_4,Cellpose-SAM cpsam_v2,3,3,0.5906148867313916,0.6931506849315069,0.22631427943534652,0.3661323256645066,0.10234590281080605,0.04686124055910829,0.6138075433821125,5.579607834641418
GT_mScarletI_00219_4,Cellpose-SAM cpsam_v2,57,50,0.5712328767123288,0.750599520383693,0.13676518827911446,0.5266899451081523,0.2554053349722003,0.0443279227841012,0.6729990800182402,2.0736510033013595
GT_mScarletI_00219_4,Cellpose-SAM cpsam_v2,36,35,0.5635876840696118,0.6013363028953229,0.018933294130741133,0.4390102585394959,0.3182350855059371,0.02094400700604531,0.5677979041484486,5.395508391195898
GT_mScarletI_00219_4,Cellpose-SAM cpsam_v2,11,11,0.5584642233856894,0.48055555555555557,0.10201797752417759,0.3476714997378134,0.18227997124034104,0.004043780279945806,0.4745685141966358,0.3840776488057037
GT_mScarletI_00219_4,Cellpose-SAM cpsam_v2,59,51,0.5509138381201044,0.7887323943661971,0.26381898387023794,0.44380347121414737,0.12465996302983941,0.032540433761903444,0.730526266369553,4.852375939975843
GT_mScarletI_00219_4,Cellpose-SAM cpsam_v2,6,7,0.5503731343283582,0.8169491525423729,0.4054797359250034,0.278309190485927,0.09948340071836201,0.0357978744000654,0.7519062349883557,7.033197865757827
GT_mScarletI_00219_4,Cellpose-SAM cpsam_v2,14,14,0.5476635514018692,0.825938566552901,0.13412936684396684,0.6041917726435392,0.2930213293794413,0.044307355959371034,0.745036056524698,0.1775962191016561
GT_mScarletI_00219_4,Cellpose-SAM cpsam_v2,47,44,0.5447409733124019,0.8357348703170029,0.21180052057365586,0.5295983310984779,0.2077655316847765,0.029117553863215812,0.7822827613519641,0.478837858374143
GT_mScarletI_00219_4,Cellpose-SAM cpsam_v2,7,6,0.5445205479452054,0.8364779874213837,0.16640903263830248,0.5991589632284383,0.27061095272010044,0.06141499947632844,0.7236906927856107,1.3143041840584577
GT_mScarletI_00219_4,Cellpose-SAM cpsam_v2,40,39,0.5365079365079365,0.7976878612716763,0.10547505819998391,0.638874613752895,0.3254669704910907,0.01893649120145558,0.7636459609037417,2.301904325647357
GT_mScarletI_00219_4,Cellpose-SAM cpsam_v2,10,10,0.5287356321839081,0.8913043478260869,0.3753200287904588,0.364645257510779,0.007822378175520466,0.03953367280314277,0.8165341405679691,2.5344236241912768
GT_mScarletI_00219_4,Cellpose-SAM cpsam_v2,28,28,0.5232198142414861,0.9112426035502958,0.18965504195949512,0.5518351838768694,0.23338827839471873,0.03950737447728118,0.8357344262949005,0.8851566201942531
GT_mScarletI_00219_4,Cellpose-SAM cpsam_v2,4,4,0.5165289256198347,0.936,0.22159469784341415,0.6194399647672297,0.24566842586288776,0.05910153290671997,0.8215794322925901,4.587039715539953
GT_mScarletI_00219_4,Cellpose-SAM cpsam_v2,41,40,0.5162866449511401,0.9369085173501577,0.11601860030686958,0.7150923239799835,0.34929532089731724,0.02611301487716809,0.8863299964208795,1.1669592507370838
GT_mScarletI_00219_4,Cellpose-SAM cpsam_v2,38,38,0.5144230769230769,0.9439252336448598,0.16148053538649054,0.6748768480385855,0.30652779829951265,0.03579925511292124,0.8743341582851625,2.59626483725844
GT_mScarletI_00219_4,MicroSAM DeepBacs,24,22,0.8637274549098196,0.048458149779735685,0.03115103859157865,0.038388299935962156,0.006969706173335964,0.0005213471283955787,0.04791153913410508,0.1426278431291077
GT_mScarletI_00219_4,MicroSAM DeepBacs,56,50,0.8307086614173228,0.07053941908713693,0.04640181627781466,0.028881610762532886,0.018041266347596258,0.004388286326738638,0.06646067992867447,5.055938005334933
GT_mScarletI_00219_4,MicroSAM DeepBacs,21,19,0.8215339233038348,0.004846526655896607,0.004109571439217824,0.04040462471330426,0.03782328907456718,0.006373185702034725,0.0014957712317502263,0.9271377005139454
GT_mScarletI_00219_4,MicroSAM DeepBacs,1,1,0.8093023255813954,0.04736842105263158,0.009390809230982627,0.0477229134876779,0.05451223981399772,0.0004734772620813173,0.046872515920241144,1.3556513497282547
GT_mScarletI_00219_4,MicroSAM DeepBacs,29,27,0.8087774294670846,0.12052117263843648,0.047141255345244756,0.15221315251941894,0.23514685142509253,0.011512481685337798,0.11039618874579411,1.4762754499498019
GT_mScarletI_00219_4,MicroSAM DeepBacs,39,37,0.8083832335329342,0.013333333333333334,0.004252003744733686,0.00904914329563256,0.004754118848196992,0.0034752456013264375,0.016854915542677457,2.276856746967474
GT_mScarletI_00219_4,MicroSAM DeepBacs,20,18,0.7980456026058632,0.1288135593220339,0.016408929661297825,0.1430705662211041,0.18610575106415422,0.0341514424241806,0.09906128575249351,1.1861489174695043
GT_mScarletI_00219_4,MicroSAM DeepBacs,18,16,0.7640117994100295,0.0425531914893617,0.0756920780916081,0.04707725013339898,0.12883450231636676,0.008735547331578454,0.03418936957614829,6.593945920948047
GT_mScarletI_00219_4,MicroSAM DeepBacs,22,20,0.7606263982102909,0.028350515463917526,0.08875095910095818,0.04393195540290015,0.13877978168360683,0.01130287694812802,0.0399738347997502,1.532314625059157
GT_mScarletI_00219_4,MicroSAM DeepBacs,7,7,0.7560581583198708,0.27882599580712786,0.0978801361622646,0.11815190683950887,0.018129710778335136,0.016319517822852823,0.25795617217622596,2.829823633708748
GT_mScarletI_00219_4,MicroSAM DeepBacs,34,36,0.7539370078740157,0.037444933920704845,0.037534874199837205,0.0379724276254115,0.0004548242047722571,0.006651756626144426,0.031042251881883007,2.4424685068733445
GT_mScarletI_00219_4,MicroSAM DeepBacs,2,2,0.7393715341959335,0.14350797266514806,0.0062794894121720735,0.09362024089755634,0.07986387616024909,0.0003638813303105468,0.14309187146283395,0.7455750930206817
GT_mScarletI_00219_4,MicroSAM DeepBacs,23,21,0.7389558232931727,0.05829596412556054,0.07815026970877864,0.16239675856624758,0.28718493001922263,0.009046647158629847,0.04977669998514678,1.050788845714118
GT_mScarletI_00219_4,MicroSAM DeepBacs,13,13,0.730909090909091,0.2088167053364269,0.07792751928363212,0.10325107928582891,0.022953578272127864,0.0004997999087045221,0.20942087181539457,4.632419891138232
GT_mScarletI_00219_4,MicroSAM DeepBacs,31,28,0.7224080267558528,0.04182509505703422,0.2009599753189555,0.19187788638854678,0.4861120059590148,0.02345327761561524,0.019352753007091102,6.072719458608408
GT_mScarletI_00219_4,MicroSAM DeepBacs,28,26,0.7202643171806168,0.3106508875739645,0.0796420306246533,0.16074714002470045,0.06987319339707469,0.01408782532488642,0.29218666680791516,2.984769516553544
GT_mScarletI_00219_4,MicroSAM DeepBacs,59,55,0.7182795698924731,0.12441314553990611,0.09549934888312561,0.09574014914264763,0.21148732617560545,0.011688461927125785,0.11417888192765747,3.04680057089456
GT_mScarletI_00219_4,MicroSAM DeepBacs,57,53,0.7161290322580646,0.08633093525179857,0.16551768251127194,0.0709334924600736,0.22078978446008476,0.004486381800668576,0.09043000351571877,3.8208833932870587
GT_mScarletI_00219_4,MicroSAM DeepBacs,30,29,0.7053364269141531,0.3333333333333333,0.022339084720846204,0.1445163848880841,0.10675015384701977,0.012206720282631046,0.31705770628982527,0.06843930579818935
GT_mScarletI_00219_4,MicroSAM DeepBacs,27,24,0.68,0.31901840490797545,0.3129065182182361,0.004455145757132193,0.3070832717259876,0.013105137329490042,0.30173248757153154,3.8861004885252193
GT_mScarletI_00219_4,MicroSAM DeepBacs,9,9,0.6791569086651054,0.17272727272727273,0.09766217744305866,0.058906225714689314,0.036599984764667665,0.0007627613351625235,0.17183276170694578,1.8107772512905318
GT_mScarletI_00219_4,MicroSAM DeepBacs,47,44,0.6551724137931034,0.07492795389048991,0.09416797999034927,0.006538508255084247,0.08706022771764364,0.0009751099414107263,0.073879780956351,1.4585107710815244
GT_mScarletI_00219_4,MicroSAM DeepBacs,16,15,0.6524953789279113,0.10191082802547771,0.13616424784678471,0.0024636944386327965,0.13403076425665666,0.03350801910501036,0.07181763889295248,2.6807228173527875
GT_mScarletI_00219_4,MicroSAM DeepBacs,12,12,0.6493150684931507,0.5188284518828452,0.10928120110859844,0.35831485863685486,0.18334015559409814,0.028221046453394242,0.47596552358752253,6.688905989358956
GT_mScarletI_00219_4,MicroSAM DeepBacs,25,23,0.6457399103139013,0.5486111111111112,0.0969124552045728,0.3589269403781632,0.1928098394316009,0.008993123652132538,0.5346842598998225,0.6164649596972435
GT_mScarletI_00219_4,MicroSAM DeepBacs,19,17,0.6436781609195402,0.313915857605178,0.021861388193368463,0.279215365784027,0.20118111810901132,0.000375402710536223,0.3134226100308165,0.2719181393219973
GT_mScarletI_00219_4,MicroSAM DeepBacs,4,5,0.639686684073107,0.512,0.20563358898513304,0.25684797415034744,0.04074827363256591,0.03178863295668853,0.46393558696948695,5.522297329240724
GT_mScarletI_00219_4,MicroSAM DeepBacs,60,54,0.6355685131195336,0.13,0.17060039726374118,0.2503076835982835,0.5614411027743341,0.027410592927395734,0.10615278415316572,4.310680673449532
GT_mScarletI_00219_4,MicroSAM DeepBacs,26,25,0.5763747454175153,0.3597560975609756,0.23827181153604277,0.022776883870551122,0.21069593091504202,0.0012613534287349787,0.36147123057687747,1.4987733729980086
GT_mScarletI_00219_4,MicroSAM DeepBacs,11,11,0.5714285714285714,0.075,0.12265219804456017,0.054521873577633655,0.16801365250120665,0.029156693613137993,0.048030058407847354,0.13034865643308433
GT_mScarletI_00219_4,MicroSAM DeepBacs,53,47,0.5501519756838906,0.04597701149425287,0.03895443143256857,0.06527526081850349,0.11150843438929625,0.018880156051931326,0.02796490859413448,0.32507160869719454
GT_mScarletI_00219_4,MicroSAM DeepBacs,44,40,0.5361596009975063,0.464,0.0531630991055761,0.34611750165089367,0.2176291461822872,0.009528791001672888,0.4779501500264491,17.883612913678487
GT_mScarletI_00219_4,MicroSAM DeepBacs,48,43,0.5322245322245323,0.7916666666666666,0.14687570403802006,0.4508812844662481,0.20953167132489825,0.011087785668245155,0.7718010506777274,9.624807237376881
GT_mScarletI_00219_4,MicroSAM DeepBacs,37,38,0.5310344827586206,0.0,0.022772288851911158,0.03044447112907537,0.0516444713635816,0.001598576790912209,0.001598576790912209,0.6923536945475591
GT_mScarletI_00219_4,MicroSAM DeepBacs,6,4,0.5218340611353712,0.36271186440677966,0.8174570131533316,0.22451142968295437,1.3436283689007749,0.013399109881071068,0.38097099041420535,7.370350576146409
GT_mScarletI_00219_4,MicroSAM DeepBacs,17,14,0.5182481751824818,0.4,0.5621847475089543,0.09333313993212518,0.7229975157490659,0.063383602504457,0.4887370435062398,15.689349657405106
GT_mScarletI_00219_4,Omnipose bact_fluor,9,9,0.7888349514563107,0.23333333333333334,0.10045501257418898,0.1371421042096919,0.032262539131817904,0.013768307496773083,0.21635242075397987,2.730735826092027
GT_mScarletI_00219_4,Omnipose bact_fluor,29,24,0.7835051546391752,0.254071661237785,0.08107579516316402,0.16658835122947363,0.07330139716909358,0.024782530031628926,0.22299259263134483,1.3532900001320047
GT_mScarletI_00219_4,Omnipose bact_fluor,18,14,0.7374233128834355,0.31751227495908346,0.13185851877006025,0.21396639796324587,0.06763603945788249,0.02901721087889367,0.2792817434410648,5.631931281751353
GT_mScarletI_00219_4,Omnipose bact_fluor,31,25,0.7270029673590505,0.21292775665399238,0.22332111369777366,0.011295375110742575,0.20965757760319348,0.00500874507794076,0.2190030025850308,0.518376858409403
GT_mScarletI_00219_4,Omnipose bact_fluor,21,17,0.7213114754098361,0.37479806138933763,0.060757624416456754,0.24427218391129518,0.1474874724901198,0.0349359877008133,0.32676813322553777,0.9922686579592483
GT_mScarletI_00219_4,Omnipose bact_fluor,39,35,0.7095115681233933,0.21666666666666667,0.07035918585510227,0.24835997903570312,0.25531030331251114,0.007666532822085627,0.20733905173312916,1.7156514673734389
GT_mScarletI_00219_4,Omnipose bact_fluor,2,1,0.6835443037974683,0.42369020501138954,0.0987193962896483,0.2940191380147845,0.150924925287237,0.03250542365805532,0.3774125517396707,0.5746799713666428
GT_mScarletI_00219_4,Omnipose bact_fluor,24,20,0.6756756756756757,0.4581497797356828,0.13601539293221368,0.34506909647007383,0.15542227836955685,0.035809306788437426,0.4059344469296353,0.6570032816725483
GT_mScarletI_00219_4,Omnipose bact_fluor,22,19,0.6695957820738138,0.4484536082474227,0.20899916483049674,0.207443913670934,0.001288052506583448,0.03336748592732549,0.400122352857843,3.8073815691532333
GT_mScarletI_00219_4,Omnipose bact_fluor,57,49,0.6572008113590264,0.0407673860911271,0.17309102666849527,0.193901869383049,0.3073894977995038,0.023292638010308286,0.06311044413458829,3.0325539316173615
GT_mScarletI_00219_4,Omnipose bact_fluor,16,13,0.631336405529954,0.25477707006369427,0.057950909336936196,0.26765706109402604,0.2568580891664443,0.0010222107840633895,0.2534944234110797,8.974939106221445
GT_mScarletI_00219_4,Omnipose bact_fluor,34,30,0.6082758620689656,0.5682819383259912,0.0956556192541035,0.3991010503367631,0.21688600048554066,0.023961115509362748,0.5307041536505148,0.8906563977701943
GT_mScarletI_00219_4,Omnipose bact_fluor,13,10,0.5879945429740792,0.7006960556844548,0.1763823932359776,0.4456979725308084,0.18628758178540752,0.03673292727650251,0.638224511151563,3.034245927829675
GT_mScarletI_00219_4,Omnipose bact_fluor,55,46,0.5764499121265377,0.6936936936936937,0.0438371603752285,0.5324242301119517,0.3188327749823098,0.03585207471218285,0.6329712608478344,0.937525200211963
GT_mScarletI_00219_4,Omnipose bact_fluor,19,15,0.5716981132075472,0.6957928802588996,0.12505812325709245,0.49300507353858514,0.2464472203094516,0.036047484484330525,0.6346638127191289,0.2249295561292457
GT_mScarletI_00219_4,Omnipose bact_fluor,26,22,0.5634517766497462,0.12195121951219512,0.1297217594756058,0.055565070382444445,0.1961880316445744,0.004950075960730029,0.11760481135155412,7.752845515837654
GT_mScarletI_00219_4,Omnipose bact_fluor,54,44,0.5454545454545454,0.6309523809523809,0.2796122325780002,0.22263653579541104,0.04660068230786396,0.019773284805458882,0.5987030950196682,2.0550506316669064
GT_mScarletI_00219_4,Omnipose bact_fluor,15,11,0.5331905781584583,0.26582278481012656,0.08930865454895323,0.28481608964325705,0.29118933612988146,0.0068406389516347185,0.2571637481624877,1.1929308802809973
GT_mScarletI_00219_4,Omnipose bact_fluor,8,7,0.5300261096605744,0.00684931506849315,0.08849504686230307,0.16790311772566743,0.2195371865153259,0.0026917456555185146,0.004139132798895742,6.990411848522418
GT_mScarletI_00219_4,Omnipose bact_fluor,30,26,0.5274102079395085,0.5650793650793651,0.020243877771502407,0.36866358091475104,0.25456928057542166,0.027168729233986912,0.5225581475798237,0.37783979870535095
GT_mScarletI_00219_4,Omnipose bact_fluor,48,40,0.5120772946859904,0.3712121212121212,0.13787051873749928,0.47214048045164503,0.41437010074065495,0.012801045937013178,0.35365917185909557,7.701158677963121
GT_CyOFP_00033_1,Cellpose-SAM cpsam_v2,297,287,0.8563218390804598,0.07939914163090128,0.0015129625926328038,0.09694838470146992,0.08975932565951907,0.0018289043720083646,0.07742502382163045,1.2615633181474488
GT_CyOFP_00033_1,Cellpose-SAM cpsam_v2,182,176,0.8443649373881932,0.14791666666666667,0.024489171340709184,0.17004573132173426,0.166262648933122,0.0070749700677849685,0.1397951906096885,0.961297796606934
GT_CyOFP_00033_1,Cellpose-SAM cpsam_v2,54,53,0.8106235565819861,0.19607843137254902,0.08145308840225292,0.10259637081042357,0.019175904227428195,0.014007882216364028,0.1793239055843489,0.7293489383975822
GT_CyOFP_00033_1,Cellpose-SAM cpsam_v2,248,238,0.8106060606060606,0.1926605504587156,0.13070903588254867,0.05325456806321339,0.07353822159230045,0.013904887516720971,0.17607673965895665,1.6328559530444842
GT_CyOFP_00033_1,Cellpose-SAM cpsam_v2,235,224,0.7924944812362031,0.2430939226519337,0.07201288409308591,0.128875759079682,0.05037124283096805,0.013899244487020372,0.22581585630066528,0.8009210046588702
GT_CyOFP_00033_1,Cellpose-SAM cpsam_v2,7,13,0.7789473684210526,0.21639344262295082,0.022012754694760862,0.19143031975327093,0.1421967883892648,0.015203767494120415,0.19789967953993878,3.6666936264883114
GT_CyOFP_00033_1,Cellpose-SAM cpsam_v2,202,193,0.773469387755102,0.23393316195372751,0.19269973967968176,0.04657611838902412,0.13962063410694203,0.016922734733553813,0.21305163837504928,2.3368802344946125
GT_CyOFP_00033_1,Cellpose-SAM cpsam_v2,222,215,0.7724288840262582,0.28169014084507044,0.012031961531789814,0.23585575078819285,0.18110834465402198,0.01667638248916691,0.26031618582374383,0.8499444441250645
GT_CyOFP_00033_1,Cellpose-SAM cpsam_v2,270,258,0.7682291666666666,0.1762820512820513,0.05138103629321726,0.20395142503903643,0.21207870684980076,0.009955753631851959,0.16457127697791774,0.1820333595362237
GT_CyOFP_00033_1,Cellpose-SAM cpsam_v2,229,222,0.7677725118483413,0.22686567164179106,0.02582193744675451,0.2722075084034515,0.23426166241088767,0.015634691530556428,0.2076840053162427,1.7083475019943937
GT_CyOFP_00033_1,Cellpose-SAM cpsam_v2,171,162,0.7677261613691931,0.259375,0.013073141099251345,0.277235412496396,0.227294475830599,0.014936717533451658,0.2405640713563093,5.606930910216668
GT_CyOFP_00033_1,Cellpose-SAM cpsam_v2,181,172,0.7671809256661991,0.08955223880597014,0.02751711307646982,0.10435487338123198,0.11941087927103167,0.0059863701323826955,0.0830297758259114,0.04888117073609503
GT_CyOFP_00033_1,Cellpose-SAM cpsam_v2,293,283,0.7636761487964989,0.21428571428571427,0.1056902409108425,0.10245327751700677,0.002936145648844456,0.005289243530325773,0.20786306142746155,3.5902543338892032
GT_CyOFP_00033_1,Cellpose-SAM cpsam_v2,277,266,0.7506329113924051,0.3243697478991597,0.0015296529112415488,0.24806085758049432,0.1975313969442011,0.021041063859270456,0.2965035994603275,0.20859904274634386
GT_CyOFP_00033_1,Cellpose-SAM cpsam_v2,174,166,0.7493036211699164,0.2589928057553957,0.10710343021631615,0.17941983855752422,0.0613152382019061,0.003828785126975876,0.25417239282574977,2.914246665247023
GT_CyOFP_00033_1,Cellpose-SAM cpsam_v2,17,11,0.7476038338658147,0.28870292887029286,0.003773182868681126,0.27956871722312804,0.2155378844779575,0.012833406655905393,0.2721644801254441,1.2011260154703336
GT_CyOFP_00033_1,Cellpose-SAM cpsam_v2,226,217,0.7417322834645669,0.19444444444444445,0.024633509356062223,0.1380169010049773,0.0996324321271386,0.010166969450686045,0.18230056426723612,1.498619600256817
GT_CyOFP_00033_1,Cellpose-SAM cpsam_v2,137,132,0.7416331994645248,0.29858657243816256,0.029120845950866194,0.24263812353104128,0.17182579025778733,0.018604872459964127,0.27442653487972857,0.17812880806024387
GT_CyOFP_00033_1,Cellpose-SAM cpsam_v2,21,19,0.7379518072289156,0.308,0.09125614223734867,0.16893129603637755,0.06644971698714063,0.017612593185989265,0.28496272811272605,5.926888682105364
GT_CyOFP_00033_1,Cellpose-SAM cpsam_v2,262,252,0.7373949579831933,0.2845303867403315,0.002978142639905389,0.2793457331098692,0.2160225991438309,0.01888812249446653,0.26026801944771566,0.029423152884610698
GT_CyOFP_00033_1,Cellpose-SAM cpsam_v2,38,39,0.7351694915254238,0.2877094972067039,0.007026698085673732,0.3152345538305382,0.24502188676357856,0.02139521245020419,0.26015867893982086,1.9912728146207443
GT_CyOFP_00033_1,Cellpose-SAM cpsam_v2,197,187,0.7340425531914894,0.35379061371841153,0.08971278759907983,0.2646723318500819,0.1383437747824013,0.020547201226349798,0.3259740055599958,0.9994507004920253
GT_CyOFP_00033_1,Cellpose-SAM cpsam_v2,271,260,0.7339667458432304,0.29559748427672955,0.0822547431330795,0.19678077455668347,0.09569507954873954,0.03446874131388711,0.25093986974427207,2.9795783936667664
GT_CyOFP_00033_1,Cellpose-SAM cpsam_v2,231,220,0.7288888888888889,0.364741641337386,0.08667367428609252,0.2376823024461954,0.12200920047224127,0.024443889656057205,0.3313820472475086,6.193463293658903
GT_CyOFP_00033_1,Cellpose-SAM cpsam_v2,256,247,0.7251798561151079,0.2,0.08274940669757562,0.27675306761179486,0.28157557121192645,0.010562877806254959,0.18732454663249404,0.8338580587735144
GT_CyOFP_00033_1,Cellpose-SAM cpsam_v2,2,5,0.725130890052356,0.2881944444444444,0.04423483053564717,0.3136492719304339,0.2724350480095522,0.022698862486587548,0.25895389589401396,2.045936203837361
GT_CyOFP_00033_1,Cellpose-SAM cpsam_v2,88,85,0.7228571428571429,0.19272727272727272,0.042844919633311954,0.2144611155091269,0.2118684837715622,0.015391036530241067,0.17436996370211247,3.6452996380071796
GT_CyOFP_00033_1,Cellpose-SAM cpsam_v2,183,170,0.7223382045929019,0.3305084745762712,0.053038652069514976,0.2534767845579571,0.1599057397454132,0.01118411264310864,0.3156279179239995,7.3291427995495715
GT_CyOFP_00033_1,Cellpose-SAM cpsam_v2,272,263,0.718421052631579,0.39194139194139194,0.1155395569219543,0.23333071298594868,0.09550654566836875,0.020512434976129736,0.36338928464861064,2.1755182010801546
GT_CyOFP_00033_1,Cellpose-SAM cpsam_v2,4,7,0.717948717948718,0.2548076923076923,0.008184260839825092,0.2615173057968768,0.20081614718477922,0.016823208174965087,0.23369780128045245,12.513752593055136
GT_CyOFP_00033_1,Cellpose-SAM cpsam_v2,207,199,0.7169811320754716,0.39473684210526316,0.037137585890799234,0.354185330149673,0.2341243382276426,0.01442390455252396,0.37461929101884817,4.510763812097017
GT_CyOFP_00033_1,Cellpose-SAM cpsam_v2,59,60,0.7163865546218487,0.30140845070422534,0.18718427477543326,0.0929661842475514,0.08620403072465238,0.018113677975752945,0.27783515711324547,2.323587390365627
GT_CyOFP_00033_1,Cellpose-SAM cpsam_v2,220,214,0.7123834886817576,0.40373831775700936,0.07029971181784471,0.2839528346556977,0.1664026256035689,0.028667454449568218,0.36349671347359674,1.8077107410746818
GT_CyOFP_00033_1,Cellpose-SAM cpsam_v2,264,253,0.7100130039011704,0.39090909090909093,0.04940643808886627,0.41074848406632064,0.32617786044245334,0.021440042897841526,0.36108794033300223,0.5828088168230927
GT_CyOFP_00033_1,Cellpose-SAM cpsam_v2,82,74,0.7088235294117647,0.3055555555555556,0.20083729333684905,0.10606108948220667,0.08568803726655919,0.022801216312238755,0.2757873009256883,0.4261781095418218
GT_CyOFP_00033_1,Cellpose-SAM cpsam_v2,51,51,0.7073170731707317,0.3595505617977528,0.01574737469803709,0.30939974945350823,0.22426487776405177,0.018956919257207452,0.33377767157166177,0.5908863394584389
GT_CyOFP_00033_1,Cellpose-SAM cpsam_v2,239,228,0.7033398821218074,0.32439678284182305,0.16745902432631093,0.1284323007570988,0.03458490468859139,0.021573996982550653,0.29582425064509377,3.9182512763381347
GT_CyOFP_00033_1,Cellpose-SAM cpsam_v2,276,265,0.703125,0.31212121212121213,0.010743585414083025,0.26663834475180836,0.2020266956215246,0.01902369671211974,0.28715981613227926,2.0233997526612497
GT_CyOFP_00033_1,Cellpose-SAM cpsam_v2,209,204,0.7004310344827587,0.2672413793103448,0.18671118307954454,0.0801118072953892,0.09869290851572228,0.008943594642180036,0.255907686099996,11.16359439927567
GT_CyOFP_00033_1,Cellpose-SAM cpsam_v2,52,54,0.699438202247191,0.3404255319148936,0.029980563969246688,0.3680215122428089,0.29093261520394464,0.01947713142360055,0.3143178876662376,0.5913103724429024
GT_CyOFP_00033_1,Cellpose-SAM cpsam_v2,290,279,0.6991341991341992,0.2557471264367816,0.016443196287257263,0.24820708500641483,0.212024338327091,0.026211070401735145,0.22283265009897052,3.091591218978068
GT_CyOFP_00033_1,Cellpose-SAM cpsam_v2,6,10,0.6984732824427481,0.09905660377358491,0.14220758662739016,0.3277439634965237,0.3539474198672524,0.009982330070241343,0.08808545798883853,1.8453581464549569
GT_CyOFP_00033_1,Cellpose-SAM cpsam_v2,87,84,0.6941964285714286,0.3867924528301887,0.1227215498692363,0.19947091416079799,0.06398601532181293,0.027663417882459084,0.34842903369130673,4.848891990832284
GT_CyOFP_00033_1,Cellpose-SAM cpsam_v2,136,126,0.6933701657458563,0.403921568627451,0.028048325489355194,0.3810775309992999,0.2962367045336158,0.025813764667643613,0.3676810676430729,0.39717398794577236
GT_CyOFP_00033_1,Cellpose-SAM cpsam_v2,292,282,0.6932515337423313,0.4281524926686217,0.12186197938760544,0.2736360416688631,0.11916596053797758,0.017892660447738715,0.4025990450497104,5.42082776276695
GT_CyOFP_00033_1,Cellpose-SAM cpsam_v2,170,160,0.6931330472103004,0.2288135593220339,0.02610988883837251,0.25322924373073874,0.22289547899277104,0.017821132472673373,0.20691471009713866,1.6077597266684749
GT_CyOFP_00033_1,Cellpose-SAM cpsam_v2,165,156,0.692967409948542,0.3783132530120482,0.07857167837520115,0.2717420017740577,0.15189427032321604,0.02308260119963247,0.34649819786460295,1.3346551714573367
GT_CyOFP_00033_1,Cellpose-SAM cpsam_v2,266,255,0.6918238993710691,0.3805309734513274,0.06868951115594989,0.27167768526115277,0.1596223449210851,0.03384689050189518,0.3338042927584456,2.8103221317654232
GT_CyOFP_00033_1,Cellpose-SAM cpsam_v2,95,93,0.6904024767801857,0.4266666666666667,0.1238203813262668,0.2660525011622351,0.11234298712367735,0.019893619586516777,0.3982851027232361,1.8219685549127318
GT_CyOFP_00033_1,Cellpose-SAM cpsam_v2,194,183,0.6897001303780965,0.4499054820415879,0.048956677120144045,0.3284979811210533,0.21041906572189012,0.02116647509447748,0.4192160937666083,0.5765249210844473
GT_CyOFP_00033_1,Cellpose-SAM cpsam_v2,80,78,0.6876267748478702,0.273224043715847,0.013509771803164856,0.24892469227671363,0.188494087697475,0.01709676688612471,0.2514560290466281,0.7976478468789421
GT_CyOFP_00033_1,Cellpose-SAM cpsam_v2,151,141,0.6868421052631579,0.4372623574144487,0.11623454776733304,0.2675653465522599,0.11938698008472876,0.02064891412138965,0.40758445042629166,0.9994944560509778
GT_CyOFP_00033_1,Cellpose-SAM cpsam_v2,92,88,0.6861702127659575,0.33948339483394835,0.15295467361357631,0.1507893398235811,0.0018816074454835977,0.02790946062599706,0.30209913576665337,8.29144882538635
GT_CyOFP_00033_1,Cellpose-SAM cpsam_v2,236,225,0.6855895196506551,0.35365853658536583,0.011268849029611002,0.30037438920291926,0.22232484934628646,0.02136358451145211,0.3247395380393758,2.797924728255743
GT_CyOFP_00033_1,Cellpose-SAM cpsam_v2,107,99,0.6846986089644513,0.4604966139954853,0.1708675969786069,0.21976141466346097,0.04008473878339909,0.020513008476596428,0.43053743457255556,1.5473883205307761
GT_CyOFP_00033_1,Cellpose-SAM cpsam_v2,63,56,0.6845528455284553,0.4205607476635514,0.08522109468767287,0.3100969014734379,0.17164822429001395,0.017264531245489895,0.3960354322493975,4.4762746398438065
GT_CyOFP_00033_1,Cellpose-SAM cpsam_v2,249,240,0.6834782608695652,0.39603960396039606,0.02664417209097832,0.40514234503051244,0.3072902319459418,0.01726566348984488,0.3719360539399195,5.4640868802465725
GT_CyOFP_00033_1,Cellpose-SAM cpsam_v2,285,273,0.6833333333333333,0.41194029850746267,0.03976529958923847,0.3547278137693611,0.2324913617177304,0.03137883504512356,0.3676352567870345,0.5348862627984825
GT_CyOFP_00033_1,Cellpose-SAM cpsam_v2,238,229,0.683046683046683,0.4377224199288256,0.0790832939444101,0.33807746104955666,0.19355693122728293,0.025099245728238122,0.40163667162203487,0.7647144934658545
GT_CyOFP_00033_1,Cellpose-SAM cpsam_v2,237,226,0.6828644501278772,0.4552238805970149,0.023404045774802075,0.4023789363967278,0.2702371525884892,0.03387681083765218,0.4059255364675957,1.4735580670187096
GT_CyOFP_00033_1,Cellpose-SAM cpsam_v2,205,200,0.6819012797074955,0.2942643391521197,0.00845241036276662,0.23488701330572273,0.18336463215108517,0.01334121237985459,0.2769972837278191,7.7312720456807345
GT_CyOFP_00033_1,Cellpose-SAM cpsam_v2,44,43,0.6818181818181818,0.46035805626598464,0.04535576789815781,0.37102366425185934,0.23753630578755341,0.025837353492355008,0.42262626894083194,1.536397672049964
GT_CyOFP_00033_1,Cellpose-SAM cpsam_v2,5,8,0.6804979253112033,0.3684210526315789,0.0483502560169277,0.30237622663158165,0.19504807091853751,0.025637270735270896,0.3333384716254188,3.0418475893313315
GT_CyOFP_00033_1,Cellpose-SAM cpsam_v2,16,3,0.6797900262467191,0.379182156133829,0.025737763036991258,0.30496451995074736,0.21397268097702374,0.025030222889093103,0.34466091936113924,4.033638161020326
GT_CyOFP_00033_1,Cellpose-SAM cpsam_v2,261,250,0.6790540540540541,0.472636815920398,0.11594078185554459,0.35677237362101305,0.17750331333967725,0.02429427772181571,0.43686016813105744,0.5075500646658426
GT_CyOFP_00033_1,Cellpose-SAM cpsam_v2,43,44,0.6784386617100372,0.473972602739726,0.08093187580254904,0.3103656766547833,0.17509143053712523,0.029080171757945746,0.4311092262855485,0.7885164333994984
GT_CyOFP_00033_1,Cellpose-SAM cpsam_v2,144,134,0.6772388059701493,0.4765840220385675,0.09735432827048376,0.32576482621635905,0.17228583337645406,0.021280745863363384,0.4451612127196618,2.1328872836930253
GT_CyOFP_00033_1,Cellpose-SAM cpsam_v2,189,179,0.6764091858037579,0.4783950617283951,0.1490092503555567,0.30368918886013996,0.11864786471062572,0.025459435971431837,0.44075595731384,6.596529991212169
GT_CyOFP_00033_1,Cellpose-SAM cpsam_v2,212,205,0.6751592356687898,0.42024539877300615,0.06129275311378002,0.35208849965063116,0.21507153312227004,0.02110031438876357,0.39027777434970085,3.186227704050158
GT_CyOFP_00033_1,Cellpose-SAM cpsam_v2,192,181,0.6749633967789166,0.48156182212581344,0.19342093681083333,0.2616315455563402,0.054065395705866034,0.03371241074167,0.431614801439131,0.5402960550680392
GT_CyOFP_00033_1,Cellpose-SAM cpsam_v2,148,137,0.6739864864864865,0.4651741293532338,0.15686452208505078,0.25732801382705733,0.07990237283922086,0.014538387949817582,0.44387285944666033,1.3179657782164658
GT_CyOFP_00033_1,Cellpose-SAM cpsam_v2,71,65,0.6735074626865671,0.29411764705882354,0.22697483071758043,0.04689420512070864,0.17201415837057607,0.014610564999940482,0.27520985705890055,2.2704094429516903
GT_CyOFP_00033_1,Cellpose-SAM cpsam_v2,23,16,0.6729411764705883,0.4517241379310345,0.058998424085429116,0.33627661415569254,0.20750059316532887,0.02569677765861849,0.4144195055369711,2.8418803637849033
GT_CyOFP_00033_1,Cellpose-SAM cpsam_v2,273,264,0.672686230248307,0.25914634146341464,0.06257121273245558,0.3255024708398819,0.292774771914564,0.017578703943366535,0.23701218070545615,5.931542375927705
GT_CyOFP_00033_1,Cellpose-SAM cpsam_v2,164,157,0.672544080604534,0.38848920863309355,0.15191552649382387,0.24369902514892317,0.07379880244266421,0.032882191798618746,0.34283264016450776,5.629934721992397
GT_CyOFP_00033_1,Cellpose-SAM cpsam_v2,241,231,0.6724137931034483,0.45569620253164556,0.056342521938520664,0.35659627607562117,0.22132874712414685,0.027046460917192306,0.4163247720825682,1.1863366286661443
GT_CyOFP_00033_1,Cellpose-SAM cpsam_v2,274,262,0.6721311475409836,0.3968668407310705,0.04101363959534819,0.44891243894719673,0.3381336686560115,0.026703887425474783,0.3595650658678094,0.27177839397094816
GT_CyOFP_00033_1,Cellpose-SAM cpsam_v2,213,203,0.6706443914081146,0.49110320284697506,0.2493461345258686,0.21536408945962413,0.027960382704209717,0.028544881989589398,0.4485398378874094,6.130773587801019
GT_CyOFP_00033_1,Cellpose-SAM cpsam_v2,218,212,0.6697892271662763,0.37666666666666665,0.01721219494205296,0.36407355567613686,0.2795199342671782,0.025863634769440886,0.3410610628007364,1.0646217486512601
GT_CyOFP_00033_1,Cellpose-SAM cpsam_v2,232,221,0.6693121693121693,0.484251968503937,0.058508861684885616,0.38657577177117997,0.2366022230918036,0.018054916080746473,0.45745392376991567,4.690150231127306
GT_CyOFP_00033_1,Cellpose-SAM cpsam_v2,130,124,0.6689342403628118,0.38961038961038963,0.08505051061791376,0.28507926388942784,0.15565479802864932,0.014644278282628438,0.3692605483605033,2.5057879138283243
GT_CyOFP_00033_1,Cellpose-SAM cpsam_v2,46,46,0.6688311688311688,0.47115384615384615,0.05041033698594114,0.4879900825480109,0.3618306505188554,0.028584694637192914,0.42910136269720656,2.7282487797009147
GT_CyOFP_00033_1,Cellpose-SAM cpsam_v2,195,184,0.6658653846153846,0.40625,0.022829227986332367,0.36150093465212213,0.24874878749335846,0.023286027081542444,0.3735040244165809,6.928537703908752
GT_CyOFP_00033_1,Cellpose-SAM cpsam_v2,163,154,0.6658097686375322,0.45454545454545453,0.013929993582234372,0.46455131166416475,0.3267084611072468,0.027626217508113827,0.4143618654427435,1.5284620055961815
GT_CyOFP_00033_1,Cellpose-SAM cpsam_v2,1,4,0.6653696498054474,0.47398843930635837,0.17902488766971827,0.26904858385893454,0.0709379430655613,0.029025049491638578,0.43120585190538824,13.794968631209915
GT_CyOFP_00033_1,Cellpose-SAM cpsam_v2,240,227,0.6651480637813212,0.43666666666666665,0.22425446154812526,0.16392492366408382,0.05183284304465397,0.027136587616675107,0.3976804357907101,10.771950646788982
GT_CyOFP_00033_1,Cellpose-SAM cpsam_v2,228,219,0.6649214659685864,0.4090909090909091,0.028795306321385935,0.37478271484310377,0.2516669760146085,0.017780712401177356,0.3840362688892501,0.46052383874935693
GT_CyOFP_00033_1,Cellpose-SAM cpsam_v2,142,129,0.6634382566585957,0.49818181818181817,0.11461559219093427,0.3081885783795218,0.1479702463297532,0.03978924683265193,0.4385702920179906,1.6065825064835875
GT_CyOFP_00033_1,Cellpose-SAM cpsam_v2,26,26,0.6631130063965884,0.47619047619047616,0.13819359677688525,0.29695492145447133,0.1224108271238471,0.027384466208241715,0.43576578797830984,5.09605266727609
GT_CyOFP_00033_1,Cellpose-SAM cpsam_v2,75,72,0.66270783847981,0.19435736677115986,0.06128176126155714,0.11525285727112913,0.04839359581793119,0.013971201153723597,0.17767075975056837,1.2638043099663903
GT_CyOFP_00033_1,Cellpose-SAM cpsam_v2,41,42,0.6617647058823529,0.4903581267217631,0.04544774870423041,0.3837467915473932,0.24448045329511142,0.02424779684459921,0.45422022563931636,1.474248541494798
GT_CyOFP_00033_1,Cellpose-SAM cpsam_v2,200,189,0.6612903225806451,0.5121951219512195,0.14280851324721913,0.32611954491958983,0.138231151463412,0.032737907887751445,0.4626890173404734,1.7126327140883557
GT_CyOFP_00033_1,Cellpose-SAM cpsam_v2,8,17,0.6597222222222222,0.09649122807017543,0.10647365880925236,0.22766074979042578,0.2721716147206941,0.013499068064089811,0.08168961835077872,86.85707005022931
GT_CyOFP_00033_1,Cellpose-SAM cpsam_v2,298,289,0.6595289079229122,0.4371069182389937,0.056302203231813966,0.37289348076387946,0.23060148654498216,0.028446859434383347,0.3962257397436692,1.992283730063525
GT_CyOFP_00033_1,Cellpose-SAM cpsam_v2,162,152,0.6586433260393874,0.4934210526315789,0.1650750068165696,0.29874293812961156,0.10292100722067771,0.029597942205255644,0.4492188626276774,3.1206362044105753
GT_CyOFP_00033_1,Cellpose-SAM cpsam_v2,186,177,0.6575963718820862,0.45302013422818793,0.11609650860736816,0.3121174529363523,0.14939283361433403,0.029657079004371315,0.40992780131244033,8.007484593402937
GT_CyOFP_00033_1,Cellpose-SAM cpsam_v2,62,59,0.6572769953051644,0.5214285714285715,0.211929531059466,0.26778167316196616,0.04405501616315347,0.03116104131304633,0.4740192728594367,2.645848499318147
GT_CyOFP_00033_1,Cellpose-SAM cpsam_v2,58,55,0.6545012165450121,0.5185185185185185,0.12809262225022336,0.307734714883685,0.1373689102146681,0.021870796132661078,0.48530730957632945,4.1837105648992665
GT_CyOFP_00033_1,Cellpose-SAM cpsam_v2,291,281,0.6543778801843319,0.3933333333333333,0.05133979673050451,0.4468568422007972,0.3443302919821014,0.016956039863572914,0.3697079177900884,0.642676869103418
GT_CyOFP_00033_1,Cellpose-SAM cpsam_v2,14,25,0.6538461538461539,0.5294117647058824,0.1864988811776334,0.33076455135891486,0.10840811023555151,0.03421238701956811,0.47708693749948405,23.999165080433666
GT_CyOFP_00033_1,Cellpose-SAM cpsam_v2,191,182,0.6518771331058021,0.5340314136125655,0.04499363498854073,0.4143509214377274,0.2611496771068134,0.033708314763185886,0.48232179986589807,1.2285976705897352
GT_CyOFP_00033_1,Cellpose-SAM cpsam_v2,34,41,0.6513513513513514,0.4538152610441767,0.037161566412715764,0.34910671653808434,0.23122348017497452,0.025777213067543023,0.41633995529939527,2.1319123457657403
GT_CyOFP_00033_1,Cellpose-SAM cpsam_v2,279,267,0.6506364922206507,0.525974025974026,0.04685190520624586,0.36966485651803044,0.23568754777898102,0.03318142318689657,0.4753400360459695,1.6163927916612393
GT_CyOFP_00033_1,Cellpose-SAM cpsam_v2,106,100,0.6502242152466368,0.3818770226537217,0.20457996385189323,0.13975992407945936,0.05687166077960363,0.014932158968134797,0.3612426152770435,2.1477735406088896
GT_CyOFP_00033_1,Cellpose-SAM cpsam_v2,97,89,0.648870636550308,0.4481707317073171,0.04979112880286697,0.29114413226624175,0.1869295591652863,0.02470626033787883,0.4123918485960596,2.1988014826062368
GT_CyOFP_00033_1,Cellpose-SAM cpsam_v2,180,169,0.6481481481481481,0.5428571428571428,0.09709927633172907,0.4318173591550398,0.23377149374752546,0.029298050411271485,0.49765443650832397,0.4262735543840942
GT_CyOFP_00033_1,Cellpose-SAM cpsam_v2,288,276,0.6460905349794238,0.5396825396825397,0.11269469801710348,0.3645289480912808,0.18455764564500152,0.03506744268443334,0.4856898104699995,0.812792461869754
GT_CyOFP_00033_1,Cellpose-SAM cpsam_v2,115,108,0.6447368421052632,0.5510204081632653,0.15574681168498686,0.34968643325322335,0.1436923546017819,0.02293263511508592,0.5154514230868055,0.44297995086827363
GT_CyOFP_00033_1,Cellpose-SAM cpsam_v2,81,77,0.6445086705202312,0.5066079295154186,0.15464588389139272,0.28299620653031154,0.10003951842229121,0.03333011459706088,0.456392514571829,2.9665388381103113
GT_CyOFP_00033_1,Cellpose-SAM cpsam_v2,101,92,0.6436285097192225,0.5536912751677853,0.16048875804093268,0.3382373451907592,0.13282291649430047,0.04208465501811402,0.4883047138476953,3.651066969259278
GT_CyOFP_00033_1,Cellpose-SAM cpsam_v2,294,284,0.643312101910828,0.5460526315789473,0.13258805977522983,0.34908945516944206,0.1604796439291864,0.023688004456961436,0.5094297299514083,0.683832689981688
GT_CyOFP_00033_1,Cellpose-SAM cpsam_v2,187,178,0.6432616081540203,0.5545774647887324,0.151800972769413,0.3270518856455722,0.13206033220841606,0.029748253564006705,0.5083315001813065,0.507222413306365
GT_CyOFP_00033_1,Cellpose-SAM cpsam_v2,73,69,0.639618138424821,0.5539033457249071,0.1933498714025666,0.28007066782665974,0.06774688195248631,0.03295965660873239,0.5026872250466538,1.971302392296453
GT_CyOFP_00033_1,Cellpose-SAM cpsam_v2,28,28,0.6388888888888888,0.5652173913043478,0.09424761190896783,0.45050558207638375,0.24560951337907735,0.049405523773777466,0.48788700626713094,0.002825998241481583
GT_CyOFP_00033_1,Cellpose-SAM cpsam_v2,150,140,0.6380697050938338,0.444,0.07096604044781199,0.41836109422084833,0.34499475250867867,0.019384621074450326,0.41600860716849375,1.730792669369204
GT_CyOFP_00033_1,Cellpose-SAM cpsam_v2,110,104,0.6377358490566037,0.4245810055865922,0.050827389080325545,0.3703442707036654,0.23316540847014267,0.02370655043388967,0.39080910413049236,3.284902687669712
GT_CyOFP_00033_1,Cellpose-SAM cpsam_v2,263,251,0.6377171215880894,0.5581395348837209,0.14096953532980877,0.35546430954156505,0.15824450168245385,0.03539765696779408,0.5029850461199488,7.289610609105147
GT_CyOFP_00033_1,Cellpose-SAM cpsam_v2,260,249,0.6376306620209059,0.44155844155844154,0.000501110686992375,0.3714384157204367,0.27120395793495683,0.011954695414064683,0.4243250494680366,5.313197422562982
GT_CyOFP_00033_1,Cellpose-SAM cpsam_v2,286,274,0.6369958275382476,0.5698689956331878,0.049129035305992275,0.4226097089890698,0.2625320713918641,0.030174439417481644,0.5224990787310714,1.4657389280465152
GT_CyOFP_00033_1,Cellpose-SAM cpsam_v2,257,248,0.6367521367521367,0.5533333333333333,0.04043252708980622,0.481368925269207,0.29765468321759897,0.0281947360196959,0.5095375100494057,7.317713110417793
GT_CyOFP_00033_1,Cellpose-SAM cpsam_v2,99,94,0.6365638766519823,0.4201954397394137,0.04473055395049871,0.32667229914543866,0.21251800114960534,0.021540293479786476,0.3896040131687723,3.9856797055212376
GT_CyOFP_00033_1,Cellpose-SAM cpsam_v2,199,191,0.636144578313253,0.44244604316546765,0.03747587527990101,0.38629163524090915,0.2516178782975857,0.030990432818740966,0.39774401597008946,9.742043389219557
GT_CyOFP_00033_1,Cellpose-SAM cpsam_v2,78,73,0.6349614395886889,0.5748987854251012,0.30675331036721815,0.20605477786832171,0.08349416158101791,0.02875106623640429,0.5296187661297115,8.009138182385193
GT_CyOFP_00033_1,Cellpose-SAM cpsam_v2,156,148,0.6329704510108864,0.4647887323943662,0.05955934933696895,0.5116694336265919,0.37787942936250707,0.01903749068866528,0.4369028305405466,4.05942400196418
GT_CyOFP_00033_1,Cellpose-SAM cpsam_v2,250,239,0.6329113924050633,0.5393700787401575,0.15564546282371924,0.3494038836164436,0.14358816003511554,0.018426853616303796,0.5110043316378946,0.46061116630775245
GT_CyOFP_00033_1,Cellpose-SAM cpsam_v2,153,139,0.6328358208955224,0.48072562358276644,0.09505900524799785,0.40648123688007476,0.2214194000361418,0.024214962414036915,0.4448699082622084,4.135950301353121
GT_CyOFP_00033_1,Cellpose-SAM cpsam_v2,179,168,0.6324786324786325,0.581081081081081,0.15706773933910154,0.39165218290184867,0.16856542636508204,0.023851979756715592,0.5433691671414091,3.8995477754392245
GT_CyOFP_00033_1,Cellpose-SAM cpsam_v2,37,33,0.6319444444444444,0.5088967971530249,0.2917532458463808,0.14835914078576412,0.12486869304884818,0.017837923857266836,0.48198121097693547,0.5078783776473648
GT_CyOFP_00033_1,Cellpose-SAM cpsam_v2,18,12,0.6312949640287769,0.5621468926553672,0.1204599312315368,0.3098165099080079,0.1445672559813513,0.0209467639976205,0.529424970365299,1.0115179811462773
GT_CyOFP_00033_1,Cellpose-SAM cpsam_v2,188,174,0.6310975609756098,0.4883720930232558,0.2080791015162874,0.2566373454174447,0.03864141399126312,0.015235069893026157,0.46569664015921686,6.083027747030797
GT_CyOFP_00033_1,Cellpose-SAM cpsam_v2,258,246,0.6305147058823529,0.5860058309037901,0.14642811214681367,0.39597795778505646,0.17876345700629379,0.024143309453670745,0.5477144013329537,0.5975155534502399
GT_CyOFP_00033_1,Cellpose-SAM cpsam_v2,120,113,0.6302325581395349,0.5867158671586716,0.08938341146172103,0.4031541952099556,0.22361817740300788,0.038451821244630834,0.525703752268667,1.3287735216960421
GT_CyOFP_00033_1,Cellpose-SAM cpsam_v2,93,87,0.6300813008130082,0.4906832298136646,0.16961693382345924,0.2991590774505346,0.09971230303935401,0.02330923892066388,0.455936538254911,7.331088348658804
GT_CyOFP_00033_1,Cellpose-SAM cpsam_v2,3,6,0.6277777777777778,0.2890625,0.056406048088260455,0.4505344348407729,0.3494853143453163,0.0013010241238677338,0.29073960140967325,1.359894373958763
GT_CyOFP_00033_1,Cellpose-SAM cpsam_v2,118,109,0.62756052141527,0.5934718100890207,0.2514102692663551,0.2800207358248045,0.022351564906496355,0.0271451870712977,0.5502167197113149,1.0913756139415702
GT_CyOFP_00033_1,Cellpose-SAM cpsam_v2,103,97,0.6267409470752089,0.584070796460177,0.23013825647175612,0.27655877221508574,0.03636379049182418,0.027805081987093975,0.5400255780912405,3.9427885840487513
GT_CyOFP_00033_1,Cellpose-SAM cpsam_v2,283,271,0.6265560165975104,0.5960264900662252,0.1134771995006974,0.36044310589645945,0.18153343225112284,0.02962032434470219,0.548751667767727,1.2065548529572052
GT_CyOFP_00033_1,Cellpose-SAM cpsam_v2,25,9,0.625615763546798,0.5984251968503937,0.15570210021805486,0.38493566474300905,0.16551928754574388,0.016042179124225172,0.5727829735258448,4.980807623532732
GT_CyOFP_00033_1,Cellpose-SAM cpsam_v2,267,257,0.625,0.5843373493975904,0.02631836858373548,0.5452949309391748,0.3358430497406886,0.021098338854715716,0.5509104631398178,12.935999187783883
GT_CyOFP_00033_1,Cellpose-SAM cpsam_v2,172,159,0.6243567753001715,0.5052910052910053,0.12584916715650468,0.33786164896281046,0.15847115579602003,0.022010507624075967,0.47215878614259466,5.820902367466214
GT_CyOFP_00033_1,Cellpose-SAM cpsam_v2,90,86,0.6236559139784946,0.5166666666666667,0.12880867086489659,0.33095833446864,0.15188278879101644,0.023185727860148074,0.48150164607877544,6.76289087441881
GT_CyOFP_00033_1,Cellpose-SAM cpsam_v2,201,194,0.6231155778894473,0.5737051792828686,0.005868331433859299,0.5566737599570903,0.3538348513939195,0.028062711512759683,0.5295427448305177,3.025487217269117
GT_CyOFP_00033_1,Cellpose-SAM cpsam_v2,117,112,0.6229885057471264,0.6051660516605166,0.08674505901881416,0.4479984788026352,0.24948466802433752,0.03738080389353491,0.5451636542668351,0.2828085891274176
GT_CyOFP_00033_1,Cellpose-SAM cpsam_v2,233,223,0.6229508196721312,0.5169491525423728,0.1431804355707603,0.3161723610037946,0.13143561630567885,0.01839831130222147,0.48903984980425724,8.362382806669096
GT_CyOFP_00033_1,Cellpose-SAM cpsam_v2,141,130,0.6229116945107399,0.5468164794007491,0.08507648611563005,0.4143182269926454,0.23279183891810765,0.02513728943201611,0.5079337058598402,3.139649234215331
GT_CyOFP_00033_1,Cellpose-SAM cpsam_v2,193,185,0.6212361331220285,0.4357142857142857,0.10375123678280675,0.30895755473923764,0.15677079612968098,0.013744877584712344,0.41598056861052013,10.457321586522253
GT_CyOFP_00033_1,Cellpose-SAM cpsam_v2,89,80,0.6209677419354839,0.6103896103896104,0.12151696097671211,0.41066066682533436,0.20497041751318898,0.035589007680292294,0.5530774421771917,2.4122971693080504
GT_CyOFP_00033_1,Cellpose-SAM cpsam_v2,123,117,0.6191588785046729,0.6150943396226415,0.13666347776657367,0.46286317452367526,0.22298715453228626,0.016251799095890966,0.5888461508941837,1.5405576098024514
GT_CyOFP_00033_1,Cellpose-SAM cpsam_v2,280,268,0.6189710610932476,0.43825665859564167,0.0830261328423496,0.26271610377581006,0.14230433142980153,0.01610944769397596,0.41508713818348253,0.5652493267790506
GT_CyOFP_00033_1,Cellpose-SAM cpsam_v2,12,23,0.6172839506172839,0.3185840707964602,0.03482252935653181,0.3537992582321714,0.2870601274343851,0.022250584041881967,0.2892448051129167,17.215610593227847
GT_CyOFP_00033_1,Cellpose-SAM cpsam_v2,40,35,0.6172566371681416,0.46959459459459457,0.2516994448376345,0.17682837007993876,0.06362106545120925,0.022332846968553727,0.43677436340769976,10.269252999029975
GT_CyOFP_00033_1,Cellpose-SAM cpsam_v2,176,163,0.6168582375478927,0.6130030959752322,0.08610075227244718,0.4359801314486745,0.24365196391906552,0.023142065115307173,0.5756748732969813,2.0603278842228145
GT_CyOFP_00033_1,Cellpose-SAM cpsam_v2,11,22,0.6162162162162163,0.5126050420168067,0.03702591406073214,0.39895546857139597,0.2587141353972216,0.027731260084167257,0.47065859819201594,10.359140631691492
GT_CyOFP_00033_1,Cellpose-SAM cpsam_v2,24,21,0.6157303370786517,0.6240875912408759,0.05242473581751286,0.4329388012194683,0.2655480227614244,0.03801325240844406,0.5623507397016145,1.541688227858418
GT_CyOFP_00033_1,Cellpose-SAM cpsam_v2,184,173,0.615546218487395,0.6067796610169491,0.07841910084688326,0.4893649788022156,0.2759201967309754,0.026716431406946566,0.563852242417313,0.5102592674286996
GT_CyOFP_00033_1,Cellpose-SAM cpsam_v2,33,34,0.6146788990825688,0.6268656716417911,0.22075344992409815,0.29073737533955035,0.05422011228042554,0.026517510209944608,0.5837252445838215,0.8735667551143227
GT_CyOFP_00033_1,Cellpose-SAM cpsam_v2,253,243,0.6146245059288538,0.3681159420289855,0.08213964539122162,0.4903044589557435,0.3841121865448062,0.015167003631147981,0.3473657225684004,3.7236872683840296
GT_CyOFP_00033_1,Cellpose-SAM cpsam_v2,147,133,0.6143790849673203,0.5551724137931034,0.1746370407459896,0.3474210394029647,0.12823311615613084,0.03663338674514987,0.49820118130323243,0.3076869955752989
GT_CyOFP_00033_1,Cellpose-SAM cpsam_v2,74,68,0.6134831460674157,0.33116883116883117,0.058269169947022026,0.24432509353716975,0.14952356466689706,0.03693009958911942,0.28200863366383455,3.169276780313316
GT_CyOFP_00033_1,Cellpose-SAM cpsam_v2,111,105,0.6123348017621145,0.5594405594405595,0.05871099062994749,0.46603245991248027,0.277839325131211,0.02533639421401774,0.5199299586732451,0.47895378733991095
GT_CyOFP_00033_1,Cellpose-SAM cpsam_v2,85,79,0.6114790286975718,0.6353790613718412,0.1668467073404509,0.41742954196903553,0.17678680118412454,0.040616592701602706,0.5689555361233718,2.5896344471713952
GT_CyOFP_00033_1,Cellpose-SAM cpsam_v2,100,95,0.6098765432098765,0.6396761133603239,0.1647613071045695,0.37656409390034157,0.1538633673029,0.026688661002381653,0.5959153534171475,2.97911153995603
GT_CyOFP_00033_1,Cellpose-SAM cpsam_v2,287,275,0.6096997690531177,0.6401515151515151,0.301044810996891,0.29120452574530925,0.007621012051442284,0.007555960509033524,0.6277585950741988,0.07653406935294764
GT_CyOFP_00033_1,Cellpose-SAM cpsam_v2,132,120,0.6095238095238096,0.5736040609137056,0.28245959760472444,0.2562474874008211,0.020865403088794348,0.03242880566760319,0.5225739606245838,0.8333466816315679
GT_CyOFP_00033_1,Cellpose-SAM cpsam_v2,57,58,0.609375,0.6410256410256411,0.03293571187442702,0.47998182769317166,0.30206189525688265,0.04212438502732517,0.5718984450833638,4.517911352479635
GT_CyOFP_00033_1,Cellpose-SAM cpsam_v2,119,111,0.6067708333333334,0.6367521367521367,0.30807038090330174,0.26813983568631766,0.0314874938025849,0.04713439276189095,0.5596048186845973,2.0804825749787974
GT_CyOFP_00033_1,Cellpose-SAM cpsam_v2,48,45,0.6065573770491803,0.6283524904214559,0.05366918519813214,0.49716688942818243,0.2962246275693665,0.022152638538308067,0.5922801862881957,0.881851459379841
GT_CyOFP_00033_1,Cellpose-SAM cpsam_v2,221,210,0.6048192771084338,0.6533864541832669,0.20412676689226156,0.4032161995713641,0.14188079694342035,0.022939662236499743,0.6154583273778989,6.358254666720649
GT_CyOFP_00033_1,Cellpose-SAM cpsam_v2,27,27,0.6044624746450304,0.6543624161073825,0.007358194460763874,0.597647553062708,0.37868536546979287,0.034099252540590576,0.5979498942868753,0.16384921233847055
GT_CyOFP_00033_1,Cellpose-SAM cpsam_v2,86,82,0.6026490066225165,0.6593406593406593,0.11093723277138418,0.443597832359783,0.2304385557607924,0.044398978372139845,0.5856676292945812,0.3585860346899238
GT_CyOFP_00033_1,Cellpose-SAM cpsam_v2,19,14,0.6015037593984962,0.6625,0.4356925816034843,0.20821881554744487,0.1882719943845361,0.021776254829348186,0.6262969763462086,6.373109052402168
GT_CyOFP_00033_1,Cellpose-SAM cpsam_v2,79,75,0.6012793176972282,0.5544217687074829,0.130535461891674,0.36403313389558173,0.17118181824297407,0.026464409181325,0.5132849149800492,7.84896292486863
GT_CyOFP_00033_1,Cellpose-SAM cpsam_v2,224,208,0.6,0.6666666666666666,0.4077830458799508,0.19974489425661998,0.17340198955564992,0.024587564460720746,0.6256873925654655,1.243238188838175
GT_CyOFP_00033_1,Cellpose-SAM cpsam_v2,161,144,0.5979591836734693,0.61,0.28477317095756965,0.2713904163435643,0.010526077939531217,0.01992136749986023,0.5779265983252251,2.940298362579653
GT_CyOFP_00033_1,Cellpose-SAM cpsam_v2,168,155,0.5960099750623441,0.6229508196721312,0.1469534283840997,0.3901219048826177,0.17492600875104636,0.03058673054667313,0.5733100602603174,1.2897644089863536
GT_CyOFP_00033_1,Cellpose-SAM cpsam_v2,39,40,0.5950819672131148,0.6440217391304348,0.14176886461529215,0.3916638542638905,0.17956562490500147,0.027717247213445304,0.5984539821626782,3.3285424460870328
GT_CyOFP_00033_1,Cellpose-SAM cpsam_v2,157,146,0.5925925925925926,0.6875,0.08944514145767628,0.5250605125054204,0.2856380894238096,0.029040255389405745,0.6384945690303778,1.3753724027799197
GT_CyOFP_00033_1,Cellpose-SAM cpsam_v2,177,164,0.5924170616113744,0.6666666666666666,0.13450953952151268,0.4484358333132982,0.21673469170786727,0.02935485289789981,0.6177419118368337,0.44547660018139495
GT_CyOFP_00033_1,Cellpose-SAM cpsam_v2,91,91,0.5916030534351145,0.24797843665768193,0.2572594078284496,0.07091046421016681,0.3532166270279152,0.018457473804698775,0.22494390735424385,23.55292744571162
GT_CyOFP_00033_1,Cellpose-SAM cpsam_v2,154,143,0.5900621118012422,0.6666666666666666,0.1188619448020123,0.4832295214886523,0.24565825545390993,0.03438840354599408,0.6093526607566765,3.2638946882035844
GT_CyOFP_00033_1,Cellpose-SAM cpsam_v2,77,76,0.5889967637540453,0.6978021978021978,0.10504926866981286,0.5181038120940165,0.2720858350618667,0.044087813091980635,0.6229498118383405,0.34577313726419107
GT_CyOFP_00033_1,Cellpose-SAM cpsam_v2,210,202,0.5885608856088561,0.6170212765957447,0.10010572956847674,0.5265213876088443,0.279338148486939,0.02642666486194086,0.5742887972445212,4.2436547947911185
GT_CyOFP_00033_1,Cellpose-SAM cpsam_v2,158,147,0.5877712031558185,0.6744186046511628,0.21391967412626584,0.3720097543165102,0.11522518676917105,0.031064776741623217,0.6224031645256541,3.2856616270604184
GT_CyOFP_00033_1,Cellpose-SAM cpsam_v2,36,37,0.5875,0.7021276595744681,0.17608709343231008,0.4157862555507871,0.16930462573619645,0.02756056803824185,0.6552160544029926,0.8731501712011195
GT_CyOFP_00033_1,Cellpose-SAM cpsam_v2,152,142,0.584070796460177,0.6131386861313869,0.22515676758754755,0.3393928391923598,0.08528944478581457,0.02843918084145368,0.5672623433141514,5.286040854958348
GT_CyOFP_00033_1,Cellpose-SAM cpsam_v2,133,128,0.5836734693877551,0.5866666666666667,0.009111898859063385,0.5327741308205446,0.3416434433696683,0.05237380719188307,0.5035668925888789,4.464673127173546
GT_CyOFP_00033_1,Cellpose-SAM cpsam_v2,66,66,0.5819477434679335,0.611764705882353,0.054656189058370025,0.5412132722833889,0.31569743913777676,0.0430564106590617,0.5423679028201005,1.4250279555590284
GT_CyOFP_00033_1,Cellpose-SAM cpsam_v2,281,269,0.5802469135802469,0.723404255319149,0.12657137936253665,0.49786112153193035,0.24787995150689202,0.0462736318314238,0.6436560813118015,0.4478465330060472
GT_CyOFP_00033_1,Cellpose-SAM cpsam_v2,275,261,0.5802469135802469,0.7069486404833837,0.21693671474647333,0.34349845279784147,0.0942031141069071,0.019680082819045024,0.6733557498708144,2.846823674489216
GT_CyOFP_00033_1,Cellpose-SAM cpsam_v2,64,61,0.5793991416309013,0.725925925925926,0.18393434916411336,0.4410339315927918,0.17841327451915254,0.029469970129327863,0.6750629404434564,1.5813271071036739
GT_CyOFP_00033_1,Cellpose-SAM cpsam_v2,282,270,0.5780487804878048,0.729957805907173,0.2407362358434345,0.4103954745509561,0.12029196191340447,0.0409538489629822,0.6591093752117185,1.7090653368462494
GT_CyOFP_00033_1,Cellpose-SAM cpsam_v2,126,118,0.5778781038374717,0.6477272727272727,0.22661777439418426,0.34635899678346793,0.08893706854958641,0.0357239529466645,0.5888639411674278,6.109747932993675
GT_CyOFP_00033_1,Cellpose-SAM cpsam_v2,244,233,0.5772727272727273,0.599250936329588,0.2424317800121128,0.31315468721204126,0.0538572552713346,0.025096392508683864,0.5591155071115805,15.904980625981283
GT_CyOFP_00033_1,Cellpose-SAM cpsam_v2,214,207,0.5753424657534246,0.7380952380952381,0.0427427154048056,0.6642770304863568,0.3734560434929023,0.028039021155231394,0.6893607489444787,3.0634875162635544
GT_CyOFP_00033_1,Cellpose-SAM cpsam_v2,254,244,0.575,0.7391304347826086,0.08549224291573479,0.5569825726842671,0.30282312598764294,0.048717423335673846,0.6544044811553499,2.69059296394573
GT_CyOFP_00033_1,Cellpose-SAM cpsam_v2,159,150,0.5747747747747748,0.2182741116751269,0.20932782369213823,0.4722447527778373,0.4629478727528026,0.012773326633966556,0.20271269851699505,3.3284479272693446
GT_CyOFP_00033_1,Cellpose-SAM cpsam_v2,217,206,0.5744186046511628,0.7408906882591093,0.13281297957778726,0.5031118621368523,0.24635484017313325,0.043211628669439756,0.6656639662839713,0.877857560223756
GT_CyOFP_00033_1,Cellpose-SAM cpsam_v2,31,30,0.5729442970822282,0.7327188940092166,0.2128303457992111,0.4017352805697285,0.1347650568470661,0.027276755541834334,0.6854559443146097,0.941824574667353
GT_CyOFP_00033_1,Cellpose-SAM cpsam_v2,98,96,0.5711382113821138,0.7508896797153025,0.17696424552209356,0.49724752756401275,0.21391471760385053,0.04275739815640973,0.6760261925517665,6.284109155359325
GT_CyOFP_00033_1,Cellpose-SAM cpsam_v2,219,211,0.5711252653927813,0.7106227106227107,0.12029925481376058,0.521982459839297,0.26392104746591444,0.03606813364966321,0.6489237420718216,7.411482988187301
GT_CyOFP_00033_1,Cellpose-SAM cpsam_v2,84,81,0.5698630136986301,0.7548076923076923,0.20238828396712258,0.4083617304615555,0.14625038584862027,0.05404762061874519,0.6599645118949904,2.312131411348469
GT_CyOFP_00033_1,Cellpose-SAM cpsam_v2,76,71,0.5694980694980695,0.7559322033898305,0.0721472290133643,0.611887653028559,0.3348499028459472,0.0269628030322354,0.7085873492518714,1.8146932286813158
GT_CyOFP_00033_1,Cellpose-SAM cpsam_v2,105,101,0.5690072639225182,0.6024096385542169,0.06159983301860185,0.7170368969575943,0.4534769936253887,0.025176279169313476,0.5620669261503772,0.29495975226068005
GT_CyOFP_00033_1,Cellpose-SAM cpsam_v2,67,64,0.5680628272251309,0.7477064220183486,0.3723703880624509,0.28533912105316667,0.06771074309009867,0.038501459905685875,0.6804171732840995,2.484493273168318
GT_CyOFP_00033_1,Cellpose-SAM cpsam_v2,206,196,0.5679287305122495,0.7607843137254902,0.16325582275787928,0.49611796645430056,0.2224838890781335,0.03760179928474101,0.6945756553770639,0.46264634341001504
GT_CyOFP_00033_1,Cellpose-SAM cpsam_v2,127,119,0.565597667638484,0.7680412371134021,0.2705968481527779,0.3829676559619386,0.08125338819366662,0.04675843706902936,0.6853703921923863,4.519044470540542
GT_CyOFP_00033_1,Cellpose-SAM cpsam_v2,198,188,0.5654761904761905,0.7684210526315789,0.11786761236962119,0.5694923471748319,0.28775211017636293,0.034890488573189576,0.7067199781021489,5.560426321232368
GT_CyOFP_00033_1,Cellpose-SAM cpsam_v2,65,63,0.5632911392405063,0.5376712328767124,0.042678862971753086,0.4444837962671652,0.27816506791821155,0.026157411848579247,0.49744973315064356,0.76498468277791
GT_CyOFP_00033_1,Cellpose-SAM cpsam_v2,69,67,0.5618448637316562,0.7592592592592593,0.18998361328957658,0.4568725516287097,0.18319305833634175,0.04032987069543816,0.688308560813581,2.532766775997676
GT_CyOFP_00033_1,Cellpose-SAM cpsam_v2,104,98,0.56,0.7857142857142857,0.18762336814710534,0.3203108480540531,0.10049715194153698,0.031131203141360524,0.7301228515332848,6.012895609556472
GT_CyOFP_00033_1,Cellpose-SAM cpsam_v2,230,218,0.5598591549295775,0.7177914110429447,0.18336605982575194,0.4154505263881849,0.1639650854874063,0.02523482468531911,0.6744432459393291,6.777117887569369
GT_CyOFP_00033_1,Cellpose-SAM cpsam_v2,190,180,0.5586034912718204,0.7901785714285714,0.35935804828921364,0.33195933910255365,0.02057022942240909,0.03363329112953527,0.7299689743618587,5.595658954285618
GT_CyOFP_00033_1,Cellpose-SAM cpsam_v2,124,121,0.5584905660377358,0.7905405405405406,0.13408820806339664,0.5922700618426368,0.2877538583178624,0.03658436120567456,0.7250347586520016,3.977620841550722
GT_CyOFP_00033_1,Cellpose-SAM cpsam_v2,178,167,0.5582959641255605,0.7911646586345381,0.059525644104382845,0.6473626907143989,0.35683523119920446,0.025521840143223597,0.7454508405466758,3.1918674760128507
GT_CyOFP_00033_1,Cellpose-SAM cpsam_v2,284,272,0.5581854043392505,0.46875,0.07545552087949842,0.35593430743232324,0.20685278410276078,0.04449442405622258,0.40339881466742306,1.0084410483387638
GT_CyOFP_00033_1,Cellpose-SAM cpsam_v2,113,102,0.5551537070524413,0.8013029315960912,0.1346058484786829,0.5462976251594938,0.2662435549161156,0.04084198453584273,0.7277341451194754,1.8024823605756402
GT_CyOFP_00033_1,Cellpose-SAM cpsam_v2,112,107,0.555,0.8018018018018018,0.22524180017665082,0.4535337725639519,0.15705997115196496,0.06316549752333976,0.687990094552541,0.43791569800577473
GT_CyOFP_00033_1,Cellpose-SAM cpsam_v2,109,103,0.5520361990950227,0.8114754098360656,0.34475958662915807,0.3182624626261721,0.020100036794038594,0.03815864966960418,0.7423519542870285,3.33569771988524
GT_CyOFP_00033_1,Cellpose-SAM cpsam_v2,242,230,0.5461254612546126,0.831081081081081,0.21957394481077733,0.48687225401481604,0.1797722087302971,0.03204266215613034,0.7724083686195181,0.5088205353165284
GT_CyOFP_00033_1,Cellpose-SAM cpsam_v2,269,254,0.5445544554455446,0.8363636363636363,0.14014858639543257,0.6039601677234209,0.2891665208783201,0.026913518936114253,0.786940628862772,4.123192235426591
GT_CyOFP_00033_1,Cellpose-SAM cpsam_v2,155,145,0.5422535211267606,0.7634069400630915,0.2680995932991742,0.41910630473437643,0.10640972486093424,0.029126582787945852,0.7120449218345056,0.09332059764984695
GT_CyOFP_00033_1,Cellpose-SAM cpsam_v2,243,234,0.5415162454873647,0.5266272189349113,0.5019080490053737,0.01033828619527593,0.48653977536696863,0.012592996621291,0.5074024075248931,2.58713873376774
GT_CyOFP_00033_1,Cellpose-SAM cpsam_v2,247,237,0.5392405063291139,0.8544600938967136,0.11626211572692614,0.5441454835826879,0.27710042376512184,0.0351486836649723,0.7892782626870232,3.5864879151403657
GT_CyOFP_00033_1,Cellpose-SAM cpsam_v2,9,18,0.5379746835443038,0.8588235294117647,0.21604053263124742,0.5519477214902128,0.21644233514284886,0.035967316659560454,0.7919666349151699,4.842036607013581
GT_CyOFP_00033_1,Cellpose-SAM cpsam_v2,20,15,0.5378973105134475,0.8590909090909091,0.18043752928646184,0.5872609556006556,0.2563053194742275,0.033377016889999944,0.7970400004181365,1.2926116833818482
GT_CyOFP_00033_1,Cellpose-SAM cpsam_v2,268,256,0.5346062052505967,0.8705357142857143,0.15087612478026646,0.6021403945326897,0.2816633743786527,0.04581593635215794,0.7848353690555617,5.354772267939524
GT_CyOFP_00033_1,Cellpose-SAM cpsam_v2,30,29,0.534446764091858,0.87109375,0.20412777860916248,0.4786131969299205,0.18563706782184722,0.04848039822325839,0.7803823798869501,4.9941237304328
GT_CyOFP_00033_1,Cellpose-SAM cpsam_v2,175,165,0.5318275154004107,0.8582375478927203,0.08594561065889181,0.5936658479148073,0.31858638240897835,0.04140281568302288,0.7813012812020457,4.936028389305559
GT_CyOFP_00033_1,Cellpose-SAM cpsam_v2,160,149,0.5311909262759924,0.8825622775800712,0.21328996425434882,0.5277768449627784,0.20584608396528714,0.03908413783997911,0.8089839540307866,1.466449974613877
GT_CyOFP_00033_1,Cellpose-SAM cpsam_v2,56,57,0.5284974093264249,0.8921568627450981,0.09670742341467314,0.730863860647757,0.36638146514640246,0.046783053336604076,0.8036359873140727,6.4672252188571155
GT_CyOFP_00033_1,Cellpose-SAM cpsam_v2,10,20,0.5274725274725275,0.024271844660194174,0.3050027664379132,0.5102627902852147,0.5398170185793719,0.030632169231568075,0.0071038238245672986,2.05269405786681
GT_CyOFP_00033_1,Cellpose-SAM cpsam_v2,22,2,0.5229591836734694,0.8564593301435407,0.222163023502321,0.4717300242567172,0.16957390053956242,0.02803588258082796,0.8044118543475538,2.686454911087372
GT_CyOFP_00033_1,Cellpose-SAM cpsam_v2,83,70,0.5216400911161732,0.8917748917748918,0.4041939953368859,0.5041183945789118,0.0664338655801097,0.009122844911098322,0.8745165228305196,5.93233073126808
GT_CyOFP_00033_1,Cellpose-SAM cpsam_v2,42,38,0.5184381778741866,0.8925619834710744,0.19786181939615194,0.5793056507699382,0.2415262879530799,0.0402859410880055,0.8163183428995598,7.084701722196514
GT_CyOFP_00033_1,Cellpose-SAM cpsam_v2,114,110,0.5172413793103449,0.04778156996587031,0.20118112243102348,0.17905085883946964,0.32248988957503694,0.019823985474049313,0.06665833429098894,16.43228534395228
GT_CyOFP_00033_1,Cellpose-SAM cpsam_v2,252,241,0.5169712793733682,0.9343434343434344,0.23318767258239373,0.48946038649369605,0.17205742175835106,0.03825912711686993,0.8603371430012061,1.7929963084475677
GT_CyOFP_00033_1,Cellpose-SAM cpsam_v2,169,158,0.5149425287356322,0.9419642857142857,0.24216393424625132,0.6080993491166647,0.2275577159280756,0.029144997033877747,0.8853657423672463,5.227858528881318
GT_CyOFP_00033_1,Cellpose-SAM cpsam_v2,50,49,0.5116883116883116,0.9543147208121827,0.5664750960419526,0.33154223785388826,0.17643665481218004,0.024050907036020017,0.9073116791428035,2.2477311974022283
GT_CyOFP_00033_1,Cellpose-SAM cpsam_v2,296,286,0.5110410094637224,0.9567901234567902,0.3186292281131512,0.5138222236432284,0.12894050072822777,0.038416720157567225,0.8816166648768592,2.200033215680548
GT_CyOFP_00033_1,Cellpose-SAM cpsam_v2,295,285,0.5098870056497176,0.12456140350877193,0.2155905424800676,0.10054654214914578,0.28725462533539137,0.0017929077916909461,0.12299182282797583,0.6716936270878411
GT_CyOFP_00033_1,Cellpose-SAM cpsam_v2,125,116,0.5054545454545455,0.9361702127659575,0.2467516321669133,0.5510942469517943,0.1962115554119127,0.028681211290771995,0.880638505798718,3.8289731559432596
GT_CyOFP_00033_1,Cellpose-SAM cpsam_v2,225,213,0.5037220843672456,0.9852216748768473,0.230756597217452,0.6258778066320863,0.24302023670100115,0.03996231498686679,0.9058876209866634,6.35680520476146
GT_CyOFP_00033_1,Cellpose-SAM cpsam_v2,140,131,0.5036764705882353,0.9854014598540146,0.1963807475234619,0.6512175553464037,0.2754554094645167,0.03715691022147587,0.9116300760566318,5.643512514024301
GT_CyOFP_00033_1,Cellpose-SAM cpsam_v2,185,175,0.5032537960954447,0.27960526315789475,0.1803875034590179,0.5567953195996899,0.47352584747509713,0.02167709695151425,0.25186713580875314,7.850525016920863
GT_CyOFP_00033_1,MicroSAM DeepBacs,237,44,0.8186619718309859,0.07276119402985075,0.0660780962780294,0.011170756033747994,0.05552762580528551,0.004954814943414027,0.06816689733791648,1.789948278844866
GT_CyOFP_00033_1,MicroSAM DeepBacs,28,2,0.8098159509202454,0.026755852842809364,0.016863998325849918,0.052424703685827814,0.0731221067931944,0.00406377418513653,0.022800808401756755,1.413787914126794
GT_CyOFP_00033_1,MicroSAM DeepBacs,112,14,0.7521739130434782,0.18468468468468469,0.12923176256692,0.08118212183664274,0.05229506507462024,0.02148217859653143,0.16716993546859374,0.10017610503560738
GT_CyOFP_00033_1,MicroSAM DeepBacs,86,5,0.7398648648648649,0.11355311355311355,0.05814747273316978,0.09839244434580005,0.04463690589130955,0.013181766339066642,0.10186817782397756,1.6712892087985958
GT_CyOFP_00033_1,MicroSAM DeepBacs,57,3,0.7378048780487805,0.17307692307692307,0.14490045391426562,0.07610505992021138,0.07446235606411368,0.01800961670959771,0.1581843554132173,3.1568323688940354
GT_CyOFP_00033_1,MicroSAM DeepBacs,187,29,0.7340764331210191,0.08274647887323944,0.025617182514009223,0.11362650276380293,0.15709369211961793,0.015899396171947827,0.06816270175073096,3.288222706745023
GT_CyOFP_00033_1,MicroSAM DeepBacs,101,11,0.7315436241610739,0.2684563758389262,0.09236322581044935,0.19815256490961544,0.13193200410654357,0.020204831385689525,0.2536756602614754,0.8027503295982708
GT_CyOFP_00033_1,MicroSAM DeepBacs,118,15,0.7238372093023255,0.2403560830860534,0.03585348760062764,0.214950847657504,0.2281352186961421,0.017714204834479462,0.22689959514057345,0.5614623763270326
GT_CyOFP_00033_1,MicroSAM DeepBacs,220,40,0.6958855098389982,0.22803738317757008,0.1119112493952381,0.15403870446074747,0.04979832444775786,0.018734906024214792,0.21357473609719493,4.217556645964111
GT_CyOFP_00033_1,MicroSAM DeepBacs,133,21,0.6739811912225705,0.22,0.16379007512323732,0.08123008116015996,0.08985926973678945,0.03424798688048976,0.193286570233218,6.484051885569713
GT_CyOFP_00033_1,MicroSAM DeepBacs,263,45,0.6716981132075471,0.28294573643410853,0.04121942348008392,0.2520319975551889,0.28184704878556605,0.012411707587979045,0.274045868590015,2.8526748152953165
GT_CyOFP_00033_1,MicroSAM DeepBacs,217,39,0.6589147286821705,0.26720647773279355,0.17402987113545532,0.15685342905506025,0.02037183411793388,0.004646379416084035,0.26380164099469144,3.162159480443917
GT_CyOFP_00033_1,MicroSAM DeepBacs,13,1,0.6495726495726496,0.19626168224299065,0.321674531328928,0.14200546332196187,0.4060225712949729,0.012138841340580579,0.18650523032439317,16.30809276307766
GT_CyOFP_00033_1,MicroSAM DeepBacs,137,23,0.6136363636363636,0.36925795053003535,0.15287375087571042,0.24214051047919782,0.11778800798539994,0.031097621207943214,0.3496433731956966,1.3732130308931818
GT_CyOFP_00033_1,MicroSAM DeepBacs,155,25,0.583596214511041,0.416403785488959,0.12140958654737152,0.33417925406407334,0.3195599848989642,0.014230576888647505,0.408098874686436,0.1338362553329986
GT_CyOFP_00033_1,MicroSAM DeepBacs,235,42,0.5773480662983426,0.42265193370165743,0.16427305465395461,0.3325198376367857,0.252062596717711,0.02395089738654665,0.40882392940942475,3.2906664396449083
GT_CyOFP_00033_1,MicroSAM DeepBacs,64,4,0.5719557195571956,0.4222222222222222,0.2136078871487694,0.28048642171473703,0.09294964901892737,0.03615883963820039,0.4013304482090398,3.2703607959433527
GT_CyOFP_00033_1,MicroSAM DeepBacs,181,31,0.5704809286898839,0.4295190713101161,0.15503395440346368,0.3384074873868847,0.27716990366040295,0.03751550581777214,0.4081171907109227,4.667482966003494
GT_CyOFP_00033_1,MicroSAM DeepBacs,209,37,0.5386819484240688,0.45689655172413796,0.13432855152908288,0.37354298585662904,0.3818529107773698,0.04137203193327804,0.43442725851899555,7.814862015468344
GT_CyOFP_00033_1,MicroSAM DeepBacs,226,41,0.5375722543352601,0.4166666666666667,0.17958212862137576,0.3180906057307884,0.20311859357480988,0.05054757237790178,0.3871805827795573,2.769412229217661
GT_CyOFP_00033_1,MicroSAM DeepBacs,298,57,0.530791788856305,0.3584905660377358,0.15485770377325897,0.24615131293127232,0.12110336029502193,0.0184339060564874,0.3466650413977251,3.1221534409752913
GT_CyOFP_00033_1,MicroSAM DeepBacs,131,19,0.512396694214876,0.4491525423728814,0.22890973667956677,0.30936035563308745,0.11648711395255504,0.017503951608114722,0.43951053513112326,3.4172265877954513
GT_CyOFP_00033_1,MicroSAM DeepBacs,120,18,0.5055350553505535,0.4944649446494465,0.26723865491596754,0.3345908676234407,0.10121924907600764,0.04109624304621978,0.473689353146376,2.264455394813665
GT_CyOFP_00033_1,Omnipose bact_fluor,181,108,0.8374613003095975,0.03150912106135987,0.0846679621769808,0.04927305766243918,0.12765125232302502,0.0013116739074913368,0.030238776845812703,1.096484880996067
GT_CyOFP_00033_1,Omnipose bact_fluor,297,180,0.8327205882352942,0.13948497854077252,0.015464515289032548,0.15588206744298033,0.14823881047922338,0.006345971214691835,0.13225383966737905,1.0745298977446376
GT_CyOFP_00033_1,Omnipose bact_fluor,59,44,0.8155339805825242,0.10704225352112676,0.03804222022714282,0.05669683236941104,0.017653703097074036,0.007753049703655457,0.09845929990553072,1.002422879526144
GT_CyOFP_00033_1,Omnipose bact_fluor,75,54,0.8066298342541437,0.050156739811912224,0.00609767272414922,0.04716734805857816,0.05086581517412607,0.0026243069868714048,0.04740080614231373,0.13584715453330604
GT_CyOFP_00033_1,Omnipose bact_fluor,293,178,0.7869955156950673,0.18956043956043955,0.0942684470970754,0.08124148167039175,0.012048155428293917,0.004018967978244475,0.18477963424565974,4.987516348956848
GT_CyOFP_00033_1,Omnipose bact_fluor,14,22,0.7829457364341085,0.2549019607843137,0.10475583842741873,0.20464855542544286,0.08292270517250167,0.023349417768134314,0.22560073064390987,19.1853268012075
GT_CyOFP_00033_1,Omnipose bact_fluor,271,159,0.7810026385224275,0.12264150943396226,0.0637278479184098,0.08979726441413104,0.02392134514095708,0.01969583554009133,0.10053014689367105,2.4487522886058493
GT_CyOFP_00033_1,Omnipose bact_fluor,74,52,0.779891304347826,0.1266233766233766,0.01989642107165186,0.10264237817295166,0.07504333112827348,0.010682641443963725,0.11458806304852139,6.522176239009288
GT_CyOFP_00033_1,Omnipose bact_fluor,80,57,0.7682403433476395,0.25136612021857924,0.015516265717856848,0.2031575808106685,0.15595738919450772,0.01425614952187598,0.23352645770213334,1.1275051363837978
GT_CyOFP_00033_1,Omnipose bact_fluor,273,164,0.7580246913580246,0.17073170731707318,0.03269549138508452,0.18942895667576917,0.18674881489488016,0.008483311320992509,0.16080002577054536,1.1816559249263705
GT_CyOFP_00033_1,Omnipose bact_fluor,118,73,0.7534562211981567,0.258160237388724,0.07057915392214512,0.17966882091224368,0.09247482433734157,0.014606911283872547,0.23978240242029092,2.119579755655499
GT_CyOFP_00033_1,Omnipose bact_fluor,43,39,0.7525773195876289,0.3287671232876712,0.05920033762279146,0.20771113797024965,0.12296880907884483,0.020828869585378065,0.30109040616737437,1.5720057720557379
GT_CyOFP_00033_1,Omnipose bact_fluor,237,138,0.7467625899280576,0.26492537313432835,0.018124730538752604,0.27405112071739474,0.2293282008116193,0.019262537876279472,0.2405597002236614,2.5521747680399973
GT_CyOFP_00033_1,Omnipose bact_fluor,231,135,0.7451923076923077,0.2066869300911854,0.04804603388788055,0.12422336815303782,0.06775996338726475,0.014576891503329165,0.18909718563276084,0.13926836803029696
GT_CyOFP_00033_1,Omnipose bact_fluor,179,106,0.7387862796833773,0.22635135135135134,0.021249513662430705,0.23216987589755658,0.17117798962702604,0.01716205624226429,0.20530464048668265,1.294990754937516
GT_CyOFP_00033_1,Omnipose bact_fluor,2,5,0.7341389728096677,0.006944444444444444,0.13294967035924857,0.12990763328169339,0.232636098649499,0.010767082430242249,0.01763675546892112,3.2350299569844387
GT_CyOFP_00033_1,Omnipose bact_fluor,16,3,0.7309782608695652,0.3680297397769517,0.08342134769438915,0.23536974209856557,0.12299831315769191,0.019652350411015464,0.34114473995816474,0.747042963081512
GT_CyOFP_00033_1,Omnipose bact_fluor,266,154,0.7260869565217392,0.3421828908554572,0.07554218889839334,0.2060420155723817,0.10820504177215895,0.027135459996501313,0.3057621407126605,4.145406172809713
GT_CyOFP_00033_1,Omnipose bact_fluor,281,166,0.7231182795698925,0.2730496453900709,0.0636382820567302,0.25723841684451204,0.15398840203570177,0.01449493775785804,0.2545968700174786,2.132002380347456
GT_CyOFP_00033_1,Omnipose bact_fluor,32,30,0.7230971128608924,0.3197879858657244,0.1376544217482072,0.16646138657187032,0.024696029508807265,0.005041168911326567,0.31313471170183577,6.2028443707685135
GT_CyOFP_00033_1,Omnipose bact_fluor,220,133,0.7229254571026723,0.2897196261682243,0.0018465679232378364,0.2159051294594929,0.17908609159295844,0.024694455468942028,0.2578707022923925,3.8782619188246796
GT_CyOFP_00033_1,Omnipose bact_fluor,7,11,0.7207446808510638,0.12131147540983607,0.006154500410349411,0.08873982594762844,0.08715978243505763,0.01464732675298694,0.10488725983763432,5.273846107587719
GT_CyOFP_00033_1,Omnipose bact_fluor,145,89,0.7205882352941176,0.05263157894736842,0.09420741760313174,0.004024754448129774,0.08982115506163145,0.001429591981712269,0.05112674528240814,10.703319341157831
GT_CyOFP_00033_1,Omnipose bact_fluor,264,152,0.7183288409703504,0.3181818181818182,0.03777969293976304,0.2675122975659798,0.18124684475833122,0.016435768206058788,0.2965164873647407,1.8252287034793329
GT_CyOFP_00033_1,Omnipose bact_fluor,168,99,0.7142857142857143,0.36065573770491804,0.021733458149058353,0.35248292607041803,0.2766884350301902,0.014858320696324192,0.3404386783968048,2.3523070799180332
GT_CyOFP_00033_1,Omnipose bact_fluor,119,71,0.7112462006079028,0.405982905982906,0.22791003671662297,0.15671649096360385,0.061547964699380404,0.03186461395734204,0.36118180345313877,2.909042012593124
GT_CyOFP_00033_1,Omnipose bact_fluor,274,162,0.7096774193548387,0.3524804177545692,0.0008931507519686925,0.3535395154326271,0.26185616462871397,0.021998642066909525,0.32272768514188216,1.6797357984593784
GT_CyOFP_00033_1,Omnipose bact_fluor,187,112,0.6973848069738481,0.3996478873239437,0.1224707000884979,0.20398852282646138,0.06770647825329239,0.020416438171063728,0.3710720627711344,2.350047911089845
GT_CyOFP_00033_1,Omnipose bact_fluor,189,110,0.6943820224719102,0.3271604938271605,0.1653583698497315,0.15714410898005465,0.007098736281790498,0.01808190496209075,0.30316290390833633,7.491239614517487
GT_CyOFP_00033_1,Omnipose bact_fluor,23,13,0.6908212560386473,0.41379310344827586,0.11462704180113532,0.2515145814647463,0.10937750282014358,0.020422038249551994,0.38492056661270235,0.869805980787878
GT_CyOFP_00033_1,Omnipose bact_fluor,275,163,0.681912681912682,0.44410876132930516,0.18945525677982775,0.20455202315065,0.012533096189017153,0.014120489275811993,0.42371723905184855,3.8581341965059615
GT_CyOFP_00033_1,Omnipose bact_fluor,201,123,0.6772151898734177,0.11155378486055777,0.09203735422653371,0.2662148298095653,0.2829315970734437,0.01536084644437418,0.09447937785665181,9.68223918731375
GT_CyOFP_00033_1,Omnipose bact_fluor,147,87,0.6744186046511628,0.4827586206896552,0.21427882853675964,0.2196100661165092,0.004371264003031091,0.030660848354692346,0.4372959834740769,0.8572435571297211
GT_CyOFP_00033_1,Omnipose bact_fluor,65,49,0.6697892271662763,0.4417808219178082,0.0035908578027883083,0.4192930234668551,0.2979538927322284,0.01989055165447596,0.41310300600501926,3.2505390341623905
GT_CyOFP_00033_1,Omnipose bact_fluor,228,134,0.6695205479452054,0.4621212121212121,0.14440386743344794,0.2850795702767427,0.1094684765807927,0.021698863595685583,0.4303948433790355,2.3060657409040957
GT_CyOFP_00033_1,Omnipose bact_fluor,44,35,0.6649395509499136,0.46547314578005117,0.06866491056916263,0.32684894106911266,0.19458434378514672,0.023637913472117196,0.4308324183643909,1.6151338679777123
GT_CyOFP_00033_1,Omnipose bact_fluor,28,26,0.661504424778761,0.5117056856187291,0.13514161721832077,0.3259621627490969,0.14391100356525316,0.04204911989192556,0.44813979200284165,0.914108885938854
GT_CyOFP_00033_1,Omnipose bact_fluor,133,84,0.6606334841628959,0.44666666666666666,0.01455076499322868,0.3967096639358286,0.27361369997663176,0.03959356419569083,0.38938797713023393,4.5885193979422265
GT_CyOFP_00033_1,Omnipose bact_fluor,283,168,0.657051282051282,0.282560706401766,0.034916976063102956,0.2218832998964503,0.1530148778113196,0.010412887932075074,0.2692055454999214,3.9383763902064257
GT_CyOFP_00033_1,Omnipose bact_fluor,280,165,0.6475409836065574,0.43341404358353514,0.18330835408677573,0.1464732244945704,0.032129079689972105,0.015876774373151967,0.4106560522302519,3.580803356067846
GT_CyOFP_00033_1,Omnipose bact_fluor,93,61,0.642,0.5496894409937888,0.23630621050496756,0.2558183639575746,0.015537400959097772,0.024229797536755675,0.5121407795936612,8.379720207718362
GT_CyOFP_00033_1,Omnipose bact_fluor,250,142,0.6365914786967418,0.5708661417322834,0.24816277329603645,0.2567508965871141,0.006833592332736781,0.019900939554422844,0.5396044295975798,7.874088916309445
GT_CyOFP_00033_1,Omnipose bact_fluor,124,80,0.6324786324786325,0.581081081081081,0.10699108021796101,0.478912192709597,0.2514828901438826,0.02852881052304625,0.5359747184973458,5.369050965643621
GT_CyOFP_00033_1,Omnipose bact_fluor,18,10,0.6320541760722348,0.0423728813559322,0.15792295163967182,0.17040268307413184,0.2805236517840484,0.003996733300837312,0.03820679494912721,0.031220944503822363
GT_CyOFP_00033_1,Omnipose bact_fluor,296,179,0.6211453744493393,0.2716049382716049,0.061372296453761306,0.2134987531998285,0.1253618566520408,0.00984559232257218,0.25908523445401316,3.3348174315959382
GT_CyOFP_00033_1,Omnipose bact_fluor,217,129,0.6206030150753769,0.611336032388664,0.13606038673160337,0.3510000132122629,0.15909668717885433,0.0349851413057695,0.5549632136044685,1.822521136971594
GT_CyOFP_00033_1,Omnipose bact_fluor,57,42,0.616600790513834,0.6217948717948718,0.04863136668620985,0.44465864498089147,0.27413207934661954,0.04524450983231737,0.5484175577719468,5.266760779844273
GT_CyOFP_00033_1,Omnipose bact_fluor,243,146,0.6145251396648045,0.28994082840236685,0.30602458264067645,0.0379127334168069,0.3313740211330122,0.002542904051175626,0.2881352160583368,1.0450416631892363
GT_CyOFP_00033_1,Omnipose bact_fluor,138,82,0.6120826709062003,0.4142857142857143,0.12281910266720307,0.3232018022209533,0.15143774684814817,0.015739689786016916,0.3920252958740618,1.3973641820009606
GT_CyOFP_00033_1,Omnipose bact_fluor,12,20,0.6086956521739131,0.035398230088495575,0.18340951011540693,0.20979561815105524,0.3250178148829818,0.006489870586630219,0.029138089434135452,34.89528571571875
GT_CyOFP_00033_1,Omnipose bact_fluor,172,104,0.6080402010050251,0.30687830687830686,0.22834702744506927,0.04285955352803835,0.19379337128708893,0.006225839411567243,0.30256304252425764,10.075963572861514
GT_CyOFP_00033_1,Omnipose bact_fluor,287,171,0.6075949367088608,0.07575757575757576,0.12007975846071524,0.1134124917914975,0.20970866769827604,0.00017020674821461093,0.07591488805516805,19.06885312722597
GT_CyOFP_00033_1,Omnipose bact_fluor,3,6,0.6048780487804878,0.5703125,0.1077483594579121,0.4824826910841114,0.2527748444416326,0.012518138246416323,0.5506551110349244,11.383869201910791
GT_CyOFP_00033_1,Omnipose bact_fluor,42,33,0.6040100250626567,0.6446280991735537,0.10039300243879475,0.5026994902019415,0.2677225156368973,0.03158473816732223,0.5926829512785362,6.441090016790597
GT_CyOFP_00033_1,Omnipose bact_fluor,121,79,0.6003316749585407,0.0273109243697479,0.17047345135299374,0.26157239163451296,0.3424661524399257,0.020580197962602614,0.006168662177074207,6.573021236133397
GT_CyOFP_00033_1,Omnipose bact_fluor,245,141,0.597254004576659,0.5567765567765568,0.22193702451735486,0.2788247009918182,0.04448434287384589,0.01305785490779166,0.536448394374317,4.528120432090829
GT_CyOFP_00033_1,Omnipose bact_fluor,1,4,0.5945017182130584,0.6820809248554913,0.26158893014147033,0.3351356711925984,0.05508559365014428,0.036610274788704315,0.6204994799796939,5.241604466524853
GT_CyOFP_00033_1,Omnipose bact_fluor,13,21,0.5944444444444444,0.6822429906542056,0.07682445677577862,0.576981140253602,0.3171608529176136,0.04748047225666584,0.602369299007478,6.7873382723734315
GT_CyOFP_00033_1,Omnipose bact_fluor,134,85,0.5877659574468085,0.03618421052631579,0.21965246097331645,0.23219277907229696,0.36670012007845254,0.007763120409095811,0.028701992500443838,2.4248202264804313
GT_CyOFP_00033_1,Omnipose bact_fluor,4,7,0.5851063829787234,0.14903846153846154,0.0969294085772964,0.36120440084600586,0.33656503691772244,0.014750075824899386,0.13209005710504348,34.10369553487512
GT_CyOFP_00033_1,Omnipose bact_fluor,260,151,0.5828460038986355,0.10909090909090909,0.1730298686255538,0.29130764268283427,0.3595870542078382,0.004994964960714521,0.10355103886175299,8.367425299768344
GT_CyOFP_00033_1,Omnipose bact_fluor,155,93,0.5808823529411765,0.7129337539432177,0.3392792682630912,0.27856884837078394,0.047483105794160055,0.03205411884551027,0.6580271718198357,0.704180545843793
GT_CyOFP_00033_1,Omnipose bact_fluor,140,88,0.5772727272727273,0.5328467153284672,0.021908932935890833,0.5306198527420468,0.3323561489776968,0.022709998857487958,0.4980357681746535,2.8246801378671282
GT_CyOFP_00033_1,Omnipose bact_fluor,66,48,0.5756207674943566,0.7372549019607844,0.24466860198068507,0.40156313933346854,0.1119425396899327,0.046355429171732465,0.6567237053996962,0.2047258663095771
GT_CyOFP_00033_1,Omnipose bact_fluor,267,156,0.5683760683760684,0.21084337349397592,0.14087040084443495,0.4013006477051133,0.3869055862048253,0.011216752073643347,0.19726164357348006,28.651913449866324
GT_CyOFP_00033_1,Omnipose bact_fluor,210,130,0.5573033707865168,0.10638297872340426,0.053034193257084083,0.27450402343368563,0.2569926894450577,0.016101545990105763,0.08856850230881916,5.922862099156996
GT_CyOFP_00033_1,Omnipose bact_fluor,268,155,0.5572139303482587,0.7946428571428571,0.1784662904921373,0.4997390246671005,0.21421909338278144,0.04370892877640037,0.7162009403209243,1.385578198251376
GT_CyOFP_00033_1,Omnipose bact_fluor,161,95,0.5558441558441558,0.0033333333333333335,0.03201942335706302,0.03227030745045699,0.0002430410829249719,0.0013358824111592122,0.0046647628031220145,3.962828803573549
GT_CyOFP_00033_1,Omnipose bact_fluor,193,121,0.552158273381295,0.05476190476190476,0.030697742536743032,0.07657225217575861,0.09964031164253799,0.0028689786829371473,0.051735815341568674,7.071462181087786
GT_CyOFP_00033_1,Omnipose bact_fluor,54,37,0.5473186119873817,0.7478991596638656,0.6081859750231777,0.20032533395993474,0.3397917460574542,0.01513849201679713,0.7214386021891277,17.40577199607508
GT_CyOFP_00033_1,Omnipose bact_fluor,64,41,0.5434343434343434,0.8296296296296296,0.2836096849706191,0.4121208139865419,0.09100576079827362,0.033451504495962084,0.7684257658481286,2.13898741481983
GT_CyOFP_00033_1,Omnipose bact_fluor,10,17,0.5430711610486891,0.0,0.2922851720415254,0.4292357623517562,0.5048298911902713,0.02931730245586526,0.02931730245586526,3.3603416113481153
GT_CyOFP_00033_1,Omnipose bact_fluor,251,148,0.5317725752508361,0.5730337078651685,0.21938174169843835,0.3939925239737036,0.12525948258138514,0.026052664369883172,0.5320519886316445,6.1445908920898775
GT_CyOFP_00033_1,Omnipose bact_fluor,298,181,0.5278514588859416,0.18867924528301888,0.24248578684067457,0.07893209179521213,0.29790371523854325,0.002920118386679797,0.19104839793636286,7.378373791437367
GT_CyOFP_00033_1,Omnipose bact_fluor,232,136,0.5242424242424243,0.01968503937007874,0.19745998004539048,0.25979564088182233,0.3629601548765056,0.007296956332852305,0.026838354830237103,10.178689032182614
GT_CyOFP_00033_1,Omnipose bact_fluor,52,29,0.5126903553299492,0.8820116054158608,0.4470463784719364,0.2978183051389121,0.11498379452819617,0.0015260548947534259,0.8791395523934331,4.568306751905695
GT_CyOFP_00033_1,Omnipose bact_fluor,177,111,0.5110132158590308,0.18518518518518517,0.3742107781953707,0.2867507540238414,0.5136671030907091,0.00833673033994703,0.19197807657329016,7.760477932943664
GT_CyOFP_00033_1,Omnipose bact_fluor,30,24,0.5069860279441117,0.94921875,0.2971730174772011,0.4510000845587709,0.1060145128305396,0.0516096065406234,0.8486203372508943,6.023756269475782
